kode_aturan,BARIS_ASLI,TGL,KODE,NAMA_BARANG,QTY,SATUAN_K,HARGA,JUMLAH,PELANGGAN,SKOR_ANOMALI,kategori,tingkat,deskripsi,tindakan,saran
A01,41,2020-04-02,MIT-010,MITRAKU FISH ROLL 250 GR X 25 PACK,13.0,PACK,13000.0,155480.0,RAISYA FROZEN,1,aritmetika,info,Diskon wajar: JUMLAH = 80%-100% dari QTY x HARGA,perbaiki,Sah. Pakai JUMLAH (bukan QTY x HARGA) sebagai nilai omzet.
A01,42,2020-04-02,MIT-009,MITRAKU FISH ROLL 500 GR X 20 PACK,6.0,PACK,23400.0,129168.0,RAISYA FROZEN,1,aritmetika,info,Diskon wajar: JUMLAH = 80%-100% dari QTY x HARGA,perbaiki,Sah. Pakai JUMLAH (bukan QTY x HARGA) sebagai nilai omzet.
A01,43,2020-04-02,MIT-011,MITRAKU FISH ROLL 1000 GR X 10 PACK,4.0,PACK,46000.0,169280.0,RAISYA FROZEN,1,aritmetika,info,Diskon wajar: JUMLAH = 80%-100% dari QTY x HARGA,perbaiki,Sah. Pakai JUMLAH (bukan QTY x HARGA) sebagai nilai omzet.
A01,50,2020-04-02,MIT-016,MITRAKU FISH CAKE SINGAPORE 1000 GR X 10,6.0,PACK,52000.0,287040.0,RAISYA FROZEN,1,aritmetika,info,Diskon wajar: JUMLAH = 80%-100% dari QTY x HARGA,perbaiki,Sah. Pakai JUMLAH (bukan QTY x HARGA) sebagai nilai omzet.
A01,57,2020-04-02,MIT-004,MITRAKU BAKSO PILUS IKAN 400GR X 23 PACK,10.0,PACK,14900.0,141550.0,MAJU JAYA,1,aritmetika,info,Diskon wajar: JUMLAH = 80%-100% dari QTY x HARGA,perbaiki,Sah. Pakai JUMLAH (bukan QTY x HARGA) sebagai nilai omzet.
A01,58,2020-04-02,MIT-009,MITRAKU FISH ROLL 500 GR X 20 PACK,10.0,PACK,23400.0,222300.0,MAJU JAYA,1,aritmetika,info,Diskon wajar: JUMLAH = 80%-100% dari QTY x HARGA,perbaiki,Sah. Pakai JUMLAH (bukan QTY x HARGA) sebagai nilai omzet.
A01,59,2020-04-02,MIT-010,MITRAKU FISH ROLL 250 GR X 25 PACK,5.0,PACK,13000.0,61750.0,MAJU JAYA,1,aritmetika,info,Diskon wajar: JUMLAH = 80%-100% dari QTY x HARGA,perbaiki,Sah. Pakai JUMLAH (bukan QTY x HARGA) sebagai nilai omzet.
A01,395,2020-04-11,MIT-016,MITRAKU FISH CAKE SINGAPORE 1000 GR X 10,5.0,DUS,520000.0,2340000.0,PAK SUPRI,1,aritmetika,info,Diskon wajar: JUMLAH = 80%-100% dari QTY x HARGA,perbaiki,Sah. Pakai JUMLAH (bukan QTY x HARGA) sebagai nilai omzet.
A01,427,2020-04-13,MANTUL-001,MANTUL BAKSO IKAN 500 GR X 20 PACK,1.0,DUS,334000.0,317300.0,RAISYA FROZEN,1,aritmetika,info,Diskon wajar: JUMLAH = 80%-100% dari QTY x HARGA,perbaiki,Sah. Pakai JUMLAH (bukan QTY x HARGA) sebagai nilai omzet.
A01,428,2020-04-13,MANTUL-002,MANTUL BAKSO IKAN RASA UDANG 500 GR X 20,1.0,DUS,334000.0,317300.0,RAISYA FROZEN,1,aritmetika,info,Diskon wajar: JUMLAH = 80%-100% dari QTY x HARGA,perbaiki,Sah. Pakai JUMLAH (bukan QTY x HARGA) sebagai nilai omzet.
A01,429,2020-04-13,MANTUL-003,MANTUL OTAK OTAK TEMPURA 500 GR X 20 PAK,1.0,DUS,354000.0,336300.0,RAISYA FROZEN,2,aritmetika,info,Diskon wajar: JUMLAH = 80%-100% dari QTY x HARGA,perbaiki,Sah. Pakai JUMLAH (bukan QTY x HARGA) sebagai nilai omzet.
A01,545,2020-04-17,MIT-009,MITRAKU FISH ROLL 500 GR X 20 PACK,1.0,DUS,468000.0,430560.0,RAISYA FROZEN,1,aritmetika,info,Diskon wajar: JUMLAH = 80%-100% dari QTY x HARGA,perbaiki,Sah. Pakai JUMLAH (bukan QTY x HARGA) sebagai nilai omzet.
A01,571,2020-04-18,MIT-014,MITRAKU SCALLOP 400 GR X 23 PACK,23.0,PACK,20500.0,424350.0,PT. DINAMIKA BUAH N.,1,aritmetika,info,Diskon wajar: JUMLAH = 80%-100% dari QTY x HARGA,perbaiki,Sah. Pakai JUMLAH (bukan QTY x HARGA) sebagai nilai omzet.
A01,630,2020-04-18,MIT-010,MITRAKU FISH ROLL 250 GR X 25 PACK,10.0,PACK,13000.0,119600.0,RAISYA FROZEN,1,aritmetika,info,Diskon wajar: JUMLAH = 80%-100% dari QTY x HARGA,perbaiki,Sah. Pakai JUMLAH (bukan QTY x HARGA) sebagai nilai omzet.
A01,631,2020-04-18,MIT-011,MITRAKU FISH ROLL 1000 GR X 10 PACK,10.0,PACK,46000.0,423200.0,RAISYA FROZEN,1,aritmetika,info,Diskon wajar: JUMLAH = 80%-100% dari QTY x HARGA,perbaiki,Sah. Pakai JUMLAH (bukan QTY x HARGA) sebagai nilai omzet.
A01,632,2020-04-18,MIT-018,MITRAKU BAKSO IKAN ISI TUNA 500 GR X 20,20.0,PACK,28000.0,532000.0,RAISYA FROZEN,1,aritmetika,info,Diskon wajar: JUMLAH = 80%-100% dari QTY x HARGA,perbaiki,Sah. Pakai JUMLAH (bukan QTY x HARGA) sebagai nilai omzet.
A01,633,2020-04-18,MIT-022,MITRAKU FISH TOFU 1000 GR X 10 PACK,10.0,PACK,49500.0,470250.0,RAISYA FROZEN,1,aritmetika,info,Diskon wajar: JUMLAH = 80%-100% dari QTY x HARGA,perbaiki,Sah. Pakai JUMLAH (bukan QTY x HARGA) sebagai nilai omzet.
A01,634,2020-04-18,MIT-021,MITRAKU BAKSO IKAN 200 GR X 40 PACK,20.0,PACK,9900.0,188100.0,RAISYA FROZEN,1,aritmetika,info,Diskon wajar: JUMLAH = 80%-100% dari QTY x HARGA,perbaiki,Sah. Pakai JUMLAH (bukan QTY x HARGA) sebagai nilai omzet.
A01,635,2020-04-18,MIT-006,MITRAKU DUMPLING 500 GR X 20 PACK,20.0,PACK,33600.0,638400.0,RAISYA FROZEN,1,aritmetika,info,Diskon wajar: JUMLAH = 80%-100% dari QTY x HARGA,perbaiki,Sah. Pakai JUMLAH (bukan QTY x HARGA) sebagai nilai omzet.
A01,636,2020-04-18,MIT-019,MITRAKU BAKSO IKAN ISI AYAM 500 GR X 20,11.0,PACK,28000.0,292600.0,RAISYA FROZEN,1,aritmetika,info,Diskon wajar: JUMLAH = 80%-100% dari QTY x HARGA,perbaiki,Sah. Pakai JUMLAH (bukan QTY x HARGA) sebagai nilai omzet.
A01,672,2020-04-20,OKEY-003,OKEY STICK 500 GR X 10 PACK,25.0,DUS,185000.0,4500000.0,HITE,2,aritmetika,info,Diskon wajar: JUMLAH = 80%-100% dari QTY x HARGA,perbaiki,Sah. Pakai JUMLAH (bukan QTY x HARGA) sebagai nilai omzet.
A01,673,2020-04-20,OKEY-004,OKEY STICK 1000 GR X 5 PACK,8.0,DUS,185000.0,1440000.0,HITE,1,aritmetika,info,Diskon wajar: JUMLAH = 80%-100% dari QTY x HARGA,perbaiki,Sah. Pakai JUMLAH (bukan QTY x HARGA) sebagai nilai omzet.
A01,821,2020-04-24,MIT-010,MITRAKU FISH ROLL 250 GR X 25 PACK,2.0,DUS,325000.0,624000.0,ADEK FROZEN,1,aritmetika,info,Diskon wajar: JUMLAH = 80%-100% dari QTY x HARGA,perbaiki,Sah. Pakai JUMLAH (bukan QTY x HARGA) sebagai nilai omzet.
A01,824,2020-04-24,BF-011,BF SAMOSA 144 GR X 40 PACK,1.0,DUS,544000.0,489600.0,ADEK FROZEN,1,aritmetika,info,Diskon wajar: JUMLAH = 80%-100% dari QTY x HARGA,perbaiki,Sah. Pakai JUMLAH (bukan QTY x HARGA) sebagai nilai omzet.
A01,825,2020-04-24,BF-004,BF DIMSUM SIOMAY REG-NEW 200 GR X 48 PAK,2.0,DUS,825600.0,1486080.0,ADEK FROZEN,1,aritmetika,info,Diskon wajar: JUMLAH = 80%-100% dari QTY x HARGA,perbaiki,Sah. Pakai JUMLAH (bukan QTY x HARGA) sebagai nilai omzet.
A01,826,2020-04-24,BF-007,BF LUMPIA AYAM 210 GR X 32 PACK,1.0,DUS,681600.0,613440.0,ADEK FROZEN,1,aritmetika,info,Diskon wajar: JUMLAH = 80%-100% dari QTY x HARGA,perbaiki,Sah. Pakai JUMLAH (bukan QTY x HARGA) sebagai nilai omzet.
A01,830,2020-04-24,BF-004,BF DIMSUM SIOMAY REG-NEW 200 GR X 48 PAK,4.0,PACK,17200.0,61920.0,ADEK FROZEN,1,aritmetika,info,Diskon wajar: JUMLAH = 80%-100% dari QTY x HARGA,perbaiki,Sah. Pakai JUMLAH (bukan QTY x HARGA) sebagai nilai omzet.
A01,1162,2020-05-05,MIT-016,MITRAKU FISH CAKE SINGAPORE 1000 GR X 10,13.0,PACK,52000.0,621920.0,PAK ERWIN,3,aritmetika,info,Diskon wajar: JUMLAH = 80%-100% dari QTY x HARGA,perbaiki,Sah. Pakai JUMLAH (bukan QTY x HARGA) sebagai nilai omzet.
A01,1163,2020-05-05,MIT-014,MITRAKU SCALLOP 400 GR X 23 PACK,3.0,PACK,18700.0,47685.0,PAK ERWIN,3,aritmetika,info,Diskon wajar: JUMLAH = 80%-100% dari QTY x HARGA,perbaiki,Sah. Pakai JUMLAH (bukan QTY x HARGA) sebagai nilai omzet.
A01,1165,2020-05-05,MIT-011,MITRAKU FISH ROLL 1000 GR X 10 PACK,11.0,PACK,46000.0,465520.0,PAK ERWIN,3,aritmetika,info,Diskon wajar: JUMLAH = 80%-100% dari QTY x HARGA,perbaiki,Sah. Pakai JUMLAH (bukan QTY x HARGA) sebagai nilai omzet.
A01,1166,2020-05-05,MIT-004,MITRAKU BAKSO PILUS IKAN 400GR X 23 PACK,11.0,PACK,14900.0,150788.0,PAK ERWIN,3,aritmetika,info,Diskon wajar: JUMLAH = 80%-100% dari QTY x HARGA,perbaiki,Sah. Pakai JUMLAH (bukan QTY x HARGA) sebagai nilai omzet.
A01,1167,2020-05-05,MIT-005,MITRAKU CHILI&CELERY FISHCAKE 500GR X 20,18.0,PACK,28900.0,468180.0,PAK ERWIN,3,aritmetika,info,Diskon wajar: JUMLAH = 80%-100% dari QTY x HARGA,perbaiki,Sah. Pakai JUMLAH (bukan QTY x HARGA) sebagai nilai omzet.
A01,1168,2020-05-05,MIT-007,MITRAKU FISH CAKE 1000 GR X 10 PACK,4.0,PACK,57800.0,208080.0,PAK ERWIN,3,aritmetika,info,Diskon wajar: JUMLAH = 80%-100% dari QTY x HARGA,perbaiki,Sah. Pakai JUMLAH (bukan QTY x HARGA) sebagai nilai omzet.
A01,1170,2020-05-05,MIT-012,MITRAKU FISH TOFU 500 GR X 20 PACK,3.0,PACK,24900.0,68724.0,PAK ERWIN,3,aritmetika,info,Diskon wajar: JUMLAH = 80%-100% dari QTY x HARGA,perbaiki,Sah. Pakai JUMLAH (bukan QTY x HARGA) sebagai nilai omzet.
A01,1171,2020-05-05,MIT-013,MITRAKU SCALLOP 200 GR X 40 PACK,25.0,PACK,9900.0,210375.0,PAK ERWIN,3,aritmetika,info,Diskon wajar: JUMLAH = 80%-100% dari QTY x HARGA,perbaiki,Sah. Pakai JUMLAH (bukan QTY x HARGA) sebagai nilai omzet.
A01,1173,2020-05-05,MIT-001,MITRAKU BAKSO COIN 500 GR X 20 PACK,1.0,PACK,16400.0,15088.0,PAK ERWIN,3,aritmetika,info,Diskon wajar: JUMLAH = 80%-100% dari QTY x HARGA,perbaiki,Sah. Pakai JUMLAH (bukan QTY x HARGA) sebagai nilai omzet.
A01,1174,2020-05-05,MIT-010,MITRAKU FISH ROLL 250 GR X 25 PACK,26.0,PACK,13000.0,310960.0,PAK ERWIN,3,aritmetika,info,Diskon wajar: JUMLAH = 80%-100% dari QTY x HARGA,perbaiki,Sah. Pakai JUMLAH (bukan QTY x HARGA) sebagai nilai omzet.
A01,1416,2020-05-13,MIT-010,MITRAKU FISH ROLL 250 GR X 25 PACK,3.0,DUS,325000.0,936000.0,ADEK FROZEN,1,aritmetika,info,Diskon wajar: JUMLAH = 80%-100% dari QTY x HARGA,perbaiki,Sah. Pakai JUMLAH (bukan QTY x HARGA) sebagai nilai omzet.
A01,1428,2020-05-13,MIT-004,MITRAKU BAKSO PILUS IKAN 400GR X 23 PACK,5.0,PACK,14900.0,68540.0,PAK ERWIN,3,aritmetika,info,Diskon wajar: JUMLAH = 80%-100% dari QTY x HARGA,perbaiki,Sah. Pakai JUMLAH (bukan QTY x HARGA) sebagai nilai omzet.
A01,1658,2020-05-20,BF-006,BF HAKAU UDANG 222 GR X 32 PACK,35.0,PACK,27350.0,861525.0,MALINDO PADANG,1,aritmetika,info,Diskon wajar: JUMLAH = 80%-100% dari QTY x HARGA,perbaiki,Sah. Pakai JUMLAH (bukan QTY x HARGA) sebagai nilai omzet.
A01,1661,2020-05-20,BF-004,BF DIMSUM SIOMAY REG-NEW 200 GR X 48 PAK,48.0,PACK,18200.0,786240.0,MALINDO PADANG,2,aritmetika,info,Diskon wajar: JUMLAH = 80%-100% dari QTY x HARGA,perbaiki,Sah. Pakai JUMLAH (bukan QTY x HARGA) sebagai nilai omzet.
A01,1667,2020-05-20,MIT-014,MITRAKU SCALLOP 400 GR X 23 PACK,33.0,PACK,18700.0,524535.0,MALINDO PADANG,1,aritmetika,info,Diskon wajar: JUMLAH = 80%-100% dari QTY x HARGA,perbaiki,Sah. Pakai JUMLAH (bukan QTY x HARGA) sebagai nilai omzet.
A01,1730,2020-05-22,OKEY-003,OKEY STICK 500 GR X 10 PACK,20.0,DUS,185000.0,3600000.0,HITE,2,aritmetika,info,Diskon wajar: JUMLAH = 80%-100% dari QTY x HARGA,perbaiki,Sah. Pakai JUMLAH (bukan QTY x HARGA) sebagai nilai omzet.
A01,1731,2020-05-22,OKEY-004,OKEY STICK 1000 GR X 5 PACK,10.0,DUS,185000.0,1800000.0,HITE,1,aritmetika,info,Diskon wajar: JUMLAH = 80%-100% dari QTY x HARGA,perbaiki,Sah. Pakai JUMLAH (bukan QTY x HARGA) sebagai nilai omzet.
A01,1912,2020-05-30,MIT-004,MITRAKU BAKSO PILUS IKAN 400GR X 23 PACK,3.0,PACK,14900.0,41124.0,PAK ERWIN,3,aritmetika,info,Diskon wajar: JUMLAH = 80%-100% dari QTY x HARGA,perbaiki,Sah. Pakai JUMLAH (bukan QTY x HARGA) sebagai nilai omzet.
A01,2180,2020-06-05,OKEY-003,OKEY STICK 500 GR X 10 PACK,40.0,DUS,185000.0,7200000.0,HITE,2,aritmetika,info,Diskon wajar: JUMLAH = 80%-100% dari QTY x HARGA,perbaiki,Sah. Pakai JUMLAH (bukan QTY x HARGA) sebagai nilai omzet.
A01,2185,2020-06-05,OKEY-003,OKEY STICK 500 GR X 10 PACK,5.0,DUS,185000.0,900000.0,HITE,1,aritmetika,info,Diskon wajar: JUMLAH = 80%-100% dari QTY x HARGA,perbaiki,Sah. Pakai JUMLAH (bukan QTY x HARGA) sebagai nilai omzet.
A01,2326,2020-06-09,MIT-014,MITRAKU SCALLOP 400 GR X 23 PACK,11.0,PACK,18700.0,174845.0,PAK ERWIN,3,aritmetika,info,Diskon wajar: JUMLAH = 80%-100% dari QTY x HARGA,perbaiki,Sah. Pakai JUMLAH (bukan QTY x HARGA) sebagai nilai omzet.
A01,2333,2020-06-09,MIT-009,MITRAKU FISH ROLL 500 GR X 20 PACK,5.0,PACK,23400.0,107640.0,PAK ERWIN,3,aritmetika,info,Diskon wajar: JUMLAH = 80%-100% dari QTY x HARGA,perbaiki,Sah. Pakai JUMLAH (bukan QTY x HARGA) sebagai nilai omzet.
A01,2568,2020-06-16,OKEY-004,OKEY STICK 1000 GR X 5 PACK,10.0,DUS,185000.0,1800000.0,HITE,1,aritmetika,info,Diskon wajar: JUMLAH = 80%-100% dari QTY x HARGA,perbaiki,Sah. Pakai JUMLAH (bukan QTY x HARGA) sebagai nilai omzet.
A01,2682,2020-06-17,MIT-009,MITRAKU FISH ROLL 500 GR X 20 PACK,20.0,PACK,24000.0,441600.0,EDI / SEAFOOD 99,1,aritmetika,info,Diskon wajar: JUMLAH = 80%-100% dari QTY x HARGA,perbaiki,Sah. Pakai JUMLAH (bukan QTY x HARGA) sebagai nilai omzet.
A01,2890,2020-06-23,OKEY-003,OKEY STICK 500 GR X 10 PACK,14.0,DUS,185000.0,2520000.0,HITE,2,aritmetika,info,Diskon wajar: JUMLAH = 80%-100% dari QTY x HARGA,perbaiki,Sah. Pakai JUMLAH (bukan QTY x HARGA) sebagai nilai omzet.
A01,2985,2020-06-26,MIT-009,MITRAKU FISH ROLL 500 GR X 20 PACK,17.0,PACK,23400.0,365976.0,PAK ERWIN,4,aritmetika,info,Diskon wajar: JUMLAH = 80%-100% dari QTY x HARGA,perbaiki,Sah. Pakai JUMLAH (bukan QTY x HARGA) sebagai nilai omzet.
A01,3026,2020-06-26,MIT-009,MITRAKU FISH ROLL 500 GR X 20 PACK,1.0,DUS,468000.0,449280.0,ADEK FROZEN,2,aritmetika,info,Diskon wajar: JUMLAH = 80%-100% dari QTY x HARGA,perbaiki,Sah. Pakai JUMLAH (bukan QTY x HARGA) sebagai nilai omzet.
A01,3221,2020-07-02,OKEY-004,OKEY STICK 1000 GR X 5 PACK,2.0,DUS,185000.0,360000.0,HITE,1,aritmetika,info,Diskon wajar: JUMLAH = 80%-100% dari QTY x HARGA,perbaiki,Sah. Pakai JUMLAH (bukan QTY x HARGA) sebagai nilai omzet.
A01,3222,2020-07-02,OKEY-003,OKEY STICK 500 GR X 10 PACK,13.0,DUS,185000.0,2340000.0,HITE,1,aritmetika,info,Diskon wajar: JUMLAH = 80%-100% dari QTY x HARGA,perbaiki,Sah. Pakai JUMLAH (bukan QTY x HARGA) sebagai nilai omzet.
A01,3669,2020-07-13,BF-006,BF HAKAU UDANG 222 GR X 32 PACK,2.0,DUS,875200.0,1575360.0,ANTON,1,aritmetika,info,Diskon wajar: JUMLAH = 80%-100% dari QTY x HARGA,perbaiki,Sah. Pakai JUMLAH (bukan QTY x HARGA) sebagai nilai omzet.
A01,4193,2020-07-25,OKEY-003,OKEY STICK 500 GR X 10 PACK,15.0,DUS,185000.0,2700000.0,HITE,2,aritmetika,info,Diskon wajar: JUMLAH = 80%-100% dari QTY x HARGA,perbaiki,Sah. Pakai JUMLAH (bukan QTY x HARGA) sebagai nilai omzet.
A01,4194,2020-07-25,OKEY-004,OKEY STICK 1000 GR X 5 PACK,5.0,DUS,185000.0,900000.0,HITE,1,aritmetika,info,Diskon wajar: JUMLAH = 80%-100% dari QTY x HARGA,perbaiki,Sah. Pakai JUMLAH (bukan QTY x HARGA) sebagai nilai omzet.
A01,4561,2020-08-03,MIT-016,MITRAKU FISH CAKE SINGAPORE 1000 GR X 10,2.0,PACK,52000.0,95680.0,PAK ERWIN,4,aritmetika,info,Diskon wajar: JUMLAH = 80%-100% dari QTY x HARGA,perbaiki,Sah. Pakai JUMLAH (bukan QTY x HARGA) sebagai nilai omzet.
A01,4569,2020-08-03,MIT-018,MITRAKU BAKSO IKAN ISI TUNA 500 GR X 20,3.0,DUS,560000.0,1596000.0,AMANAH FROZEN,2,aritmetika,info,Diskon wajar: JUMLAH = 80%-100% dari QTY x HARGA,perbaiki,Sah. Pakai JUMLAH (bukan QTY x HARGA) sebagai nilai omzet.
A01,4570,2020-08-03,MIT-019,MITRAKU BAKSO IKAN ISI AYAM 500 GR X 20,3.0,DUS,560000.0,1596000.0,AMANAH FROZEN,2,aritmetika,info,Diskon wajar: JUMLAH = 80%-100% dari QTY x HARGA,perbaiki,Sah. Pakai JUMLAH (bukan QTY x HARGA) sebagai nilai omzet.
A01,4571,2020-08-03,MIT-017,MITRAKU BAKSO IKAN ISI KEJU 500 GR X 20,3.0,DUS,560000.0,1596000.0,AMANAH FROZEN,2,aritmetika,info,Diskon wajar: JUMLAH = 80%-100% dari QTY x HARGA,perbaiki,Sah. Pakai JUMLAH (bukan QTY x HARGA) sebagai nilai omzet.
A01,4572,2020-08-03,MIT-012,MITRAKU FISH TOFU 500 GR X 20 PACK,2.0,DUS,498000.0,916320.0,AMANAH FROZEN,2,aritmetika,info,Diskon wajar: JUMLAH = 80%-100% dari QTY x HARGA,perbaiki,Sah. Pakai JUMLAH (bukan QTY x HARGA) sebagai nilai omzet.
A01,5136,2020-08-18,OKEY-004,OKEY STICK 1000 GR X 5 PACK,10.0,DUS,185000.0,1800000.0,HITE,2,aritmetika,info,Diskon wajar: JUMLAH = 80%-100% dari QTY x HARGA,perbaiki,Sah. Pakai JUMLAH (bukan QTY x HARGA) sebagai nilai omzet.
A01,5715,2020-09-03,OKEY-003,OKEY STICK 500 GR X 10 PACK,15.0,DUS,185000.0,2700000.0,HITE,2,aritmetika,info,Diskon wajar: JUMLAH = 80%-100% dari QTY x HARGA,perbaiki,Sah. Pakai JUMLAH (bukan QTY x HARGA) sebagai nilai omzet.
A01,5717,2020-09-03,OKEY-004,OKEY STICK 1000 GR X 5 PACK,5.0,DUS,185000.0,900000.0,HITE,1,aritmetika,info,Diskon wajar: JUMLAH = 80%-100% dari QTY x HARGA,perbaiki,Sah. Pakai JUMLAH (bukan QTY x HARGA) sebagai nilai omzet.
A01,5893,2020-09-09,MI-001,MIAMI 8 LTR NEAPOLITAN CHOCO CHIPS,12.0,PAIL,125000.0,1440000.0,ULIL,1,aritmetika,info,Diskon wajar: JUMLAH = 80%-100% dari QTY x HARGA,perbaiki,Sah. Pakai JUMLAH (bukan QTY x HARGA) sebagai nilai omzet.
A01,5894,2020-09-09,MI-003,MIAMI 8 LTR NEAPOLITAN,5.0,PAIL,120000.0,550000.0,WING,1,aritmetika,info,Diskon wajar: JUMLAH = 80%-100% dari QTY x HARGA,perbaiki,Sah. Pakai JUMLAH (bukan QTY x HARGA) sebagai nilai omzet.
A01,6260,2020-09-18,OKEY-003,OKEY STICK 500 GR X 10 PACK,15.0,DUS,185000.0,2700000.0,HITE,2,aritmetika,info,Diskon wajar: JUMLAH = 80%-100% dari QTY x HARGA,perbaiki,Sah. Pakai JUMLAH (bukan QTY x HARGA) sebagai nilai omzet.
A01,6264,2020-09-18,OKEY-004,OKEY STICK 1000 GR X 5 PACK,15.0,DUS,185000.0,2700000.0,HITE,1,aritmetika,info,Diskon wajar: JUMLAH = 80%-100% dari QTY x HARGA,perbaiki,Sah. Pakai JUMLAH (bukan QTY x HARGA) sebagai nilai omzet.
A01,6713,2020-09-29,OKEY-003,OKEY STICK 500 GR X 10 PACK,20.0,DUS,185000.0,3600000.0,HITE,2,aritmetika,info,Diskon wajar: JUMLAH = 80%-100% dari QTY x HARGA,perbaiki,Sah. Pakai JUMLAH (bukan QTY x HARGA) sebagai nilai omzet.
A01,6715,2020-09-29,OKEY-004,OKEY STICK 1000 GR X 5 PACK,5.0,DUS,185000.0,900000.0,HITE,1,aritmetika,info,Diskon wajar: JUMLAH = 80%-100% dari QTY x HARGA,perbaiki,Sah. Pakai JUMLAH (bukan QTY x HARGA) sebagai nilai omzet.
R01,14,2020-04-01,SHIF-003,SHIFUDO FISH ROLL 250 GR X 20 PACK,15.0,PACK,10051.0,150765.0,ANJANI FROZEN FOOD,2,referensial,info,Kode barang punya >1 ejaan nama (sudah diseragamkan),perbaiki,Perbaiki master barang di sistem sumber agar ejaannya tunggal.
R01,127,2020-04-03,DEN-006,DEN BAGUS NANO NANO X 20 PACK,1.0,BAL,140000.0,140000.0,TOKO CITA RASA BARU,1,referensial,info,Kode barang punya >1 ejaan nama (sudah diseragamkan),perbaiki,Perbaiki master barang di sistem sumber agar ejaannya tunggal.
R01,174,2020-04-04,DEN-006,DEN BAGUS NANO NANO X 20 PACK,5.0,PACK,9000.0,45000.0,KEDAI PEPI,1,referensial,info,Kode barang punya >1 ejaan nama (sudah diseragamkan),perbaiki,Perbaiki master barang di sistem sumber agar ejaannya tunggal.
R01,216,2020-04-06,DEN-006,DEN BAGUS NANO NANO X 20 PACK,5.0,PACK,9000.0,45000.0,TOKO ALIF,1,referensial,info,Kode barang punya >1 ejaan nama (sudah diseragamkan),perbaiki,Perbaiki master barang di sistem sumber agar ejaannya tunggal.
R01,223,2020-04-06,DEN-006,DEN BAGUS NANO NANO X 20 PACK,10.0,PACK,9000.0,90000.0,TOKO DENIS,1,referensial,info,Kode barang punya >1 ejaan nama (sudah diseragamkan),perbaiki,Perbaiki master barang di sistem sumber agar ejaannya tunggal.
R01,230,2020-04-06,DEN-006,DEN BAGUS NANO NANO X 20 PACK,5.0,PACK,9000.0,45000.0,TOKO ALZENA,1,referensial,info,Kode barang punya >1 ejaan nama (sudah diseragamkan),perbaiki,Perbaiki master barang di sistem sumber agar ejaannya tunggal.
R01,242,2020-04-07,DEN-006,DEN BAGUS NANO NANO X 20 PACK,1.0,BAL,180000.0,180000.0,FARDAN FROZEN,1,referensial,info,Kode barang punya >1 ejaan nama (sudah diseragamkan),perbaiki,Perbaiki master barang di sistem sumber agar ejaannya tunggal.
R01,244,2020-04-07,DEN-006,DEN BAGUS NANO NANO X 20 PACK,1.0,BAL,180000.0,180000.0,KUALU BERKAT,1,referensial,info,Kode barang punya >1 ejaan nama (sudah diseragamkan),perbaiki,Perbaiki master barang di sistem sumber agar ejaannya tunggal.
R01,247,2020-04-07,DEN-006,DEN BAGUS NANO NANO X 20 PACK,1.0,BAL,180000.0,180000.0,ANNISA / SAIIN,1,referensial,info,Kode barang punya >1 ejaan nama (sudah diseragamkan),perbaiki,Perbaiki master barang di sistem sumber agar ejaannya tunggal.
R01,291,2020-04-09,BLF-016,BELFOODS FAV.AYAM GORENG RENYAH 500GRX12,7.0,DUS,436800.0,3057600.0,ADEK FROZEN,1,referensial,info,Kode barang punya >1 ejaan nama (sudah diseragamkan),perbaiki,Perbaiki master barang di sistem sumber agar ejaannya tunggal.
R01,293,2020-04-09,DEN-006,DEN BAGUS NANO NANO X 20 PACK,2.0,PACK,9000.0,18000.0,FADIL ANAK BOS,1,referensial,info,Kode barang punya >1 ejaan nama (sudah diseragamkan),perbaiki,Perbaiki master barang di sistem sumber agar ejaannya tunggal.
R01,333,2020-04-09,DEN-006,DEN BAGUS NANO NANO X 20 PACK,5.0,PACK,10000.0,50000.0,TOKO NURHADI,3,referensial,info,Kode barang punya >1 ejaan nama (sudah diseragamkan),perbaiki,Perbaiki master barang di sistem sumber agar ejaannya tunggal.
R01,349,2020-04-09,DEN-006,DEN BAGUS NANO NANO X 20 PACK,10.0,PACK,10000.0,100000.0,TOKO AQILA,3,referensial,info,Kode barang punya >1 ejaan nama (sudah diseragamkan),perbaiki,Perbaiki master barang di sistem sumber agar ejaannya tunggal.
R01,356,2020-04-09,DEN-006,DEN BAGUS NANO NANO X 20 PACK,3.0,PACK,10000.0,30000.0,SRC BUNDA,3,referensial,info,Kode barang punya >1 ejaan nama (sudah diseragamkan),perbaiki,Perbaiki master barang di sistem sumber agar ejaannya tunggal.
R01,429,2020-04-13,MANTUL-003,MANTUL OTAK OTAK TEMPURA 500 GR X 20 PAK,1.0,DUS,354000.0,336300.0,RAISYA FROZEN,2,referensial,info,Kode barang punya >1 ejaan nama (sudah diseragamkan),perbaiki,Perbaiki master barang di sistem sumber agar ejaannya tunggal.
R01,434,2020-04-13,MANTUL-003,MANTUL OTAK OTAK TEMPURA 500 GR X 20 PAK,5.0,PACK,16000.0,80000.0,KUALU BERKAT,1,referensial,info,Kode barang punya >1 ejaan nama (sudah diseragamkan),perbaiki,Perbaiki master barang di sistem sumber agar ejaannya tunggal.
R01,435,2020-04-13,DEN-006,DEN BAGUS NANO NANO X 20 PACK,35.0,PACK,9000.0,315000.0,KUALU BERKAT,2,referensial,info,Kode barang punya >1 ejaan nama (sudah diseragamkan),perbaiki,Perbaiki master barang di sistem sumber agar ejaannya tunggal.
R01,439,2020-04-13,MANTUL-003,MANTUL OTAK OTAK TEMPURA 500 GR X 20 PAK,10.0,PACK,16000.0,160000.0,PAK ERWIN,3,referensial,info,Kode barang punya >1 ejaan nama (sudah diseragamkan),perbaiki,Perbaiki master barang di sistem sumber agar ejaannya tunggal.
R01,450,2020-04-13,MANTUL-003,MANTUL OTAK OTAK TEMPURA 500 GR X 20 PAK,5.0,PACK,17000.0,85000.0,TOKO RAHMAD,1,referensial,info,Kode barang punya >1 ejaan nama (sudah diseragamkan),perbaiki,Perbaiki master barang di sistem sumber agar ejaannya tunggal.
R01,457,2020-04-13,SHIF-003,SHIFUDO FISH ROLL 250 GR X 20 PACK,10.0,PACK,11000.0,110000.0,TOKO RAHMAD,1,referensial,info,Kode barang punya >1 ejaan nama (sudah diseragamkan),perbaiki,Perbaiki master barang di sistem sumber agar ejaannya tunggal.
R01,467,2020-04-14,MANTUL-003,MANTUL OTAK OTAK TEMPURA 500 GR X 20 PAK,3.0,DUS,320000.0,960000.0,ANNISA / SAIIN,1,referensial,info,Kode barang punya >1 ejaan nama (sudah diseragamkan),perbaiki,Perbaiki master barang di sistem sumber agar ejaannya tunggal.
R01,500,2020-04-15,MANTUL-003,MANTUL OTAK OTAK TEMPURA 500 GR X 20 PAK,5.0,DUS,310000.0,1550000.0,PAK SUPRI,1,referensial,info,Kode barang punya >1 ejaan nama (sudah diseragamkan),perbaiki,Perbaiki master barang di sistem sumber agar ejaannya tunggal.
R01,504,2020-04-15,MANTUL-003,MANTUL OTAK OTAK TEMPURA 500 GR X 20 PAK,10.0,PACK,16000.0,160000.0,WILLIAM FROZEN,1,referensial,info,Kode barang punya >1 ejaan nama (sudah diseragamkan),perbaiki,Perbaiki master barang di sistem sumber agar ejaannya tunggal.
R01,510,2020-04-16,MANTUL-003,MANTUL OTAK OTAK TEMPURA 500 GR X 20 PAK,5.0,PACK,17000.0,85000.0,TOKO C2 15,1,referensial,info,Kode barang punya >1 ejaan nama (sudah diseragamkan),perbaiki,Perbaiki master barang di sistem sumber agar ejaannya tunggal.
R01,528,2020-04-16,MANTUL-003,MANTUL OTAK OTAK TEMPURA 500 GR X 20 PAK,10.0,PACK,17500.0,175000.0,EVA FROZEN,1,referensial,info,Kode barang punya >1 ejaan nama (sudah diseragamkan),perbaiki,Perbaiki master barang di sistem sumber agar ejaannya tunggal.
R01,604,2020-04-18,MANTUL-003,MANTUL OTAK OTAK TEMPURA 500 GR X 20 PAK,1.0,DUS,320000.0,320000.0,TOKO CITA RASA BARU,1,referensial,info,Kode barang punya >1 ejaan nama (sudah diseragamkan),perbaiki,Perbaiki master barang di sistem sumber agar ejaannya tunggal.
R01,628,2020-04-18,MANTUL-003,MANTUL OTAK OTAK TEMPURA 500 GR X 20 PAK,10.0,PACK,16500.0,165000.0,AHUAT,1,referensial,info,Kode barang punya >1 ejaan nama (sudah diseragamkan),perbaiki,Perbaiki master barang di sistem sumber agar ejaannya tunggal.
R01,653,2020-04-20,MANTUL-003,MANTUL OTAK OTAK TEMPURA 500 GR X 20 PAK,10.0,PACK,17000.0,170000.0,TOKO RAHMAD,1,referensial,info,Kode barang punya >1 ejaan nama (sudah diseragamkan),perbaiki,Perbaiki master barang di sistem sumber agar ejaannya tunggal.
R01,683,2020-04-20,SHIF-003,SHIFUDO FISH ROLL 250 GR X 20 PACK,3.0,DUS,201020.0,603060.0,ANJANI FROZEN FOOD,1,referensial,info,Kode barang punya >1 ejaan nama (sudah diseragamkan),perbaiki,Perbaiki master barang di sistem sumber agar ejaannya tunggal.
R01,687,2020-04-20,SHIF-005,SHIFUDO CHIKUWA 500 GR X 16 PACK,5.0,DUS,377568.0,1887840.0,ANJANI FROZEN FOOD,1,referensial,info,Kode barang punya >1 ejaan nama (sudah diseragamkan),perbaiki,Perbaiki master barang di sistem sumber agar ejaannya tunggal.
R01,701,2020-04-21,SHIF-003,SHIFUDO FISH ROLL 250 GR X 20 PACK,1.0,DUS,201020.0,201020.0,ANJANI FROZEN FOOD,1,referensial,info,Kode barang punya >1 ejaan nama (sudah diseragamkan),perbaiki,Perbaiki master barang di sistem sumber agar ejaannya tunggal.
R01,717,2020-04-22,MANTUL-003,MANTUL OTAK OTAK TEMPURA 500 GR X 20 PAK,1.0,PACK,16500.0,16500.0,SALES FANDI,1,referensial,info,Kode barang punya >1 ejaan nama (sudah diseragamkan),perbaiki,Perbaiki master barang di sistem sumber agar ejaannya tunggal.
R01,736,2020-04-22,SHIF-005,SHIFUDO CHIKUWA 500 GR X 16 PACK,6.0,PACK,25000.0,150000.0,TANJUNG GADING,1,referensial,info,Kode barang punya >1 ejaan nama (sudah diseragamkan),perbaiki,Perbaiki master barang di sistem sumber agar ejaannya tunggal.
R01,737,2020-04-22,JOF-011,JOFRANS SOSIS BRATW (ORI) 500 GR X 12,1.0,DUS,330000.0,330000.0,TANJUNG GADING,1,referensial,info,Kode barang punya >1 ejaan nama (sudah diseragamkan),perbaiki,Perbaiki master barang di sistem sumber agar ejaannya tunggal.
R01,745,2020-04-22,SHIF-005,SHIFUDO CHIKUWA 500 GR X 16 PACK,42.0,PACK,25000.0,1050000.0,DARTO,1,referensial,info,Kode barang punya >1 ejaan nama (sudah diseragamkan),perbaiki,Perbaiki master barang di sistem sumber agar ejaannya tunggal.
R01,778,2020-04-24,MANTUL-003,MANTUL OTAK OTAK TEMPURA 500 GR X 20 PAK,5.0,PACK,17000.0,85000.0,PASAR MINI MD 2,1,referensial,info,Kode barang punya >1 ejaan nama (sudah diseragamkan),perbaiki,Perbaiki master barang di sistem sumber agar ejaannya tunggal.
R01,782,2020-04-24,MANTUL-003,MANTUL OTAK OTAK TEMPURA 500 GR X 20 PAK,4.0,PACK,17000.0,68000.0,TOKO SUKMA,1,referensial,info,Kode barang punya >1 ejaan nama (sudah diseragamkan),perbaiki,Perbaiki master barang di sistem sumber agar ejaannya tunggal.
R01,792,2020-04-24,MANTUL-003,MANTUL OTAK OTAK TEMPURA 500 GR X 20 PAK,5.0,PACK,17000.0,85000.0,TOKO TERANG JAYA,1,referensial,info,Kode barang punya >1 ejaan nama (sudah diseragamkan),perbaiki,Perbaiki master barang di sistem sumber agar ejaannya tunggal.
R01,865,2020-04-25,SHIF-003,SHIFUDO FISH ROLL 250 GR X 20 PACK,1.0,DUS,201020.0,201020.0,ANJANI FROZEN FOOD,1,referensial,info,Kode barang punya >1 ejaan nama (sudah diseragamkan),perbaiki,Perbaiki master barang di sistem sumber agar ejaannya tunggal.
R01,889,2020-04-27,SHIF-003,SHIFUDO FISH ROLL 250 GR X 20 PACK,1.0,DUS,201020.0,201020.0,ANJANI FROZEN FOOD,1,referensial,info,Kode barang punya >1 ejaan nama (sudah diseragamkan),perbaiki,Perbaiki master barang di sistem sumber agar ejaannya tunggal.
R01,895,2020-04-28,JOF-016,JOFRANS SOSIS BRATW(LADA HITAM) 500GRX12,12.0,PACK,28500.0,342000.0,OKE MART,1,referensial,info,Kode barang punya >1 ejaan nama (sudah diseragamkan),perbaiki,Perbaiki master barang di sistem sumber agar ejaannya tunggal.
R01,924,2020-04-28,MANTUL-003,MANTUL OTAK OTAK TEMPURA 500 GR X 20 PAK,1.0,DUS,306000.0,306000.0,FIRDON,1,referensial,info,Kode barang punya >1 ejaan nama (sudah diseragamkan),perbaiki,Perbaiki master barang di sistem sumber agar ejaannya tunggal.
R01,933,2020-04-28,JOF-011,JOFRANS SOSIS BRATW (ORI) 500 GR X 12,2.0,DUS,330000.0,660000.0,ANTON,1,referensial,info,Kode barang punya >1 ejaan nama (sudah diseragamkan),perbaiki,Perbaiki master barang di sistem sumber agar ejaannya tunggal.
R01,936,2020-04-28,MANTUL-003,MANTUL OTAK OTAK TEMPURA 500 GR X 20 PAK,1.0,DUS,306000.0,306000.0,ANTON,1,referensial,info,Kode barang punya >1 ejaan nama (sudah diseragamkan),perbaiki,Perbaiki master barang di sistem sumber agar ejaannya tunggal.
R01,948,2020-04-28,MANTUL-003,MANTUL OTAK OTAK TEMPURA 500 GR X 20 PAK,1.0,DUS,306000.0,306000.0,RUMAH SOSIS,1,referensial,info,Kode barang punya >1 ejaan nama (sudah diseragamkan),perbaiki,Perbaiki master barang di sistem sumber agar ejaannya tunggal.
R01,953,2020-04-28,MANTUL-003,MANTUL OTAK OTAK TEMPURA 500 GR X 20 PAK,1.0,DUS,360000.0,360000.0,TOKO NURHADI,3,referensial,info,Kode barang punya >1 ejaan nama (sudah diseragamkan),perbaiki,Perbaiki master barang di sistem sumber agar ejaannya tunggal.
R01,983,2020-04-29,DEN-006,DEN BAGUS NANO NANO X 20 PACK,2.0,BAL,180000.0,360000.0,KUALU BERKAT,1,referensial,info,Kode barang punya >1 ejaan nama (sudah diseragamkan),perbaiki,Perbaiki master barang di sistem sumber agar ejaannya tunggal.
R01,988,2020-04-29,MANTUL-003,MANTUL OTAK OTAK TEMPURA 500 GR X 20 PAK,1.0,DUS,306000.0,306000.0,KUBANG JAYA FOOD,1,referensial,info,Kode barang punya >1 ejaan nama (sudah diseragamkan),perbaiki,Perbaiki master barang di sistem sumber agar ejaannya tunggal.
R01,990,2020-04-29,SHIF-003,SHIFUDO FISH ROLL 250 GR X 20 PACK,1.0,DUS,201020.0,201020.0,ANJANI FROZEN FOOD,1,referensial,info,Kode barang punya >1 ejaan nama (sudah diseragamkan),perbaiki,Perbaiki master barang di sistem sumber agar ejaannya tunggal.
R01,992,2020-04-29,MANTUL-003,MANTUL OTAK OTAK TEMPURA 500 GR X 20 PAK,1.0,PACK,16000.0,16000.0,SALES INDAH,1,referensial,info,Kode barang punya >1 ejaan nama (sudah diseragamkan),perbaiki,Perbaiki master barang di sistem sumber agar ejaannya tunggal.
R01,997,2020-04-29,SHIF-005,SHIFUDO CHIKUWA 500 GR X 16 PACK,1.0,DUS,376000.0,376000.0,BRAGA FROZEN FOOD,1,referensial,info,Kode barang punya >1 ejaan nama (sudah diseragamkan),perbaiki,Perbaiki master barang di sistem sumber agar ejaannya tunggal.
R01,1036,2020-05-02,JOF-011,JOFRANS SOSIS BRATW (ORI) 500 GR X 12,2.0,DUS,330000.0,660000.0,BERKAH 1,1,referensial,info,Kode barang punya >1 ejaan nama (sudah diseragamkan),perbaiki,Perbaiki master barang di sistem sumber agar ejaannya tunggal.
R01,1041,2020-05-02,MANTUL-003,MANTUL OTAK OTAK TEMPURA 500 GR X 20 PAK,1.0,DUS,340000.0,340000.0,BERKAH 1,1,referensial,info,Kode barang punya >1 ejaan nama (sudah diseragamkan),perbaiki,Perbaiki master barang di sistem sumber agar ejaannya tunggal.
R01,1054,2020-05-02,SHIF-005,SHIFUDO CHIKUWA 500 GR X 16 PACK,15.0,PACK,25000.0,375000.0,PAK HEN,1,referensial,info,Kode barang punya >1 ejaan nama (sudah diseragamkan),perbaiki,Perbaiki master barang di sistem sumber agar ejaannya tunggal.
R01,1055,2020-05-02,MANTUL-003,MANTUL OTAK OTAK TEMPURA 500 GR X 20 PAK,10.0,PACK,17000.0,170000.0,PAK HEN,1,referensial,info,Kode barang punya >1 ejaan nama (sudah diseragamkan),perbaiki,Perbaiki master barang di sistem sumber agar ejaannya tunggal.
R01,1130,2020-05-04,MANTUL-003,MANTUL OTAK OTAK TEMPURA 500 GR X 20 PAK,3.0,PACK,16000.0,48000.0,FADIL ANAK BOS,1,referensial,info,Kode barang punya >1 ejaan nama (sudah diseragamkan),perbaiki,Perbaiki master barang di sistem sumber agar ejaannya tunggal.
R01,1161,2020-05-05,SHIF-005,SHIFUDO CHIKUWA 500 GR X 16 PACK,17.0,PACK,24000.0,408000.0,PAK ERWIN,3,referensial,info,Kode barang punya >1 ejaan nama (sudah diseragamkan),perbaiki,Perbaiki master barang di sistem sumber agar ejaannya tunggal.
R01,1178,2020-05-05,SHIF-003,SHIFUDO FISH ROLL 250 GR X 20 PACK,1.0,DUS,201020.0,201020.0,ANJANI FROZEN FOOD,1,referensial,info,Kode barang punya >1 ejaan nama (sudah diseragamkan),perbaiki,Perbaiki master barang di sistem sumber agar ejaannya tunggal.
R01,1227,2020-05-08,DEN-006,DEN BAGUS NANO NANO X 20 PACK,10.0,PACK,8000.0,80000.0,TOKO ALIF,1,referensial,info,Kode barang punya >1 ejaan nama (sudah diseragamkan),perbaiki,Perbaiki master barang di sistem sumber agar ejaannya tunggal.
R01,1236,2020-05-08,DEN-006,DEN BAGUS NANO NANO X 20 PACK,2.0,PACK,8000.0,16000.0,TOKO DENIS,1,referensial,info,Kode barang punya >1 ejaan nama (sudah diseragamkan),perbaiki,Perbaiki master barang di sistem sumber agar ejaannya tunggal.
R01,1253,2020-05-08,TORTILA-001,TORTILA KECIL,50.0,PACK,25500.0,1275000.0,RUMAH SOSIS,1,referensial,info,Kode barang punya >1 ejaan nama (sudah diseragamkan),perbaiki,Perbaiki master barang di sistem sumber agar ejaannya tunggal.
R01,1255,2020-05-08,JOF-011,JOFRANS SOSIS BRATW (ORI) 500 GR X 12,2.0,DUS,330000.0,660000.0,ANTON,1,referensial,info,Kode barang punya >1 ejaan nama (sudah diseragamkan),perbaiki,Perbaiki master barang di sistem sumber agar ejaannya tunggal.
R01,1267,2020-05-08,KANZ-001,KANZLER SINGLES ORIGINAL 1 PAC X 12 PCS,10.0,PACK,88000.0,880000.0,TOKO CITA RASA BARU,1,referensial,info,Kode barang punya >1 ejaan nama (sudah diseragamkan),perbaiki,Perbaiki master barang di sistem sumber agar ejaannya tunggal.
R01,1268,2020-05-08,BESTO-002,BESTO BRATWURST BAKAR ORI 500 GRX20 PAK,8.0,PACK,29000.0,232000.0,TOKO CITA RASA BARU,1,referensial,info,Kode barang punya >1 ejaan nama (sudah diseragamkan),perbaiki,Perbaiki master barang di sistem sumber agar ejaannya tunggal.
R01,1269,2020-05-08,JUR-002,JURAGAN SOSIS SAPI BAKAR ORI 500 GR X 20,20.0,PACK,25000.0,500000.0,TOKO CITA RASA BARU,1,referensial,info,Kode barang punya >1 ejaan nama (sudah diseragamkan),perbaiki,Perbaiki master barang di sistem sumber agar ejaannya tunggal.
R01,1357,2020-05-12,SUKI-001,MITRAKU SUKI TOMYAM,15.0,PACK,17000.0,255000.0,ACHEN / VINCENT,1,referensial,info,Kode barang punya >1 ejaan nama (sudah diseragamkan),perbaiki,Perbaiki master barang di sistem sumber agar ejaannya tunggal.
R01,1366,2020-05-12,JUR-002,JURAGAN SOSIS SAPI BAKAR ORI 500 GR X 20,10.0,PACK,26500.0,265000.0,GRAHA SANDENI,1,referensial,info,Kode barang punya >1 ejaan nama (sudah diseragamkan),perbaiki,Perbaiki master barang di sistem sumber agar ejaannya tunggal.
R01,1367,2020-05-12,BESTO-002,BESTO BRATWURST BAKAR ORI 500 GRX20 PAK,5.0,PACK,31000.0,155000.0,GRAHA SANDENI,1,referensial,info,Kode barang punya >1 ejaan nama (sudah diseragamkan),perbaiki,Perbaiki master barang di sistem sumber agar ejaannya tunggal.
R01,1368,2020-05-12,KANZ-001,KANZLER SINGLES ORIGINAL 1 PAC X 12 PCS,5.0,PACK,90000.0,450000.0,GRAHA SANDENI,1,referensial,info,Kode barang punya >1 ejaan nama (sudah diseragamkan),perbaiki,Perbaiki master barang di sistem sumber agar ejaannya tunggal.
R01,1389,2020-05-13,TORTILA-001,TORTILA KECIL,100.0,PACK,25250.0,2525000.0,RUMAH SOSIS,1,referensial,info,Kode barang punya >1 ejaan nama (sudah diseragamkan),perbaiki,Perbaiki master barang di sistem sumber agar ejaannya tunggal.
R01,1410,2020-05-13,BLF-016,BELFOODS FAV.AYAM GORENG RENYAH 500GRX12,5.0,DUS,436800.0,2184000.0,ADEK FROZEN,1,referensial,info,Kode barang punya >1 ejaan nama (sudah diseragamkan),perbaiki,Perbaiki master barang di sistem sumber agar ejaannya tunggal.
R01,1425,2020-05-13,MANTUL-003,MANTUL OTAK OTAK TEMPURA 500 GR X 20 PAK,6.0,PACK,17000.0,102000.0,TOKO SAFRIL/KEDAI BUK NINI,1,referensial,info,Kode barang punya >1 ejaan nama (sudah diseragamkan),perbaiki,Perbaiki master barang di sistem sumber agar ejaannya tunggal.
R01,1434,2020-05-13,SHIF-005,SHIFUDO CHIKUWA 500 GR X 16 PACK,9.0,DUS,368000.0,3312000.0,ANTON,1,referensial,info,Kode barang punya >1 ejaan nama (sudah diseragamkan),perbaiki,Perbaiki master barang di sistem sumber agar ejaannya tunggal.
R01,1474,2020-05-16,MANTUL-003,MANTUL OTAK OTAK TEMPURA 500 GR X 20 PAK,10.0,PACK,17000.0,170000.0,TOKO RAHMAD,1,referensial,info,Kode barang punya >1 ejaan nama (sudah diseragamkan),perbaiki,Perbaiki master barang di sistem sumber agar ejaannya tunggal.
R01,1496,2020-05-16,JOF-007,JOFRANS SOSIS BRATW (KEJU) 500 GR X 12,1.0,DUS,348000.0,348000.0,ARRAFA MART,1,referensial,info,Kode barang punya >1 ejaan nama (sudah diseragamkan),perbaiki,Perbaiki master barang di sistem sumber agar ejaannya tunggal.
R01,1497,2020-05-16,JOF-016,JOFRANS SOSIS BRATW(LADA HITAM) 500GRX12,1.0,DUS,348000.0,348000.0,ARRAFA MART,1,referensial,info,Kode barang punya >1 ejaan nama (sudah diseragamkan),perbaiki,Perbaiki master barang di sistem sumber agar ejaannya tunggal.
R01,1514,2020-05-16,SUKI-001,MITRAKU SUKI TOMYAM,5.0,PACK,17000.0,85000.0,CHERISH,1,referensial,info,Kode barang punya >1 ejaan nama (sudah diseragamkan),perbaiki,Perbaiki master barang di sistem sumber agar ejaannya tunggal.
R01,1524,2020-05-16,SUKI-001,MITRAKU SUKI TOMYAM,5.0,PACK,18000.0,90000.0,LUCKY,1,referensial,info,Kode barang punya >1 ejaan nama (sudah diseragamkan),perbaiki,Perbaiki master barang di sistem sumber agar ejaannya tunggal.
R01,1537,2020-05-16,DEN-006,DEN BAGUS NANO NANO X 20 PACK,20.0,PACK,9000.0,180000.0,SERLY,2,referensial,info,Kode barang punya >1 ejaan nama (sudah diseragamkan),perbaiki,Perbaiki master barang di sistem sumber agar ejaannya tunggal.
R01,1541,2020-05-16,JOF-011,JOFRANS SOSIS BRATW (ORI) 500 GR X 12,12.0,PACK,27500.0,330000.0,BERKAH 1,1,referensial,info,Kode barang punya >1 ejaan nama (sudah diseragamkan),perbaiki,Perbaiki master barang di sistem sumber agar ejaannya tunggal.
R01,1542,2020-05-16,JOF-007,JOFRANS SOSIS BRATW (KEJU) 500 GR X 12,1.0,DUS,342000.0,342000.0,BERKAH 1,1,referensial,info,Kode barang punya >1 ejaan nama (sudah diseragamkan),perbaiki,Perbaiki master barang di sistem sumber agar ejaannya tunggal.
R01,1543,2020-05-16,JOF-016,JOFRANS SOSIS BRATW(LADA HITAM) 500GRX12,1.0,DUS,342000.0,342000.0,BERKAH 1,1,referensial,info,Kode barang punya >1 ejaan nama (sudah diseragamkan),perbaiki,Perbaiki master barang di sistem sumber agar ejaannya tunggal.
R01,1550,2020-05-16,SUKI-001,MITRAKU SUKI TOMYAM,10.0,PACK,18000.0,180000.0,BERKAH 1,1,referensial,info,Kode barang punya >1 ejaan nama (sudah diseragamkan),perbaiki,Perbaiki master barang di sistem sumber agar ejaannya tunggal.
R01,1565,2020-05-16,SUKI-001,MITRAKU SUKI TOMYAM,9.0,PACK,18000.0,162000.0,TANJUNG GADING,1,referensial,info,Kode barang punya >1 ejaan nama (sudah diseragamkan),perbaiki,Perbaiki master barang di sistem sumber agar ejaannya tunggal.
R01,1566,2020-05-16,SUKI-001,MITRAKU SUKI TOMYAM,1.0,PACK,0.0,0.0,TANJUNG GADING,11,referensial,info,Kode barang punya >1 ejaan nama (sudah diseragamkan),perbaiki,Perbaiki master barang di sistem sumber agar ejaannya tunggal.
R01,1673,2020-05-20,SUKI-001,MITRAKU SUKI TOMYAM,3.0,PACK,17000.0,51000.0,ANTON,1,referensial,info,Kode barang punya >1 ejaan nama (sudah diseragamkan),perbaiki,Perbaiki master barang di sistem sumber agar ejaannya tunggal.
R01,1681,2020-05-20,TORTILA-001,TORTILA KECIL,200.0,PACK,25250.0,5050000.0,RUMAH SOSIS,2,referensial,info,Kode barang punya >1 ejaan nama (sudah diseragamkan),perbaiki,Perbaiki master barang di sistem sumber agar ejaannya tunggal.
R01,1694,2020-05-20,SUKI-001,MITRAKU SUKI TOMYAM,3.0,PACK,17000.0,51000.0,TOKO CITA RASA BARU,1,referensial,info,Kode barang punya >1 ejaan nama (sudah diseragamkan),perbaiki,Perbaiki master barang di sistem sumber agar ejaannya tunggal.
R01,1809,2020-05-28,JOF-011,JOFRANS SOSIS BRATW (ORI) 500 GR X 12,2.0,DUS,330000.0,660000.0,ANTON,1,referensial,info,Kode barang punya >1 ejaan nama (sudah diseragamkan),perbaiki,Perbaiki master barang di sistem sumber agar ejaannya tunggal.
R01,1861,2020-05-29,DEN-006,DEN BAGUS NANO NANO X 20 PACK,5.0,PACK,10000.0,50000.0,TOKO BAIHAQI,1,referensial,info,Kode barang punya >1 ejaan nama (sudah diseragamkan),perbaiki,Perbaiki master barang di sistem sumber agar ejaannya tunggal.
R01,1868,2020-05-29,MANTUL-003,MANTUL OTAK OTAK TEMPURA 500 GR X 20 PAK,10.0,PACK,16500.0,165000.0,MANDIRI MART,3,referensial,info,Kode barang punya >1 ejaan nama (sudah diseragamkan),perbaiki,Perbaiki master barang di sistem sumber agar ejaannya tunggal.
R01,1877,2020-05-29,DEN-006,DEN BAGUS NANO NANO X 20 PACK,2.0,PACK,10000.0,20000.0,CASH,1,referensial,info,Kode barang punya >1 ejaan nama (sudah diseragamkan),perbaiki,Perbaiki master barang di sistem sumber agar ejaannya tunggal.
R01,1881,2020-05-30,DEN-006,DEN BAGUS NANO NANO X 20 PACK,2.0,BAL,180000.0,360000.0,KUALU BERKAT,1,referensial,info,Kode barang punya >1 ejaan nama (sudah diseragamkan),perbaiki,Perbaiki master barang di sistem sumber agar ejaannya tunggal.
R01,1888,2020-05-30,SUKI-001,MITRAKU SUKI TOMYAM,1.0,PACK,16000.0,16000.0,AMANAH FROZEN,1,referensial,info,Kode barang punya >1 ejaan nama (sudah diseragamkan),perbaiki,Perbaiki master barang di sistem sumber agar ejaannya tunggal.
R01,1906,2020-05-30,JOF-007,JOFRANS SOSIS BRATW (KEJU) 500 GR X 12,4.0,PACK,29000.0,116000.0,HARUM MANIS,3,referensial,info,Kode barang punya >1 ejaan nama (sudah diseragamkan),perbaiki,Perbaiki master barang di sistem sumber agar ejaannya tunggal.
R01,1907,2020-05-30,JOF-016,JOFRANS SOSIS BRATW(LADA HITAM) 500GRX12,4.0,PACK,29000.0,116000.0,HARUM MANIS,3,referensial,info,Kode barang punya >1 ejaan nama (sudah diseragamkan),perbaiki,Perbaiki master barang di sistem sumber agar ejaannya tunggal.
R01,1908,2020-05-30,JOF-011,JOFRANS SOSIS BRATW (ORI) 500 GR X 12,4.0,PACK,28000.0,112000.0,HARUM MANIS,3,referensial,info,Kode barang punya >1 ejaan nama (sudah diseragamkan),perbaiki,Perbaiki master barang di sistem sumber agar ejaannya tunggal.
R01,1909,2020-05-30,SUKI-001,MITRAKU SUKI TOMYAM,6.0,PACK,18000.0,108000.0,HARUM MANIS,3,referensial,info,Kode barang punya >1 ejaan nama (sudah diseragamkan),perbaiki,Perbaiki master barang di sistem sumber agar ejaannya tunggal.
R01,2002,2020-05-30,JOF-007,JOFRANS SOSIS BRATW (KEJU) 500 GR X 12,3.0,PACK,29000.0,87000.0,TOKO SALMAINI HABABAHAN,1,referensial,info,Kode barang punya >1 ejaan nama (sudah diseragamkan),perbaiki,Perbaiki master barang di sistem sumber agar ejaannya tunggal.
R01,2003,2020-05-30,JOF-016,JOFRANS SOSIS BRATW(LADA HITAM) 500GRX12,3.0,PACK,29000.0,87000.0,TOKO SALMAINI HABABAHAN,1,referensial,info,Kode barang punya >1 ejaan nama (sudah diseragamkan),perbaiki,Perbaiki master barang di sistem sumber agar ejaannya tunggal.
R01,2004,2020-05-30,JOF-011,JOFRANS SOSIS BRATW (ORI) 500 GR X 12,3.0,PACK,28000.0,84000.0,TOKO SALMAINI HABABAHAN,1,referensial,info,Kode barang punya >1 ejaan nama (sudah diseragamkan),perbaiki,Perbaiki master barang di sistem sumber agar ejaannya tunggal.
R01,2009,2020-05-30,DEN-006,DEN BAGUS NANO NANO X 20 PACK,1.0,BAL,180000.0,180000.0,PAK ERWIN,3,referensial,info,Kode barang punya >1 ejaan nama (sudah diseragamkan),perbaiki,Perbaiki master barang di sistem sumber agar ejaannya tunggal.
R01,2031,2020-06-03,SUKI-001,MITRAKU SUKI TOMYAM,20.0,PACK,17000.0,340000.0,ADEK FROZEN,1,referensial,info,Kode barang punya >1 ejaan nama (sudah diseragamkan),perbaiki,Perbaiki master barang di sistem sumber agar ejaannya tunggal.
R01,2057,2020-06-03,DEN-006,DEN BAGUS NANO NANO X 20 PACK,2.0,BAL,180000.0,360000.0,KUALU BERKAT,1,referensial,info,Kode barang punya >1 ejaan nama (sudah diseragamkan),perbaiki,Perbaiki master barang di sistem sumber agar ejaannya tunggal.
R01,2073,2020-06-03,JOF-007,JOFRANS SOSIS BRATW (KEJU) 500 GR X 12,1.0,DUS,348000.0,348000.0,DONA FROZEN FOOD,1,referensial,info,Kode barang punya >1 ejaan nama (sudah diseragamkan),perbaiki,Perbaiki master barang di sistem sumber agar ejaannya tunggal.
R01,2074,2020-06-03,JOF-016,JOFRANS SOSIS BRATW(LADA HITAM) 500GRX12,1.0,DUS,348000.0,348000.0,DONA FROZEN FOOD,1,referensial,info,Kode barang punya >1 ejaan nama (sudah diseragamkan),perbaiki,Perbaiki master barang di sistem sumber agar ejaannya tunggal.
R01,2084,2020-06-03,JOF-011,JOFRANS SOSIS BRATW (ORI) 500 GR X 12,7.0,DUS,330000.0,2310000.0,ANTON,1,referensial,info,Kode barang punya >1 ejaan nama (sudah diseragamkan),perbaiki,Perbaiki master barang di sistem sumber agar ejaannya tunggal.
R01,2113,2020-06-03,SUKI-001,MITRAKU SUKI TOMYAM,3.0,PACK,17000.0,51000.0,AMANAH FROZEN,1,referensial,info,Kode barang punya >1 ejaan nama (sudah diseragamkan),perbaiki,Perbaiki master barang di sistem sumber agar ejaannya tunggal.
R01,2121,2020-06-04,SUKI-001,MITRAKU SUKI TOMYAM,10.0,PACK,18000.0,180000.0,ACHEN / VINCENT,1,referensial,info,Kode barang punya >1 ejaan nama (sudah diseragamkan),perbaiki,Perbaiki master barang di sistem sumber agar ejaannya tunggal.
R01,2175,2020-06-05,MANTUL-003,MANTUL OTAK OTAK TEMPURA 500 GR X 20 PAK,1.0,DUS,320000.0,320000.0,HITE,1,referensial,info,Kode barang punya >1 ejaan nama (sudah diseragamkan),perbaiki,Perbaiki master barang di sistem sumber agar ejaannya tunggal.
R01,2191,2020-06-05,DEN-006,DEN BAGUS NANO NANO X 20 PACK,1.0,BAL,180000.0,180000.0,UD. PAK HAJI,1,referensial,info,Kode barang punya >1 ejaan nama (sudah diseragamkan),perbaiki,Perbaiki master barang di sistem sumber agar ejaannya tunggal.
R01,2211,2020-06-05,MANTUL-003,MANTUL OTAK OTAK TEMPURA 500 GR X 20 PAK,1.0,DUS,320000.0,320000.0,TOSERBA JIMMY,1,referensial,info,Kode barang punya >1 ejaan nama (sudah diseragamkan),perbaiki,Perbaiki master barang di sistem sumber agar ejaannya tunggal.
R01,2223,2020-06-06,JOF-016,JOFRANS SOSIS BRATW(LADA HITAM) 500GRX12,5.0,PACK,28500.0,142500.0,OKE MART,1,referensial,info,Kode barang punya >1 ejaan nama (sudah diseragamkan),perbaiki,Perbaiki master barang di sistem sumber agar ejaannya tunggal.
R01,2227,2020-06-06,JOF-011,JOFRANS SOSIS BRATW (ORI) 500 GR X 12,5.0,PACK,27500.0,137500.0,OKE MART,1,referensial,info,Kode barang punya >1 ejaan nama (sudah diseragamkan),perbaiki,Perbaiki master barang di sistem sumber agar ejaannya tunggal.
R01,2228,2020-06-06,JOF-007,JOFRANS SOSIS BRATW (KEJU) 500 GR X 12,5.0,PACK,28500.0,142500.0,OKE MART,1,referensial,info,Kode barang punya >1 ejaan nama (sudah diseragamkan),perbaiki,Perbaiki master barang di sistem sumber agar ejaannya tunggal.
R01,2267,2020-06-08,MANTUL-003,MANTUL OTAK OTAK TEMPURA 500 GR X 20 PAK,1.0,DUS,320000.0,320000.0,PAK SOLEH,1,referensial,info,Kode barang punya >1 ejaan nama (sudah diseragamkan),perbaiki,Perbaiki master barang di sistem sumber agar ejaannya tunggal.
R01,2291,2020-06-08,ARTHUR-001,ARTHUR SHOESTRING 2.5 KG X 4 PACK,75.0,DUS,0.0,0.0,CASH,12,referensial,info,Kode barang punya >1 ejaan nama (sudah diseragamkan),perbaiki,Perbaiki master barang di sistem sumber agar ejaannya tunggal.
R01,2303,2020-06-08,JOF-007,JOFRANS SOSIS BRATW (KEJU) 500 GR X 12,1.0,DUS,348000.0,348000.0,TOSERBA JIMMY,1,referensial,info,Kode barang punya >1 ejaan nama (sudah diseragamkan),perbaiki,Perbaiki master barang di sistem sumber agar ejaannya tunggal.
R01,2304,2020-06-08,JOF-016,JOFRANS SOSIS BRATW(LADA HITAM) 500GRX12,1.0,DUS,348000.0,348000.0,TOSERBA JIMMY,1,referensial,info,Kode barang punya >1 ejaan nama (sudah diseragamkan),perbaiki,Perbaiki master barang di sistem sumber agar ejaannya tunggal.
R01,2335,2020-06-09,BAKSO-002,ILM BAKSO BINTANG 250 GR,5.0,PACK,11000.0,55000.0,PAK ERWIN,3,referensial,info,Kode barang punya >1 ejaan nama (sudah diseragamkan),perbaiki,Perbaiki master barang di sistem sumber agar ejaannya tunggal.
R01,2340,2020-06-09,ARTHUR-001,ARTHUR SHOESTRING 2.5 KG X 4 PACK,2.0,DUS,250000.0,500000.0,SUCI,1,referensial,info,Kode barang punya >1 ejaan nama (sudah diseragamkan),perbaiki,Perbaiki master barang di sistem sumber agar ejaannya tunggal.
R01,2341,2020-06-09,ARTHUR-001,ARTHUR SHOESTRING 2.5 KG X 4 PACK,4.0,DUS,240000.0,960000.0,AMANAH FROZEN,1,referensial,info,Kode barang punya >1 ejaan nama (sudah diseragamkan),perbaiki,Perbaiki master barang di sistem sumber agar ejaannya tunggal.
R01,2364,2020-06-11,SUKI-001,MITRAKU SUKI TOMYAM,6.0,PACK,18000.0,108000.0,MAKMUR JAYA,3,referensial,info,Kode barang punya >1 ejaan nama (sudah diseragamkan),perbaiki,Perbaiki master barang di sistem sumber agar ejaannya tunggal.
R01,2375,2020-06-11,ARTHUR-001,ARTHUR SHOESTRING 2.5 KG X 4 PACK,1.0,DUS,250000.0,250000.0,PAK GUNAWAN,1,referensial,info,Kode barang punya >1 ejaan nama (sudah diseragamkan),perbaiki,Perbaiki master barang di sistem sumber agar ejaannya tunggal.
R01,2378,2020-06-11,ARTHUR-001,ARTHUR SHOESTRING 2.5 KG X 4 PACK,2.0,DUS,240000.0,480000.0,AMANAH FROZEN,1,referensial,info,Kode barang punya >1 ejaan nama (sudah diseragamkan),perbaiki,Perbaiki master barang di sistem sumber agar ejaannya tunggal.
R01,2390,2020-06-11,JOF-011,JOFRANS SOSIS BRATW (ORI) 500 GR X 12,5.0,DUS,330000.0,1650000.0,ANTON,1,referensial,info,Kode barang punya >1 ejaan nama (sudah diseragamkan),perbaiki,Perbaiki master barang di sistem sumber agar ejaannya tunggal.
R01,2402,2020-06-11,ARTHUR-001,ARTHUR SHOESTRING 2.5 KG X 4 PACK,5.0,DUS,225000.0,1125000.0,TOKO CITA RASA BARU,1,referensial,info,Kode barang punya >1 ejaan nama (sudah diseragamkan),perbaiki,Perbaiki master barang di sistem sumber agar ejaannya tunggal.
R01,2410,2020-06-11,MAES-002,MAESTRO LIGHT MAYO 180 GR,96.0,PCS,7500.0,720000.0,TOKO CITA RASA BARU,1,referensial,info,Kode barang punya >1 ejaan nama (sudah diseragamkan),perbaiki,Perbaiki master barang di sistem sumber agar ejaannya tunggal.
R01,2411,2020-06-11,SUKI-001,MITRAKU SUKI TOMYAM,10.0,PACK,17000.0,170000.0,TOKO CITA RASA BARU,1,referensial,info,Kode barang punya >1 ejaan nama (sudah diseragamkan),perbaiki,Perbaiki master barang di sistem sumber agar ejaannya tunggal.
R01,2424,2020-06-12,ARTHUR-001,ARTHUR SHOESTRING 2.5 KG X 4 PACK,6.0,DUS,240000.0,1440000.0,AMANAH FROZEN,1,referensial,info,Kode barang punya >1 ejaan nama (sudah diseragamkan),perbaiki,Perbaiki master barang di sistem sumber agar ejaannya tunggal.
R01,2429,2020-06-12,DEN-006,DEN BAGUS NANO NANO X 20 PACK,1.0,PACK,10000.0,10000.0,CASH,1,referensial,info,Kode barang punya >1 ejaan nama (sudah diseragamkan),perbaiki,Perbaiki master barang di sistem sumber agar ejaannya tunggal.
R01,2446,2020-06-12,DEN-006,DEN BAGUS NANO NANO X 20 PACK,1.0,BAL,140000.0,140000.0,TOKO CITA RASA BARU,1,referensial,info,Kode barang punya >1 ejaan nama (sudah diseragamkan),perbaiki,Perbaiki master barang di sistem sumber agar ejaannya tunggal.
R01,2448,2020-06-13,ARTHUR-001,ARTHUR SHOESTRING 2.5 KG X 4 PACK,1.0,DUS,250000.0,250000.0,PAK GUNAWAN,1,referensial,info,Kode barang punya >1 ejaan nama (sudah diseragamkan),perbaiki,Perbaiki master barang di sistem sumber agar ejaannya tunggal.
R01,2492,2020-06-13,MANTUL-003,MANTUL OTAK OTAK TEMPURA 500 GR X 20 PAK,2.0,DUS,310000.0,620000.0,ABADI JAYA,1,referensial,info,Kode barang punya >1 ejaan nama (sudah diseragamkan),perbaiki,Perbaiki master barang di sistem sumber agar ejaannya tunggal.
R01,2520,2020-06-13,MANTUL-003,MANTUL OTAK OTAK TEMPURA 500 GR X 20 PAK,2.0,DUS,310000.0,620000.0,TOKO DENIS,1,referensial,info,Kode barang punya >1 ejaan nama (sudah diseragamkan),perbaiki,Perbaiki master barang di sistem sumber agar ejaannya tunggal.
R01,2553,2020-06-15,SHIF-003,SHIFUDO FISH ROLL 250 GR X 20 PACK,3.0,DUS,201020.0,603060.0,ANJANI FROZEN FOOD,1,referensial,info,Kode barang punya >1 ejaan nama (sudah diseragamkan),perbaiki,Perbaiki master barang di sistem sumber agar ejaannya tunggal.
R01,2557,2020-06-15,ARTHUR-001,ARTHUR SHOESTRING 2.5 KG X 4 PACK,4.0,DUS,250000.0,1000000.0,PAK GUNAWAN,1,referensial,info,Kode barang punya >1 ejaan nama (sudah diseragamkan),perbaiki,Perbaiki master barang di sistem sumber agar ejaannya tunggal.
R01,2572,2020-06-16,SUKI-001,MITRAKU SUKI TOMYAM,2.0,PACK,18500.0,37000.0,IBU SURYANI,1,referensial,info,Kode barang punya >1 ejaan nama (sudah diseragamkan),perbaiki,Perbaiki master barang di sistem sumber agar ejaannya tunggal.
R01,2619,2020-06-17,JOF-011,JOFRANS SOSIS BRATW (ORI) 500 GR X 12,6.0,PACK,28000.0,168000.0,AMI SWALAYAN,1,referensial,info,Kode barang punya >1 ejaan nama (sudah diseragamkan),perbaiki,Perbaiki master barang di sistem sumber agar ejaannya tunggal.
R01,2630,2020-06-17,SUKI-001,MITRAKU SUKI TOMYAM,20.0,PACK,18000.0,360000.0,ANTON,1,referensial,info,Kode barang punya >1 ejaan nama (sudah diseragamkan),perbaiki,Perbaiki master barang di sistem sumber agar ejaannya tunggal.
R01,2643,2020-06-17,SUKI-001,MITRAKU SUKI TOMYAM,20.0,PACK,18000.0,360000.0,TOKO CITA RASA BARU,1,referensial,info,Kode barang punya >1 ejaan nama (sudah diseragamkan),perbaiki,Perbaiki master barang di sistem sumber agar ejaannya tunggal.
R01,2646,2020-06-17,MAES-002,MAESTRO LIGHT MAYO 180 GR,72.0,PCS,7500.0,540000.0,TOKO CITA RASA BARU,1,referensial,info,Kode barang punya >1 ejaan nama (sudah diseragamkan),perbaiki,Perbaiki master barang di sistem sumber agar ejaannya tunggal.
R01,2647,2020-06-17,MAES-003,MAESTRO LIGHT MAYO SCH 100 GR,120.0,PACK,4700.0,564000.0,TOKO CITA RASA BARU,1,referensial,info,Kode barang punya >1 ejaan nama (sudah diseragamkan),perbaiki,Perbaiki master barang di sistem sumber agar ejaannya tunggal.
R01,2654,2020-06-17,MANTUL-003,MANTUL OTAK OTAK TEMPURA 500 GR X 20 PAK,1.0,DUS,320000.0,320000.0,TOKO CITA RASA BARU,1,referensial,info,Kode barang punya >1 ejaan nama (sudah diseragamkan),perbaiki,Perbaiki master barang di sistem sumber agar ejaannya tunggal.
R01,2663,2020-06-17,SUKI-001,MITRAKU SUKI TOMYAM,10.0,PACK,18000.0,180000.0,RUMAH SOSIS,1,referensial,info,Kode barang punya >1 ejaan nama (sudah diseragamkan),perbaiki,Perbaiki master barang di sistem sumber agar ejaannya tunggal.
R01,2665,2020-06-17,JOF-011,JOFRANS SOSIS BRATW (ORI) 500 GR X 12,1.0,DUS,330000.0,330000.0,ANGWEN,1,referensial,info,Kode barang punya >1 ejaan nama (sudah diseragamkan),perbaiki,Perbaiki master barang di sistem sumber agar ejaannya tunggal.
R01,2671,2020-06-17,SUKI-001,MITRAKU SUKI TOMYAM,20.0,PACK,19000.0,380000.0,BU INAH,1,referensial,info,Kode barang punya >1 ejaan nama (sudah diseragamkan),perbaiki,Perbaiki master barang di sistem sumber agar ejaannya tunggal.
R01,2745,2020-06-20,BAKSO-002,ILM BAKSO BINTANG 250 GR,1.0,PACK,11000.0,11000.0,CASH,1,referensial,info,Kode barang punya >1 ejaan nama (sudah diseragamkan),perbaiki,Perbaiki master barang di sistem sumber agar ejaannya tunggal.
R01,2772,2020-06-20,ARTHUR-001,ARTHUR SHOESTRING 2.5 KG X 4 PACK,1.0,DUS,245000.0,245000.0,WILLIAM FROZEN,1,referensial,info,Kode barang punya >1 ejaan nama (sudah diseragamkan),perbaiki,Perbaiki master barang di sistem sumber agar ejaannya tunggal.
R01,2775,2020-06-20,ARTHUR-001,ARTHUR SHOESTRING 2.5 KG X 4 PACK,10.0,DUS,240000.0,2400000.0,GRAHA SANDENI,1,referensial,info,Kode barang punya >1 ejaan nama (sudah diseragamkan),perbaiki,Perbaiki master barang di sistem sumber agar ejaannya tunggal.
R01,2776,2020-06-20,MAES-002,MAESTRO LIGHT MAYO 180 GR,96.0,PCS,8500.0,816000.0,GRAHA SANDENI,1,referensial,info,Kode barang punya >1 ejaan nama (sudah diseragamkan),perbaiki,Perbaiki master barang di sistem sumber agar ejaannya tunggal.
R01,2777,2020-06-20,MAES-003,MAESTRO LIGHT MAYO SCH 100 GR,120.0,PACK,5500.0,660000.0,GRAHA SANDENI,1,referensial,info,Kode barang punya >1 ejaan nama (sudah diseragamkan),perbaiki,Perbaiki master barang di sistem sumber agar ejaannya tunggal.
R01,2801,2020-06-22,BAKSO-002,ILM BAKSO BINTANG 250 GR,3.0,PACK,11000.0,33000.0,TOKO SALMAINI HABABAHAN,1,referensial,info,Kode barang punya >1 ejaan nama (sudah diseragamkan),perbaiki,Perbaiki master barang di sistem sumber agar ejaannya tunggal.
R01,2804,2020-06-22,BAKSO-003,ILM BAKSO IKAN OLAHAN BENTUK TAHU 200 GR,3.0,PACK,10000.0,30000.0,TOKO SALMAINI HABABAHAN,1,referensial,info,Kode barang punya >1 ejaan nama (sudah diseragamkan),perbaiki,Perbaiki master barang di sistem sumber agar ejaannya tunggal.
R01,2812,2020-06-22,ARTHUR-001,ARTHUR SHOESTRING 2.5 KG X 4 PACK,20.0,DUS,245000.0,4900000.0,WILLIAM FROZEN,1,referensial,info,Kode barang punya >1 ejaan nama (sudah diseragamkan),perbaiki,Perbaiki master barang di sistem sumber agar ejaannya tunggal.
R01,2814,2020-06-22,BAKSO-002,ILM BAKSO BINTANG 250 GR,1.0,PACK,12000.0,12000.0,PAK GUNAWAN,1,referensial,info,Kode barang punya >1 ejaan nama (sudah diseragamkan),perbaiki,Perbaiki master barang di sistem sumber agar ejaannya tunggal.
R01,2815,2020-06-22,BAKSO-001,ILM BAKSO ANEKA WARNA 250 GR,1.0,PACK,12000.0,12000.0,PAK GUNAWAN,1,referensial,info,Kode barang punya >1 ejaan nama (sudah diseragamkan),perbaiki,Perbaiki master barang di sistem sumber agar ejaannya tunggal.
R01,2816,2020-06-22,BAKSO-003,ILM BAKSO IKAN OLAHAN BENTUK TAHU 200 GR,1.0,PACK,10000.0,10000.0,PAK GUNAWAN,1,referensial,info,Kode barang punya >1 ejaan nama (sudah diseragamkan),perbaiki,Perbaiki master barang di sistem sumber agar ejaannya tunggal.
R01,2817,2020-06-22,ARTHUR-001,ARTHUR SHOESTRING 2.5 KG X 4 PACK,2.0,DUS,250000.0,500000.0,PAK GUNAWAN,1,referensial,info,Kode barang punya >1 ejaan nama (sudah diseragamkan),perbaiki,Perbaiki master barang di sistem sumber agar ejaannya tunggal.
R01,2823,2020-06-22,BAKSO-001,ILM BAKSO ANEKA WARNA 250 GR,1.0,PACK,11000.0,11000.0,FADIL ANAK BOS,1,referensial,info,Kode barang punya >1 ejaan nama (sudah diseragamkan),perbaiki,Perbaiki master barang di sistem sumber agar ejaannya tunggal.
R01,2828,2020-06-22,BAKSO-003,ILM BAKSO IKAN OLAHAN BENTUK TAHU 200 GR,1.0,PACK,10000.0,10000.0,SALES FANDI,1,referensial,info,Kode barang punya >1 ejaan nama (sudah diseragamkan),perbaiki,Perbaiki master barang di sistem sumber agar ejaannya tunggal.
R01,2850,2020-06-23,BAKSO-003,ILM BAKSO IKAN OLAHAN BENTUK TAHU 200 GR,1.0,PACK,10000.0,10000.0,SALES FANDI,1,referensial,info,Kode barang punya >1 ejaan nama (sudah diseragamkan),perbaiki,Perbaiki master barang di sistem sumber agar ejaannya tunggal.
R01,2884,2020-06-23,BAKSO-002,ILM BAKSO BINTANG 250 GR,20.0,PACK,11800.0,236000.0,RUMAH SOSIS,1,referensial,info,Kode barang punya >1 ejaan nama (sudah diseragamkan),perbaiki,Perbaiki master barang di sistem sumber agar ejaannya tunggal.
R01,2885,2020-06-23,BAKSO-001,ILM BAKSO ANEKA WARNA 250 GR,20.0,PACK,11800.0,236000.0,RUMAH SOSIS,1,referensial,info,Kode barang punya >1 ejaan nama (sudah diseragamkan),perbaiki,Perbaiki master barang di sistem sumber agar ejaannya tunggal.
R01,2886,2020-06-23,BAKSO-003,ILM BAKSO IKAN OLAHAN BENTUK TAHU 200 GR,20.0,PACK,10000.0,200000.0,RUMAH SOSIS,1,referensial,info,Kode barang punya >1 ejaan nama (sudah diseragamkan),perbaiki,Perbaiki master barang di sistem sumber agar ejaannya tunggal.
R01,2903,2020-06-23,MAES-003,MAESTRO LIGHT MAYO SCH 100 GR,70.0,PACK,4700.0,329000.0,TOKO CITA RASA BARU,1,referensial,info,Kode barang punya >1 ejaan nama (sudah diseragamkan),perbaiki,Perbaiki master barang di sistem sumber agar ejaannya tunggal.
R01,2935,2020-06-24,DEN-006,DEN BAGUS NANO NANO X 20 PACK,2.0,BAL,180000.0,360000.0,KUALU BERKAT,1,referensial,info,Kode barang punya >1 ejaan nama (sudah diseragamkan),perbaiki,Perbaiki master barang di sistem sumber agar ejaannya tunggal.
R01,2956,2020-06-26,BAKSO-001,ILM BAKSO ANEKA WARNA 250 GR,5.0,PACK,11000.0,55000.0,TOKO SUKMA,2,referensial,info,Kode barang punya >1 ejaan nama (sudah diseragamkan),perbaiki,Perbaiki master barang di sistem sumber agar ejaannya tunggal.
R01,2957,2020-06-26,BAKSO-002,ILM BAKSO BINTANG 250 GR,5.0,PACK,11000.0,55000.0,TOKO SUKMA,2,referensial,info,Kode barang punya >1 ejaan nama (sudah diseragamkan),perbaiki,Perbaiki master barang di sistem sumber agar ejaannya tunggal.
R01,2958,2020-06-26,BAKSO-003,ILM BAKSO IKAN OLAHAN BENTUK TAHU 200 GR,5.0,PACK,10000.0,50000.0,TOKO SUKMA,2,referensial,info,Kode barang punya >1 ejaan nama (sudah diseragamkan),perbaiki,Perbaiki master barang di sistem sumber agar ejaannya tunggal.
R01,2960,2020-06-26,SUKI-001,MITRAKU SUKI TOMYAM,14.0,PACK,18000.0,252000.0,LUCKY,2,referensial,info,Kode barang punya >1 ejaan nama (sudah diseragamkan),perbaiki,Perbaiki master barang di sistem sumber agar ejaannya tunggal.
R01,2966,2020-06-26,BAKSO-003,ILM BAKSO IKAN OLAHAN BENTUK TAHU 200 GR,12.0,PACK,10000.0,120000.0,LUCKY,2,referensial,info,Kode barang punya >1 ejaan nama (sudah diseragamkan),perbaiki,Perbaiki master barang di sistem sumber agar ejaannya tunggal.
R01,2967,2020-06-26,BAKSO-002,ILM BAKSO BINTANG 250 GR,20.0,PACK,12000.0,240000.0,LUCKY,2,referensial,info,Kode barang punya >1 ejaan nama (sudah diseragamkan),perbaiki,Perbaiki master barang di sistem sumber agar ejaannya tunggal.
R01,2968,2020-06-26,BAKSO-001,ILM BAKSO ANEKA WARNA 250 GR,20.0,PACK,12000.0,240000.0,LUCKY,2,referensial,info,Kode barang punya >1 ejaan nama (sudah diseragamkan),perbaiki,Perbaiki master barang di sistem sumber agar ejaannya tunggal.
R01,2978,2020-06-26,BAKSO-001,ILM BAKSO ANEKA WARNA 250 GR,6.0,PACK,12000.0,72000.0,KIKI,2,referensial,info,Kode barang punya >1 ejaan nama (sudah diseragamkan),perbaiki,Perbaiki master barang di sistem sumber agar ejaannya tunggal.
R01,2987,2020-06-26,JOF-007,JOFRANS SOSIS BRATW (KEJU) 500 GR X 12,2.0,PACK,28500.0,57000.0,PAK ERWIN,4,referensial,info,Kode barang punya >1 ejaan nama (sudah diseragamkan),perbaiki,Perbaiki master barang di sistem sumber agar ejaannya tunggal.
R01,2988,2020-06-26,JOF-016,JOFRANS SOSIS BRATW(LADA HITAM) 500GRX12,2.0,PACK,28500.0,57000.0,PAK ERWIN,4,referensial,info,Kode barang punya >1 ejaan nama (sudah diseragamkan),perbaiki,Perbaiki master barang di sistem sumber agar ejaannya tunggal.
R01,3010,2020-06-26,BAKSO-001,ILM BAKSO ANEKA WARNA 250 GR,20.0,PACK,11500.0,230000.0,ADEK FROZEN,2,referensial,info,Kode barang punya >1 ejaan nama (sudah diseragamkan),perbaiki,Perbaiki master barang di sistem sumber agar ejaannya tunggal.
R01,3011,2020-06-26,BAKSO-002,ILM BAKSO BINTANG 250 GR,20.0,PACK,11500.0,230000.0,ADEK FROZEN,2,referensial,info,Kode barang punya >1 ejaan nama (sudah diseragamkan),perbaiki,Perbaiki master barang di sistem sumber agar ejaannya tunggal.
R01,3012,2020-06-26,BAKSO-003,ILM BAKSO IKAN OLAHAN BENTUK TAHU 200 GR,20.0,PACK,10500.0,210000.0,ADEK FROZEN,2,referensial,info,Kode barang punya >1 ejaan nama (sudah diseragamkan),perbaiki,Perbaiki master barang di sistem sumber agar ejaannya tunggal.
R01,3019,2020-06-26,BLF-016,BELFOODS FAV.AYAM GORENG RENYAH 500GRX12,2.0,DUS,436800.0,873600.0,ADEK FROZEN,2,referensial,info,Kode barang punya >1 ejaan nama (sudah diseragamkan),perbaiki,Perbaiki master barang di sistem sumber agar ejaannya tunggal.
R01,3034,2020-06-26,TORTILA-001,TORTILA KECIL,18.0,PACK,25250.0,454500.0,RUMAH SOSIS,2,referensial,info,Kode barang punya >1 ejaan nama (sudah diseragamkan),perbaiki,Perbaiki master barang di sistem sumber agar ejaannya tunggal.
R01,3044,2020-06-26,BAKSO-001,ILM BAKSO ANEKA WARNA 250 GR,10.0,PACK,11800.0,118000.0,ANTON,2,referensial,info,Kode barang punya >1 ejaan nama (sudah diseragamkan),perbaiki,Perbaiki master barang di sistem sumber agar ejaannya tunggal.
R01,3045,2020-06-26,BAKSO-002,ILM BAKSO BINTANG 250 GR,10.0,PACK,11800.0,118000.0,ANTON,2,referensial,info,Kode barang punya >1 ejaan nama (sudah diseragamkan),perbaiki,Perbaiki master barang di sistem sumber agar ejaannya tunggal.
R01,3046,2020-06-26,BAKSO-003,ILM BAKSO IKAN OLAHAN BENTUK TAHU 200 GR,7.0,PACK,10500.0,73500.0,ANTON,2,referensial,info,Kode barang punya >1 ejaan nama (sudah diseragamkan),perbaiki,Perbaiki master barang di sistem sumber agar ejaannya tunggal.
R01,3056,2020-06-26,MAES-002,MAESTRO LIGHT MAYO 180 GR,72.0,PCS,7500.0,540000.0,TOKO CITA RASA BARU,2,referensial,info,Kode barang punya >1 ejaan nama (sudah diseragamkan),perbaiki,Perbaiki master barang di sistem sumber agar ejaannya tunggal.
R01,3058,2020-06-26,MAES-003,MAESTRO LIGHT MAYO SCH 100 GR,40.0,PACK,4700.0,188000.0,TOKO CITA RASA BARU,2,referensial,info,Kode barang punya >1 ejaan nama (sudah diseragamkan),perbaiki,Perbaiki master barang di sistem sumber agar ejaannya tunggal.
R01,3124,2020-06-29,JOF-016,JOFRANS SOSIS BRATW(LADA HITAM) 500GRX12,6.0,PACK,28500.0,171000.0,MAK ITAM,1,referensial,info,Kode barang punya >1 ejaan nama (sudah diseragamkan),perbaiki,Perbaiki master barang di sistem sumber agar ejaannya tunggal.
R01,3166,2020-06-30,BAKSO-001,ILM BAKSO ANEKA WARNA 250 GR,7.0,PACK,12000.0,84000.0,MM. PELANGI MART,1,referensial,info,Kode barang punya >1 ejaan nama (sudah diseragamkan),perbaiki,Perbaiki master barang di sistem sumber agar ejaannya tunggal.
R01,3172,2020-06-30,SHIF-003,SHIFUDO FISH ROLL 250 GR X 20 PACK,10.0,PACK,11000.0,110000.0,DONA FROZEN FOOD,1,referensial,info,Kode barang punya >1 ejaan nama (sudah diseragamkan),perbaiki,Perbaiki master barang di sistem sumber agar ejaannya tunggal.
R01,3183,2020-06-30,SUKI-001,MITRAKU SUKI TOMYAM,9.0,PACK,18000.0,162000.0,CASH,1,referensial,info,Kode barang punya >1 ejaan nama (sudah diseragamkan),perbaiki,Perbaiki master barang di sistem sumber agar ejaannya tunggal.
R01,3207,2020-06-30,WEI-001,WEI WANG COKLAT X 12 PACK,6.0,PACK,14000.0,84000.0,IBU SURYANI,1,referensial,info,Kode barang punya >1 ejaan nama (sudah diseragamkan),perbaiki,Perbaiki master barang di sistem sumber agar ejaannya tunggal.
R01,3231,2020-07-02,JOF-011,JOFRANS SOSIS BRATW (ORI) 500 GR X 12,2.0,DUS,330000.0,660000.0,TOKO ABADI,1,referensial,info,Kode barang punya >1 ejaan nama (sudah diseragamkan),perbaiki,Perbaiki master barang di sistem sumber agar ejaannya tunggal.
R01,3299,2020-07-04,BAKSO-002,ILM BAKSO BINTANG 250 GR,10.0,PACK,11500.0,115000.0,PAK SLAMET / MBAH BEJO,1,referensial,info,Kode barang punya >1 ejaan nama (sudah diseragamkan),perbaiki,Perbaiki master barang di sistem sumber agar ejaannya tunggal.
R01,3300,2020-07-04,BAKSO-001,ILM BAKSO ANEKA WARNA 250 GR,10.0,PACK,11500.0,115000.0,PAK SLAMET / MBAH BEJO,1,referensial,info,Kode barang punya >1 ejaan nama (sudah diseragamkan),perbaiki,Perbaiki master barang di sistem sumber agar ejaannya tunggal.
R01,3301,2020-07-04,BAKSO-003,ILM BAKSO IKAN OLAHAN BENTUK TAHU 200 GR,10.0,PACK,10000.0,100000.0,PAK SLAMET / MBAH BEJO,1,referensial,info,Kode barang punya >1 ejaan nama (sudah diseragamkan),perbaiki,Perbaiki master barang di sistem sumber agar ejaannya tunggal.
R01,3310,2020-07-04,CAV-001,CAVENDISH SHOESTRING 2.94 KG X 6 PACK,16.0,DUS,0.0,0.0,CASH,11,referensial,info,Kode barang punya >1 ejaan nama (sudah diseragamkan),perbaiki,Perbaiki master barang di sistem sumber agar ejaannya tunggal.
R01,3332,2020-07-04,BAKSO-002,ILM BAKSO BINTANG 250 GR,1.0,PACK,11500.0,11500.0,FADIL ANAK BOS,1,referensial,info,Kode barang punya >1 ejaan nama (sudah diseragamkan),perbaiki,Perbaiki master barang di sistem sumber agar ejaannya tunggal.
R01,3342,2020-07-04,SHIF-003,SHIFUDO FISH ROLL 250 GR X 20 PACK,1.0,PACK,10000.0,10000.0,FADIL ANAK BOS,1,referensial,info,Kode barang punya >1 ejaan nama (sudah diseragamkan),perbaiki,Perbaiki master barang di sistem sumber agar ejaannya tunggal.
R01,3347,2020-07-04,DEN-006,DEN BAGUS NANO NANO X 20 PACK,2.0,PACK,10000.0,20000.0,FADIL ANAK BOS,1,referensial,info,Kode barang punya >1 ejaan nama (sudah diseragamkan),perbaiki,Perbaiki master barang di sistem sumber agar ejaannya tunggal.
R01,3398,2020-07-06,BAKSO-003,ILM BAKSO IKAN OLAHAN BENTUK TAHU 200 GR,10.0,PACK,11000.0,110000.0,TOKO SALMAINI HABABAHAN,1,referensial,info,Kode barang punya >1 ejaan nama (sudah diseragamkan),perbaiki,Perbaiki master barang di sistem sumber agar ejaannya tunggal.
R01,3413,2020-07-06,JOF-011,JOFRANS SOSIS BRATW (ORI) 500 GR X 12,12.0,PACK,27500.0,330000.0,MAJU JAYA,1,referensial,info,Kode barang punya >1 ejaan nama (sudah diseragamkan),perbaiki,Perbaiki master barang di sistem sumber agar ejaannya tunggal.
R01,3423,2020-07-06,JOF-011,JOFRANS SOSIS BRATW (ORI) 500 GR X 12,24.0,PACK,28500.0,684000.0,TANJUNG GADING,1,referensial,info,Kode barang punya >1 ejaan nama (sudah diseragamkan),perbaiki,Perbaiki master barang di sistem sumber agar ejaannya tunggal.
R01,3430,2020-07-06,SUKI-001,MITRAKU SUKI TOMYAM,20.0,PCS,18000.0,360000.0,TANJUNG GADING,1,referensial,info,Kode barang punya >1 ejaan nama (sudah diseragamkan),perbaiki,Perbaiki master barang di sistem sumber agar ejaannya tunggal.
R01,3433,2020-07-06,SUKI-001,MITRAKU SUKI TOMYAM,15.0,PCS,18000.0,270000.0,RETRO,1,referensial,info,Kode barang punya >1 ejaan nama (sudah diseragamkan),perbaiki,Perbaiki master barang di sistem sumber agar ejaannya tunggal.
R01,3434,2020-07-06,SUN-003,SUNFISH OTAK OTAK ISI 40 500 GR X 12,12.0,PACK,19000.0,228000.0,RETRO,2,referensial,info,Kode barang punya >1 ejaan nama (sudah diseragamkan),perbaiki,Perbaiki master barang di sistem sumber agar ejaannya tunggal.
R01,3445,2020-07-06,WEI-001,WEI WANG COKLAT X 12 PACK,12.0,PACK,14000.0,168000.0,UD. PAK HAJI,1,referensial,info,Kode barang punya >1 ejaan nama (sudah diseragamkan),perbaiki,Perbaiki master barang di sistem sumber agar ejaannya tunggal.
R01,3457,2020-07-06,SUN-003,SUNFISH OTAK OTAK ISI 40 500 GR X 12,1.0,DUS,216000.0,216000.0,TOKO CITA RASA BARU,1,referensial,info,Kode barang punya >1 ejaan nama (sudah diseragamkan),perbaiki,Perbaiki master barang di sistem sumber agar ejaannya tunggal.
R01,3462,2020-07-06,WEI-001,WEI WANG COKLAT X 12 PACK,1.0,DUS,160000.0,160000.0,TOKO CITA RASA BARU,1,referensial,info,Kode barang punya >1 ejaan nama (sudah diseragamkan),perbaiki,Perbaiki master barang di sistem sumber agar ejaannya tunggal.
R01,3463,2020-07-06,TORTILA-001,TORTILA KECIL,25.0,PACK,24500.0,612500.0,TOKO CITA RASA BARU,1,referensial,info,Kode barang punya >1 ejaan nama (sudah diseragamkan),perbaiki,Perbaiki master barang di sistem sumber agar ejaannya tunggal.
R01,3499,2020-07-07,SHIF-003,SHIFUDO FISH ROLL 250 GR X 20 PACK,29.0,PACK,10000.0,290000.0,TOKO ALZENA,2,referensial,info,Kode barang punya >1 ejaan nama (sudah diseragamkan),perbaiki,Perbaiki master barang di sistem sumber agar ejaannya tunggal.
R01,3550,2020-07-10,BAKSO-003,ILM BAKSO IKAN OLAHAN BENTUK TAHU 200 GR,16.0,PACK,11000.0,176000.0,TOKO NURHADI,3,referensial,info,Kode barang punya >1 ejaan nama (sudah diseragamkan),perbaiki,Perbaiki master barang di sistem sumber agar ejaannya tunggal.
R01,3552,2020-07-10,BAKSO-001,ILM BAKSO ANEKA WARNA 250 GR,10.0,PACK,12500.0,125000.0,TOKO NURHADI,3,referensial,info,Kode barang punya >1 ejaan nama (sudah diseragamkan),perbaiki,Perbaiki master barang di sistem sumber agar ejaannya tunggal.
R01,3553,2020-07-10,BAKSO-002,ILM BAKSO BINTANG 250 GR,2.0,PACK,12500.0,25000.0,TOKO NURHADI,3,referensial,info,Kode barang punya >1 ejaan nama (sudah diseragamkan),perbaiki,Perbaiki master barang di sistem sumber agar ejaannya tunggal.
R01,3561,2020-07-10,SUN-003,SUNFISH OTAK OTAK ISI 40 500 GR X 12,12.0,PACK,19000.0,228000.0,PAK SOLEH,2,referensial,info,Kode barang punya >1 ejaan nama (sudah diseragamkan),perbaiki,Perbaiki master barang di sistem sumber agar ejaannya tunggal.
R01,3566,2020-07-10,BAKSO-001,ILM BAKSO ANEKA WARNA 250 GR,5.0,PACK,12500.0,62500.0,TOKO AQILA,3,referensial,info,Kode barang punya >1 ejaan nama (sudah diseragamkan),perbaiki,Perbaiki master barang di sistem sumber agar ejaannya tunggal.
R01,3572,2020-07-10,SUN-003,SUNFISH OTAK OTAK ISI 40 500 GR X 12,5.0,PACK,20000.0,100000.0,TOKO BAIHAQI,1,referensial,info,Kode barang punya >1 ejaan nama (sudah diseragamkan),perbaiki,Perbaiki master barang di sistem sumber agar ejaannya tunggal.
R01,3581,2020-07-10,SUN-003,SUNFISH OTAK OTAK ISI 40 500 GR X 12,12.0,PACK,20000.0,240000.0,PUTRA TUNGGAL,4,referensial,info,Kode barang punya >1 ejaan nama (sudah diseragamkan),perbaiki,Perbaiki master barang di sistem sumber agar ejaannya tunggal.
R01,3585,2020-07-10,BAKSO-001,ILM BAKSO ANEKA WARNA 250 GR,3.0,PACK,12500.0,37500.0,PUTRA TUNGGAL,3,referensial,info,Kode barang punya >1 ejaan nama (sudah diseragamkan),perbaiki,Perbaiki master barang di sistem sumber agar ejaannya tunggal.
R01,3616,2020-07-11,SUN-003,SUNFISH OTAK OTAK ISI 40 500 GR X 12,1.0,PACK,19000.0,19000.0,FADIL ANAK BOS,1,referensial,info,Kode barang punya >1 ejaan nama (sudah diseragamkan),perbaiki,Perbaiki master barang di sistem sumber agar ejaannya tunggal.
R01,3617,2020-07-11,MANTUL-003,MANTUL OTAK OTAK TEMPURA 500 GR X 20 PAK,1.0,PACK,16000.0,16000.0,FADIL ANAK BOS,1,referensial,info,Kode barang punya >1 ejaan nama (sudah diseragamkan),perbaiki,Perbaiki master barang di sistem sumber agar ejaannya tunggal.
R01,3621,2020-07-13,JOF-011,JOFRANS SOSIS BRATW (ORI) 500 GR X 12,15.0,PACK,27500.0,412500.0,PAK GUNAWAN,1,referensial,info,Kode barang punya >1 ejaan nama (sudah diseragamkan),perbaiki,Perbaiki master barang di sistem sumber agar ejaannya tunggal.
R01,3642,2020-07-13,WEI-001,WEI WANG COKLAT X 12 PACK,6.0,PACK,15000.0,90000.0,PAK SLAMET / MBAH BEJO,1,referensial,info,Kode barang punya >1 ejaan nama (sudah diseragamkan),perbaiki,Perbaiki master barang di sistem sumber agar ejaannya tunggal.
R01,3648,2020-07-13,SUN-003,SUNFISH OTAK OTAK ISI 40 500 GR X 12,1.0,PACK,20000.0,20000.0,CASH,1,referensial,info,Kode barang punya >1 ejaan nama (sudah diseragamkan),perbaiki,Perbaiki master barang di sistem sumber agar ejaannya tunggal.
R01,3655,2020-07-13,DEN-006,DEN BAGUS NANO NANO X 20 PACK,1.0,BAL,150000.0,150000.0,TOKO CITA RASA BARU,1,referensial,info,Kode barang punya >1 ejaan nama (sudah diseragamkan),perbaiki,Perbaiki master barang di sistem sumber agar ejaannya tunggal.
R01,3663,2020-07-13,TORTILA-001,TORTILA KECIL,50.0,PACK,25250.0,1262500.0,RUMAH SOSIS,1,referensial,info,Kode barang punya >1 ejaan nama (sudah diseragamkan),perbaiki,Perbaiki master barang di sistem sumber agar ejaannya tunggal.
R01,3681,2020-07-13,SUN-003,SUNFISH OTAK OTAK ISI 40 500 GR X 12,1.0,PACK,20000.0,20000.0,CASH,6,referensial,info,Kode barang punya >1 ejaan nama (sudah diseragamkan),perbaiki,Perbaiki master barang di sistem sumber agar ejaannya tunggal.
R01,3711,2020-07-14,MANTUL-003,MANTUL OTAK OTAK TEMPURA 500 GR X 20 PAK,22.0,PACK,16000.0,352000.0,CASH,1,referensial,info,Kode barang punya >1 ejaan nama (sudah diseragamkan),perbaiki,Perbaiki master barang di sistem sumber agar ejaannya tunggal.
R01,3726,2020-07-15,BAKSO-001,ILM BAKSO ANEKA WARNA 250 GR,4.0,PACK,12500.0,50000.0,TOSERBA JIMMY,1,referensial,info,Kode barang punya >1 ejaan nama (sudah diseragamkan),perbaiki,Perbaiki master barang di sistem sumber agar ejaannya tunggal.
R01,3727,2020-07-15,BAKSO-002,ILM BAKSO BINTANG 250 GR,12.0,PACK,12500.0,150000.0,TOSERBA JIMMY,1,referensial,info,Kode barang punya >1 ejaan nama (sudah diseragamkan),perbaiki,Perbaiki master barang di sistem sumber agar ejaannya tunggal.
R01,3728,2020-07-15,BAKSO-003,ILM BAKSO IKAN OLAHAN BENTUK TAHU 200 GR,15.0,PACK,11000.0,165000.0,TOSERBA JIMMY,1,referensial,info,Kode barang punya >1 ejaan nama (sudah diseragamkan),perbaiki,Perbaiki master barang di sistem sumber agar ejaannya tunggal.
R01,3735,2020-07-15,JOF-011,JOFRANS SOSIS BRATW (ORI) 500 GR X 12,5.0,PACK,27500.0,137500.0,PAK GUNAWAN,1,referensial,info,Kode barang punya >1 ejaan nama (sudah diseragamkan),perbaiki,Perbaiki master barang di sistem sumber agar ejaannya tunggal.
R01,3739,2020-07-15,SUN-003,SUNFISH OTAK OTAK ISI 40 500 GR X 12,2.0,PACK,20000.0,40000.0,CASH,1,referensial,info,Kode barang punya >1 ejaan nama (sudah diseragamkan),perbaiki,Perbaiki master barang di sistem sumber agar ejaannya tunggal.
R01,3759,2020-07-16,SHIF-005,SHIFUDO CHIKUWA 500 GR X 16 PACK,14.0,DUS,384000.0,5376000.0,ADEK FROZEN,1,referensial,info,Kode barang punya >1 ejaan nama (sudah diseragamkan),perbaiki,Perbaiki master barang di sistem sumber agar ejaannya tunggal.
R01,3770,2020-07-16,JUR-002,JURAGAN SOSIS SAPI BAKAR ORI 500 GR X 20,1.0,DUS,550000.0,550000.0,ADEK FROZEN,1,referensial,info,Kode barang punya >1 ejaan nama (sudah diseragamkan),perbaiki,Perbaiki master barang di sistem sumber agar ejaannya tunggal.
R01,3772,2020-07-16,SUN-003,SUNFISH OTAK OTAK ISI 40 500 GR X 12,2.0,PACK,20000.0,40000.0,CASH,1,referensial,info,Kode barang punya >1 ejaan nama (sudah diseragamkan),perbaiki,Perbaiki master barang di sistem sumber agar ejaannya tunggal.
R01,3775,2020-07-16,DEN-006,DEN BAGUS NANO NANO X 20 PACK,2.0,PACK,10000.0,20000.0,CASH,1,referensial,info,Kode barang punya >1 ejaan nama (sudah diseragamkan),perbaiki,Perbaiki master barang di sistem sumber agar ejaannya tunggal.
R01,3780,2020-07-16,BAKSO-003,ILM BAKSO IKAN OLAHAN BENTUK TAHU 200 GR,1.0,PACK,10000.0,10000.0,SALES FANDI,1,referensial,info,Kode barang punya >1 ejaan nama (sudah diseragamkan),perbaiki,Perbaiki master barang di sistem sumber agar ejaannya tunggal.
R01,3789,2020-07-16,JOF-016,JOFRANS SOSIS BRATW(LADA HITAM) 500GRX12,4.0,PACK,28500.0,114000.0,PAK GUNAWAN,1,referensial,info,Kode barang punya >1 ejaan nama (sudah diseragamkan),perbaiki,Perbaiki master barang di sistem sumber agar ejaannya tunggal.
R01,3793,2020-07-17,SHIF-005,SHIFUDO CHIKUWA 500 GR X 16 PACK,1.0,DUS,360000.0,360000.0,TOKO CITA RASA BARU,1,referensial,info,Kode barang punya >1 ejaan nama (sudah diseragamkan),perbaiki,Perbaiki master barang di sistem sumber agar ejaannya tunggal.
R01,3811,2020-07-17,JUR-002,JURAGAN SOSIS SAPI BAKAR ORI 500 GR X 20,1.0,DUS,510000.0,510000.0,TOKO CITA RASA BARU,1,referensial,info,Kode barang punya >1 ejaan nama (sudah diseragamkan),perbaiki,Perbaiki master barang di sistem sumber agar ejaannya tunggal.
R01,3812,2020-07-17,BESTO-002,BESTO BRATWURST BAKAR ORI 500 GRX20 PAK,1.0,DUS,760000.0,760000.0,TOKO CITA RASA BARU,1,referensial,info,Kode barang punya >1 ejaan nama (sudah diseragamkan),perbaiki,Perbaiki master barang di sistem sumber agar ejaannya tunggal.
R01,3817,2020-07-17,DEN-006,DEN BAGUS NANO NANO X 20 PACK,1.0,PACK,10000.0,10000.0,CASH,1,referensial,info,Kode barang punya >1 ejaan nama (sudah diseragamkan),perbaiki,Perbaiki master barang di sistem sumber agar ejaannya tunggal.
R01,3820,2020-07-17,JOF-011,JOFRANS SOSIS BRATW (ORI) 500 GR X 12,2.0,DUS,330000.0,660000.0,ANGWEN,1,referensial,info,Kode barang punya >1 ejaan nama (sudah diseragamkan),perbaiki,Perbaiki master barang di sistem sumber agar ejaannya tunggal.
R01,3823,2020-07-17,DEN-006,DEN BAGUS NANO NANO X 20 PACK,1.0,BAL,180000.0,180000.0,SALES FANDI,1,referensial,info,Kode barang punya >1 ejaan nama (sudah diseragamkan),perbaiki,Perbaiki master barang di sistem sumber agar ejaannya tunggal.
R01,3877,2020-07-18,DEN-006,DEN BAGUS NANO NANO X 20 PACK,6.0,PACK,9000.0,54000.0,AMANAH FROZEN,1,referensial,info,Kode barang punya >1 ejaan nama (sudah diseragamkan),perbaiki,Perbaiki master barang di sistem sumber agar ejaannya tunggal.
R01,3878,2020-07-18,WEI-001,WEI WANG COKLAT X 12 PACK,1.0,PACK,14000.0,14000.0,AMANAH FROZEN,1,referensial,info,Kode barang punya >1 ejaan nama (sudah diseragamkan),perbaiki,Perbaiki master barang di sistem sumber agar ejaannya tunggal.
R01,3881,2020-07-18,SHIF-003,SHIFUDO FISH ROLL 250 GR X 20 PACK,3.0,PACK,9500.0,28500.0,AMANAH FROZEN,1,referensial,info,Kode barang punya >1 ejaan nama (sudah diseragamkan),perbaiki,Perbaiki master barang di sistem sumber agar ejaannya tunggal.
R01,3890,2020-07-18,DEN-006,DEN BAGUS NANO NANO X 20 PACK,1.0,BAL,180000.0,180000.0,WILLIAM FROZEN,1,referensial,info,Kode barang punya >1 ejaan nama (sudah diseragamkan),perbaiki,Perbaiki master barang di sistem sumber agar ejaannya tunggal.
R01,3900,2020-07-18,WEI-001,WEI WANG COKLAT X 12 PACK,1.0,DUS,180000.0,180000.0,PAK SLAMET / MBAH BEJO,1,referensial,info,Kode barang punya >1 ejaan nama (sudah diseragamkan),perbaiki,Perbaiki master barang di sistem sumber agar ejaannya tunggal.
R01,3907,2020-07-18,BAKSO-001,ILM BAKSO ANEKA WARNA 250 GR,10.0,PACK,11500.0,115000.0,WILLIAM FROZEN,1,referensial,info,Kode barang punya >1 ejaan nama (sudah diseragamkan),perbaiki,Perbaiki master barang di sistem sumber agar ejaannya tunggal.
R01,3908,2020-07-18,BAKSO-002,ILM BAKSO BINTANG 250 GR,10.0,PACK,11500.0,115000.0,WILLIAM FROZEN,1,referensial,info,Kode barang punya >1 ejaan nama (sudah diseragamkan),perbaiki,Perbaiki master barang di sistem sumber agar ejaannya tunggal.
R01,3909,2020-07-18,BAKSO-003,ILM BAKSO IKAN OLAHAN BENTUK TAHU 200 GR,10.0,PACK,10000.0,100000.0,WILLIAM FROZEN,1,referensial,info,Kode barang punya >1 ejaan nama (sudah diseragamkan),perbaiki,Perbaiki master barang di sistem sumber agar ejaannya tunggal.
R01,3912,2020-07-21,BAKSO-001,ILM BAKSO ANEKA WARNA 250 GR,10.0,PACK,12500.0,125000.0,PT. DINAMIKA BUAH N.,1,referensial,info,Kode barang punya >1 ejaan nama (sudah diseragamkan),perbaiki,Perbaiki master barang di sistem sumber agar ejaannya tunggal.
R01,3913,2020-07-21,BAKSO-002,ILM BAKSO BINTANG 250 GR,10.0,PACK,12500.0,125000.0,PT. DINAMIKA BUAH N.,1,referensial,info,Kode barang punya >1 ejaan nama (sudah diseragamkan),perbaiki,Perbaiki master barang di sistem sumber agar ejaannya tunggal.
R01,3914,2020-07-21,BAKSO-003,ILM BAKSO IKAN OLAHAN BENTUK TAHU 200 GR,10.0,PACK,11000.0,110000.0,PT. DINAMIKA BUAH N.,1,referensial,info,Kode barang punya >1 ejaan nama (sudah diseragamkan),perbaiki,Perbaiki master barang di sistem sumber agar ejaannya tunggal.
R01,3924,2020-07-21,CAV-001,CAVENDISH SHOESTRING 2.94 KG X 6 PACK,3.0,DUS,440000.0,1320000.0,KUBANG JAYA FOOD,1,referensial,info,Kode barang punya >1 ejaan nama (sudah diseragamkan),perbaiki,Perbaiki master barang di sistem sumber agar ejaannya tunggal.
R01,3926,2020-07-21,CAV-001,CAVENDISH SHOESTRING 2.94 KG X 6 PACK,6.0,DUS,450000.0,2700000.0,FUN MART,2,referensial,info,Kode barang punya >1 ejaan nama (sudah diseragamkan),perbaiki,Perbaiki master barang di sistem sumber agar ejaannya tunggal.
R01,3930,2020-07-21,CAV-001,CAVENDISH SHOESTRING 2.94 KG X 6 PACK,7.0,DUS,450000.0,3150000.0,FUN MART,2,referensial,info,Kode barang punya >1 ejaan nama (sudah diseragamkan),perbaiki,Perbaiki master barang di sistem sumber agar ejaannya tunggal.
R01,3938,2020-07-21,WEI-001,WEI WANG COKLAT X 12 PACK,5.0,PACK,15000.0,75000.0,KANGEN,1,referensial,info,Kode barang punya >1 ejaan nama (sudah diseragamkan),perbaiki,Perbaiki master barang di sistem sumber agar ejaannya tunggal.
R01,3941,2020-07-21,JOF-011,JOFRANS SOSIS BRATW (ORI) 500 GR X 12,6.0,PACK,28000.0,168000.0,KANGEN,1,referensial,info,Kode barang punya >1 ejaan nama (sudah diseragamkan),perbaiki,Perbaiki master barang di sistem sumber agar ejaannya tunggal.
R01,3942,2020-07-21,JOF-007,JOFRANS SOSIS BRATW (KEJU) 500 GR X 12,6.0,PACK,29000.0,174000.0,KANGEN,1,referensial,info,Kode barang punya >1 ejaan nama (sudah diseragamkan),perbaiki,Perbaiki master barang di sistem sumber agar ejaannya tunggal.
R01,3943,2020-07-21,JOF-016,JOFRANS SOSIS BRATW(LADA HITAM) 500GRX12,6.0,PACK,29000.0,174000.0,KANGEN,1,referensial,info,Kode barang punya >1 ejaan nama (sudah diseragamkan),perbaiki,Perbaiki master barang di sistem sumber agar ejaannya tunggal.
R01,3944,2020-07-21,SUKI-001,MITRAKU SUKI TOMYAM,5.0,PCS,18000.0,90000.0,KANGEN,1,referensial,info,Kode barang punya >1 ejaan nama (sudah diseragamkan),perbaiki,Perbaiki master barang di sistem sumber agar ejaannya tunggal.
R01,3953,2020-07-21,WEI-001,WEI WANG COKLAT X 12 PACK,6.0,PACK,15000.0,90000.0,MM GALAXY,1,referensial,info,Kode barang punya >1 ejaan nama (sudah diseragamkan),perbaiki,Perbaiki master barang di sistem sumber agar ejaannya tunggal.
R01,3959,2020-07-21,SUKI-001,MITRAKU SUKI TOMYAM,5.0,PCS,18000.0,90000.0,MM GALAXY,1,referensial,info,Kode barang punya >1 ejaan nama (sudah diseragamkan),perbaiki,Perbaiki master barang di sistem sumber agar ejaannya tunggal.
R01,3961,2020-07-21,BAKSO-003,ILM BAKSO IKAN OLAHAN BENTUK TAHU 200 GR,6.0,PACK,10000.0,60000.0,MM GALAXY,1,referensial,info,Kode barang punya >1 ejaan nama (sudah diseragamkan),perbaiki,Perbaiki master barang di sistem sumber agar ejaannya tunggal.
R01,3962,2020-07-21,JOF-011,JOFRANS SOSIS BRATW (ORI) 500 GR X 12,6.0,PACK,28000.0,168000.0,MM GALAXY,1,referensial,info,Kode barang punya >1 ejaan nama (sudah diseragamkan),perbaiki,Perbaiki master barang di sistem sumber agar ejaannya tunggal.
R01,3963,2020-07-21,JOF-007,JOFRANS SOSIS BRATW (KEJU) 500 GR X 12,6.0,PACK,29000.0,174000.0,MM GALAXY,1,referensial,info,Kode barang punya >1 ejaan nama (sudah diseragamkan),perbaiki,Perbaiki master barang di sistem sumber agar ejaannya tunggal.
R01,3964,2020-07-21,JOF-016,JOFRANS SOSIS BRATW(LADA HITAM) 500GRX12,6.0,PACK,29000.0,174000.0,MM GALAXY,1,referensial,info,Kode barang punya >1 ejaan nama (sudah diseragamkan),perbaiki,Perbaiki master barang di sistem sumber agar ejaannya tunggal.
R01,3972,2020-07-21,SUKI-001,MITRAKU SUKI TOMYAM,10.0,PCS,18000.0,180000.0,BINTANG,1,referensial,info,Kode barang punya >1 ejaan nama (sudah diseragamkan),perbaiki,Perbaiki master barang di sistem sumber agar ejaannya tunggal.
R01,3979,2020-07-21,BAKSO-001,ILM BAKSO ANEKA WARNA 250 GR,20.0,PACK,11500.0,230000.0,ANNISA / SAIIN,1,referensial,info,Kode barang punya >1 ejaan nama (sudah diseragamkan),perbaiki,Perbaiki master barang di sistem sumber agar ejaannya tunggal.
R01,3980,2020-07-21,BAKSO-002,ILM BAKSO BINTANG 250 GR,20.0,PACK,11500.0,230000.0,ANNISA / SAIIN,1,referensial,info,Kode barang punya >1 ejaan nama (sudah diseragamkan),perbaiki,Perbaiki master barang di sistem sumber agar ejaannya tunggal.
R01,3981,2020-07-21,BAKSO-003,ILM BAKSO IKAN OLAHAN BENTUK TAHU 200 GR,20.0,PACK,10000.0,200000.0,ANNISA / SAIIN,1,referensial,info,Kode barang punya >1 ejaan nama (sudah diseragamkan),perbaiki,Perbaiki master barang di sistem sumber agar ejaannya tunggal.
R01,3997,2020-07-21,CAV-001,CAVENDISH SHOESTRING 2.94 KG X 6 PACK,4.0,DUS,414000.0,1656000.0,TOKO CITA RASA BARU,2,referensial,info,Kode barang punya >1 ejaan nama (sudah diseragamkan),perbaiki,Perbaiki master barang di sistem sumber agar ejaannya tunggal.
R01,4002,2020-07-21,DEN-006,DEN BAGUS NANO NANO X 20 PACK,38.0,PACK,0.0,0.0,CASH,12,referensial,info,Kode barang punya >1 ejaan nama (sudah diseragamkan),perbaiki,Perbaiki master barang di sistem sumber agar ejaannya tunggal.
R01,4022,2020-07-22,BAKSO-002,ILM BAKSO BINTANG 250 GR,20.0,PACK,11800.0,236000.0,PAK H. RAFDI,1,referensial,info,Kode barang punya >1 ejaan nama (sudah diseragamkan),perbaiki,Perbaiki master barang di sistem sumber agar ejaannya tunggal.
R01,4023,2020-07-22,BAKSO-003,ILM BAKSO IKAN OLAHAN BENTUK TAHU 200 GR,20.0,PACK,10000.0,200000.0,PAK H. RAFDI,1,referensial,info,Kode barang punya >1 ejaan nama (sudah diseragamkan),perbaiki,Perbaiki master barang di sistem sumber agar ejaannya tunggal.
R01,4025,2020-07-22,CAV-001,CAVENDISH SHOESTRING 2.94 KG X 6 PACK,3.0,DUS,441000.0,1323000.0,TOKO ABADI,1,referensial,info,Kode barang punya >1 ejaan nama (sudah diseragamkan),perbaiki,Perbaiki master barang di sistem sumber agar ejaannya tunggal.
R01,4037,2020-07-22,DEN-006,DEN BAGUS NANO NANO X 20 PACK,5.0,PACK,9000.0,45000.0,AMANAH FROZEN,1,referensial,info,Kode barang punya >1 ejaan nama (sudah diseragamkan),perbaiki,Perbaiki master barang di sistem sumber agar ejaannya tunggal.
R01,4038,2020-07-22,SHIF-003,SHIFUDO FISH ROLL 250 GR X 20 PACK,1.0,PACK,9500.0,9500.0,AMANAH FROZEN,1,referensial,info,Kode barang punya >1 ejaan nama (sudah diseragamkan),perbaiki,Perbaiki master barang di sistem sumber agar ejaannya tunggal.
R01,4039,2020-07-22,SUKI-001,MITRAKU SUKI TOMYAM,1.0,PCS,17000.0,17000.0,AMANAH FROZEN,1,referensial,info,Kode barang punya >1 ejaan nama (sudah diseragamkan),perbaiki,Perbaiki master barang di sistem sumber agar ejaannya tunggal.
R01,4042,2020-07-22,BAKSO-002,ILM BAKSO BINTANG 250 GR,1.0,PACK,11500.0,11500.0,AMANAH FROZEN,1,referensial,info,Kode barang punya >1 ejaan nama (sudah diseragamkan),perbaiki,Perbaiki master barang di sistem sumber agar ejaannya tunggal.
R01,4043,2020-07-22,BAKSO-001,ILM BAKSO ANEKA WARNA 250 GR,1.0,PACK,11500.0,11500.0,AMANAH FROZEN,1,referensial,info,Kode barang punya >1 ejaan nama (sudah diseragamkan),perbaiki,Perbaiki master barang di sistem sumber agar ejaannya tunggal.
R01,4044,2020-07-22,BAKSO-003,ILM BAKSO IKAN OLAHAN BENTUK TAHU 200 GR,1.0,PACK,10000.0,10000.0,AMANAH FROZEN,1,referensial,info,Kode barang punya >1 ejaan nama (sudah diseragamkan),perbaiki,Perbaiki master barang di sistem sumber agar ejaannya tunggal.
R01,4073,2020-07-23,TORTILA-001,TORTILA KECIL,23.0,PACK,25250.0,580750.0,RUMAH SOSIS,1,referensial,info,Kode barang punya >1 ejaan nama (sudah diseragamkan),perbaiki,Perbaiki master barang di sistem sumber agar ejaannya tunggal.
R01,4095,2020-07-23,DEN-006,DEN BAGUS NANO NANO X 20 PACK,1.0,PACK,10000.0,10000.0,CASH,1,referensial,info,Kode barang punya >1 ejaan nama (sudah diseragamkan),perbaiki,Perbaiki master barang di sistem sumber agar ejaannya tunggal.
R01,4115,2020-07-23,BAKSO-002,ILM BAKSO BINTANG 250 GR,5.0,PACK,12500.0,62500.0,PAK PARNO,1,referensial,info,Kode barang punya >1 ejaan nama (sudah diseragamkan),perbaiki,Perbaiki master barang di sistem sumber agar ejaannya tunggal.
R01,4116,2020-07-23,BAKSO-001,ILM BAKSO ANEKA WARNA 250 GR,5.0,PACK,12500.0,62500.0,PAK PARNO,1,referensial,info,Kode barang punya >1 ejaan nama (sudah diseragamkan),perbaiki,Perbaiki master barang di sistem sumber agar ejaannya tunggal.
R01,4117,2020-07-23,BAKSO-003,ILM BAKSO IKAN OLAHAN BENTUK TAHU 200 GR,5.0,PACK,11000.0,55000.0,PAK PARNO,1,referensial,info,Kode barang punya >1 ejaan nama (sudah diseragamkan),perbaiki,Perbaiki master barang di sistem sumber agar ejaannya tunggal.
R01,4127,2020-07-23,BAKSO-003,ILM BAKSO IKAN OLAHAN BENTUK TAHU 200 GR,5.0,PACK,11000.0,55000.0,SAHABAT KITA,1,referensial,info,Kode barang punya >1 ejaan nama (sudah diseragamkan),perbaiki,Perbaiki master barang di sistem sumber agar ejaannya tunggal.
R01,4136,2020-07-23,BAKSO-002,ILM BAKSO BINTANG 250 GR,5.0,PACK,12500.0,62500.0,ELGI,1,referensial,info,Kode barang punya >1 ejaan nama (sudah diseragamkan),perbaiki,Perbaiki master barang di sistem sumber agar ejaannya tunggal.
R01,4137,2020-07-23,BAKSO-003,ILM BAKSO IKAN OLAHAN BENTUK TAHU 200 GR,5.0,PACK,11000.0,55000.0,ELGI,1,referensial,info,Kode barang punya >1 ejaan nama (sudah diseragamkan),perbaiki,Perbaiki master barang di sistem sumber agar ejaannya tunggal.
R01,4138,2020-07-23,BAKSO-001,ILM BAKSO ANEKA WARNA 250 GR,5.0,PACK,12500.0,62500.0,ELGI,1,referensial,info,Kode barang punya >1 ejaan nama (sudah diseragamkan),perbaiki,Perbaiki master barang di sistem sumber agar ejaannya tunggal.
R01,4146,2020-07-23,BAKSO-002,ILM BAKSO BINTANG 250 GR,5.0,PACK,12500.0,62500.0,HAIKAL,1,referensial,info,Kode barang punya >1 ejaan nama (sudah diseragamkan),perbaiki,Perbaiki master barang di sistem sumber agar ejaannya tunggal.
R01,4147,2020-07-23,BAKSO-001,ILM BAKSO ANEKA WARNA 250 GR,5.0,PACK,12500.0,62500.0,HAIKAL,1,referensial,info,Kode barang punya >1 ejaan nama (sudah diseragamkan),perbaiki,Perbaiki master barang di sistem sumber agar ejaannya tunggal.
R01,4198,2020-07-25,BAKSO-001,ILM BAKSO ANEKA WARNA 250 GR,20.0,PACK,11500.0,230000.0,HITE,1,referensial,info,Kode barang punya >1 ejaan nama (sudah diseragamkan),perbaiki,Perbaiki master barang di sistem sumber agar ejaannya tunggal.
R01,4199,2020-07-25,BAKSO-002,ILM BAKSO BINTANG 250 GR,20.0,PACK,11500.0,230000.0,HITE,1,referensial,info,Kode barang punya >1 ejaan nama (sudah diseragamkan),perbaiki,Perbaiki master barang di sistem sumber agar ejaannya tunggal.
R01,4200,2020-07-25,BAKSO-003,ILM BAKSO IKAN OLAHAN BENTUK TAHU 200 GR,20.0,PACK,10000.0,200000.0,HITE,1,referensial,info,Kode barang punya >1 ejaan nama (sudah diseragamkan),perbaiki,Perbaiki master barang di sistem sumber agar ejaannya tunggal.
R01,4213,2020-07-25,DEN-006,DEN BAGUS NANO NANO X 20 PACK,1.0,PACK,10000.0,10000.0,CASH,1,referensial,info,Kode barang punya >1 ejaan nama (sudah diseragamkan),perbaiki,Perbaiki master barang di sistem sumber agar ejaannya tunggal.
R01,4215,2020-07-25,SUN-003,SUNFISH OTAK OTAK ISI 40 500 GR X 12,5.0,DUS,206400.0,1032000.0,ANTON,1,referensial,info,Kode barang punya >1 ejaan nama (sudah diseragamkan),perbaiki,Perbaiki master barang di sistem sumber agar ejaannya tunggal.
R01,4218,2020-07-25,SUN-003,SUNFISH OTAK OTAK ISI 40 500 GR X 12,1.0,DUS,210000.0,210000.0,TOKO CITA RASA BARU,1,referensial,info,Kode barang punya >1 ejaan nama (sudah diseragamkan),perbaiki,Perbaiki master barang di sistem sumber agar ejaannya tunggal.
R01,4231,2020-07-25,SUN-003,SUNFISH OTAK OTAK ISI 40 500 GR X 12,1.0,PACK,18000.0,18000.0,CASH,1,referensial,info,Kode barang punya >1 ejaan nama (sudah diseragamkan),perbaiki,Perbaiki master barang di sistem sumber agar ejaannya tunggal.
R01,4234,2020-07-25,MANTUL-003,MANTUL OTAK OTAK TEMPURA 500 GR X 20 PAK,1.0,PACK,18000.0,18000.0,CASH,1,referensial,info,Kode barang punya >1 ejaan nama (sudah diseragamkan),perbaiki,Perbaiki master barang di sistem sumber agar ejaannya tunggal.
R01,4241,2020-07-27,BAKSO-003,ILM BAKSO IKAN OLAHAN BENTUK TAHU 200 GR,10.0,PACK,10000.0,100000.0,IBU SURYANI,1,referensial,info,Kode barang punya >1 ejaan nama (sudah diseragamkan),perbaiki,Perbaiki master barang di sistem sumber agar ejaannya tunggal.
R01,4306,2020-07-27,SUN-003,SUNFISH OTAK OTAK ISI 40 500 GR X 12,12.0,PACK,18000.0,216000.0,PAK ADEK,2,referensial,info,Kode barang punya >1 ejaan nama (sudah diseragamkan),perbaiki,Perbaiki master barang di sistem sumber agar ejaannya tunggal.
R01,4315,2020-07-27,DEN-006,DEN BAGUS NANO NANO X 20 PACK,23.0,PACK,7500.0,172500.0,TOKO CITA RASA BARU,2,referensial,info,Kode barang punya >1 ejaan nama (sudah diseragamkan),perbaiki,Perbaiki master barang di sistem sumber agar ejaannya tunggal.
R01,4335,2020-07-27,SHIF-003,SHIFUDO FISH ROLL 250 GR X 20 PACK,5.0,PACK,9810.0,49050.0,TOKO CITA RASA BARU,1,referensial,info,Kode barang punya >1 ejaan nama (sudah diseragamkan),perbaiki,Perbaiki master barang di sistem sumber agar ejaannya tunggal.
R01,4343,2020-07-27,CAV-001,CAVENDISH SHOESTRING 2.94 KG X 6 PACK,2.0,DUS,441000.0,882000.0,FUN MART,1,referensial,info,Kode barang punya >1 ejaan nama (sudah diseragamkan),perbaiki,Perbaiki master barang di sistem sumber agar ejaannya tunggal.
R01,4360,2020-07-28,BAKSO-003,ILM BAKSO IKAN OLAHAN BENTUK TAHU 200 GR,5.0,PACK,11000.0,55000.0,TOKO RAHMAD,1,referensial,info,Kode barang punya >1 ejaan nama (sudah diseragamkan),perbaiki,Perbaiki master barang di sistem sumber agar ejaannya tunggal.
R01,4396,2020-07-29,SHIF-005,SHIFUDO CHIKUWA 500 GR X 16 PACK,13.0,DUS,384000.0,4992000.0,ADEK FROZEN,2,referensial,info,Kode barang punya >1 ejaan nama (sudah diseragamkan),perbaiki,Perbaiki master barang di sistem sumber agar ejaannya tunggal.
R01,4406,2020-07-29,TORTILA-001,TORTILA KECIL,21.0,PACK,25250.0,530250.0,RUMAH SOSIS,2,referensial,info,Kode barang punya >1 ejaan nama (sudah diseragamkan),perbaiki,Perbaiki master barang di sistem sumber agar ejaannya tunggal.
R01,4409,2020-07-29,MAES-002,MAESTRO LIGHT MAYO 180 GR,48.0,PCS,8500.0,408000.0,RUMAH SOSIS,2,referensial,info,Kode barang punya >1 ejaan nama (sudah diseragamkan),perbaiki,Perbaiki master barang di sistem sumber agar ejaannya tunggal.
R01,4413,2020-07-29,SHIF-005,SHIFUDO CHIKUWA 500 GR X 16 PACK,2.0,DUS,376000.0,752000.0,BRAGA FROZEN FOOD,2,referensial,info,Kode barang punya >1 ejaan nama (sudah diseragamkan),perbaiki,Perbaiki master barang di sistem sumber agar ejaannya tunggal.
R01,4425,2020-07-29,MAES-002,MAESTRO LIGHT MAYO 180 GR,72.0,PCS,8500.0,612000.0,GRAHA SANDENI,2,referensial,info,Kode barang punya >1 ejaan nama (sudah diseragamkan),perbaiki,Perbaiki master barang di sistem sumber agar ejaannya tunggal.
R01,4426,2020-07-29,MAES-003,MAESTRO LIGHT MAYO SCH 100 GR,80.0,PACK,5500.0,440000.0,GRAHA SANDENI,2,referensial,info,Kode barang punya >1 ejaan nama (sudah diseragamkan),perbaiki,Perbaiki master barang di sistem sumber agar ejaannya tunggal.
R01,4431,2020-07-29,MAES-003,MAESTRO LIGHT MAYO SCH 100 GR,120.0,PACK,5200.0,624000.0,TOKO CITA RASA BARU,2,referensial,info,Kode barang punya >1 ejaan nama (sudah diseragamkan),perbaiki,Perbaiki master barang di sistem sumber agar ejaannya tunggal.
R01,4435,2020-07-29,MAES-002,MAESTRO LIGHT MAYO 180 GR,53.0,PCS,7500.0,397500.0,TOKO CITA RASA BARU,2,referensial,info,Kode barang punya >1 ejaan nama (sudah diseragamkan),perbaiki,Perbaiki master barang di sistem sumber agar ejaannya tunggal.
R01,4463,2020-07-30,BAKSO-003,ILM BAKSO IKAN OLAHAN BENTUK TAHU 200 GR,10.0,PACK,10000.0,100000.0,PAK ERWIN,3,referensial,info,Kode barang punya >1 ejaan nama (sudah diseragamkan),perbaiki,Perbaiki master barang di sistem sumber agar ejaannya tunggal.
R01,4465,2020-07-30,SUN-003,SUNFISH OTAK OTAK ISI 40 500 GR X 12,6.0,PACK,18000.0,108000.0,PAK ERWIN,3,referensial,info,Kode barang punya >1 ejaan nama (sudah diseragamkan),perbaiki,Perbaiki master barang di sistem sumber agar ejaannya tunggal.
R01,4481,2020-07-30,JOF-007,JOFRANS SOSIS BRATW (KEJU) 500 GR X 12,10.0,PACK,29000.0,290000.0,ARRAFA MART,1,referensial,info,Kode barang punya >1 ejaan nama (sudah diseragamkan),perbaiki,Perbaiki master barang di sistem sumber agar ejaannya tunggal.
R01,4482,2020-07-30,JOF-011,JOFRANS SOSIS BRATW (ORI) 500 GR X 12,10.0,PACK,28000.0,280000.0,ARRAFA MART,1,referensial,info,Kode barang punya >1 ejaan nama (sudah diseragamkan),perbaiki,Perbaiki master barang di sistem sumber agar ejaannya tunggal.
R01,4513,2020-07-30,SHIF-003,SHIFUDO FISH ROLL 250 GR X 20 PACK,2.0,PACK,9500.0,19000.0,AMANAH FROZEN,1,referensial,info,Kode barang punya >1 ejaan nama (sudah diseragamkan),perbaiki,Perbaiki master barang di sistem sumber agar ejaannya tunggal.
R01,4515,2020-07-30,SUKI-001,MITRAKU SUKI TOMYAM,2.0,PCS,17000.0,34000.0,AMANAH FROZEN,1,referensial,info,Kode barang punya >1 ejaan nama (sudah diseragamkan),perbaiki,Perbaiki master barang di sistem sumber agar ejaannya tunggal.
R01,4520,2020-07-30,BAKSO-002,ILM BAKSO BINTANG 250 GR,2.0,PACK,11500.0,23000.0,AMANAH FROZEN,1,referensial,info,Kode barang punya >1 ejaan nama (sudah diseragamkan),perbaiki,Perbaiki master barang di sistem sumber agar ejaannya tunggal.
R01,4521,2020-07-30,BAKSO-003,ILM BAKSO IKAN OLAHAN BENTUK TAHU 200 GR,2.0,PACK,10000.0,20000.0,AMANAH FROZEN,1,referensial,info,Kode barang punya >1 ejaan nama (sudah diseragamkan),perbaiki,Perbaiki master barang di sistem sumber agar ejaannya tunggal.
R01,4538,2020-07-30,WEI-001,WEI WANG COKLAT X 12 PACK,3.0,DUS,160000.0,480000.0,TOKO CITA RASA BARU,1,referensial,info,Kode barang punya >1 ejaan nama (sudah diseragamkan),perbaiki,Perbaiki master barang di sistem sumber agar ejaannya tunggal.
R01,4539,2020-07-30,BAKSO-003,ILM BAKSO IKAN OLAHAN BENTUK TAHU 200 GR,2.0,PACK,10000.0,20000.0,CASH,1,referensial,info,Kode barang punya >1 ejaan nama (sudah diseragamkan),perbaiki,Perbaiki master barang di sistem sumber agar ejaannya tunggal.
R01,4541,2020-08-03,CAV-001,CAVENDISH SHOESTRING 2.94 KG X 6 PACK,3.0,DUS,441000.0,1323000.0,FUN MART,2,referensial,info,Kode barang punya >1 ejaan nama (sudah diseragamkan),perbaiki,Perbaiki master barang di sistem sumber agar ejaannya tunggal.
R01,4548,2020-08-03,SUKI-001,MITRAKU SUKI TOMYAM,10.0,PCS,18000.0,180000.0,HARUM MANIS,4,referensial,info,Kode barang punya >1 ejaan nama (sudah diseragamkan),perbaiki,Perbaiki master barang di sistem sumber agar ejaannya tunggal.
R01,4563,2020-08-03,BAKSO-002,ILM BAKSO BINTANG 250 GR,6.0,PACK,11500.0,69000.0,PAK ERWIN,4,referensial,info,Kode barang punya >1 ejaan nama (sudah diseragamkan),perbaiki,Perbaiki master barang di sistem sumber agar ejaannya tunggal.
R01,4579,2020-08-04,WEI-001,WEI WANG COKLAT X 12 PACK,3.0,PACK,16000.0,48000.0,TOKO VAZA,1,referensial,info,Kode barang punya >1 ejaan nama (sudah diseragamkan),perbaiki,Perbaiki master barang di sistem sumber agar ejaannya tunggal.
R01,4591,2020-08-04,WEI-001,WEI WANG COKLAT X 12 PACK,12.0,PACK,15000.0,180000.0,ACHEN / VINCENT,1,referensial,info,Kode barang punya >1 ejaan nama (sudah diseragamkan),perbaiki,Perbaiki master barang di sistem sumber agar ejaannya tunggal.
R01,4598,2020-08-04,WEI-001,WEI WANG COKLAT X 12 PACK,1.0,DUS,180000.0,180000.0,PAK SLAMET / MBAH BEJO,1,referensial,info,Kode barang punya >1 ejaan nama (sudah diseragamkan),perbaiki,Perbaiki master barang di sistem sumber agar ejaannya tunggal.
R01,4612,2020-08-05,WEI-001,WEI WANG COKLAT X 12 PACK,3.0,DUS,160000.0,480000.0,TOKO CITA RASA BARU,1,referensial,info,Kode barang punya >1 ejaan nama (sudah diseragamkan),perbaiki,Perbaiki master barang di sistem sumber agar ejaannya tunggal.
R01,4615,2020-08-05,SHIF-003,SHIFUDO FISH ROLL 250 GR X 20 PACK,2.0,DUS,196200.0,392400.0,TOKO CITA RASA BARU,1,referensial,info,Kode barang punya >1 ejaan nama (sudah diseragamkan),perbaiki,Perbaiki master barang di sistem sumber agar ejaannya tunggal.
R01,4633,2020-08-05,JOF-011,JOFRANS SOSIS BRATW (ORI) 500 GR X 12,3.0,DUS,330000.0,990000.0,ANTON,1,referensial,info,Kode barang punya >1 ejaan nama (sudah diseragamkan),perbaiki,Perbaiki master barang di sistem sumber agar ejaannya tunggal.
R01,4676,2020-08-06,WEI-001,WEI WANG COKLAT X 12 PACK,12.0,PACK,15000.0,180000.0,CHERISH,1,referensial,info,Kode barang punya >1 ejaan nama (sudah diseragamkan),perbaiki,Perbaiki master barang di sistem sumber agar ejaannya tunggal.
R01,4691,2020-08-06,CAV-001,CAVENDISH SHOESTRING 2.94 KG X 6 PACK,6.0,DUS,0.0,0.0,CASH,11,referensial,info,Kode barang punya >1 ejaan nama (sudah diseragamkan),perbaiki,Perbaiki master barang di sistem sumber agar ejaannya tunggal.
R01,4696,2020-08-07,WEI-001,WEI WANG COKLAT X 12 PACK,1.0,PACK,15000.0,15000.0,CASH,1,referensial,info,Kode barang punya >1 ejaan nama (sudah diseragamkan),perbaiki,Perbaiki master barang di sistem sumber agar ejaannya tunggal.
R01,4697,2020-08-07,SHIF-003,SHIFUDO FISH ROLL 250 GR X 20 PACK,1.0,PACK,10500.0,10500.0,CASH,1,referensial,info,Kode barang punya >1 ejaan nama (sudah diseragamkan),perbaiki,Perbaiki master barang di sistem sumber agar ejaannya tunggal.
R01,4703,2020-08-07,WEI-001,WEI WANG COKLAT X 12 PACK,1.0,PACK,15000.0,15000.0,CASH,6,referensial,info,Kode barang punya >1 ejaan nama (sudah diseragamkan),perbaiki,Perbaiki master barang di sistem sumber agar ejaannya tunggal.
R01,4729,2020-08-07,WEI-001,WEI WANG COKLAT X 12 PACK,1.0,DUS,192000.0,192000.0,MANDIRI MART,3,referensial,info,Kode barang punya >1 ejaan nama (sudah diseragamkan),perbaiki,Perbaiki master barang di sistem sumber agar ejaannya tunggal.
R01,4752,2020-08-07,WEI-001,WEI WANG COKLAT X 12 PACK,5.0,PACK,16000.0,80000.0,SRC BUNDA,3,referensial,info,Kode barang punya >1 ejaan nama (sudah diseragamkan),perbaiki,Perbaiki master barang di sistem sumber agar ejaannya tunggal.
R01,4756,2020-08-07,WEI-001,WEI WANG COKLAT X 12 PACK,7.0,PACK,16000.0,112000.0,ACHIKA JAYA,1,referensial,info,Kode barang punya >1 ejaan nama (sudah diseragamkan),perbaiki,Perbaiki master barang di sistem sumber agar ejaannya tunggal.
R01,4777,2020-08-08,BAKSO-001,ILM BAKSO ANEKA WARNA 250 GR,40.0,PACK,11800.0,472000.0,PAK H. RAFDI,1,referensial,info,Kode barang punya >1 ejaan nama (sudah diseragamkan),perbaiki,Perbaiki master barang di sistem sumber agar ejaannya tunggal.
R01,4801,2020-08-10,SUN-003,SUNFISH OTAK OTAK ISI 40 500 GR X 12,1.0,DUS,228000.0,228000.0,ELGI,1,referensial,info,Kode barang punya >1 ejaan nama (sudah diseragamkan),perbaiki,Perbaiki master barang di sistem sumber agar ejaannya tunggal.
R01,4814,2020-08-10,WEI-001,WEI WANG COKLAT X 12 PACK,1.0,DUS,192000.0,192000.0,KAYLA,1,referensial,info,Kode barang punya >1 ejaan nama (sudah diseragamkan),perbaiki,Perbaiki master barang di sistem sumber agar ejaannya tunggal.
R01,4816,2020-08-10,SUN-003,SUNFISH OTAK OTAK ISI 40 500 GR X 12,1.0,DUS,228000.0,228000.0,KAYLA,1,referensial,info,Kode barang punya >1 ejaan nama (sudah diseragamkan),perbaiki,Perbaiki master barang di sistem sumber agar ejaannya tunggal.
R01,4824,2020-08-10,SUN-003,SUNFISH OTAK OTAK ISI 40 500 GR X 12,1.0,DUS,228000.0,228000.0,SAHABAT KITA,1,referensial,info,Kode barang punya >1 ejaan nama (sudah diseragamkan),perbaiki,Perbaiki master barang di sistem sumber agar ejaannya tunggal.
R01,4830,2020-08-10,SUN-003,SUNFISH OTAK OTAK ISI 40 500 GR X 12,1.0,DUS,228000.0,228000.0,KUD BUKIK PAYUNG,1,referensial,info,Kode barang punya >1 ejaan nama (sudah diseragamkan),perbaiki,Perbaiki master barang di sistem sumber agar ejaannya tunggal.
R01,4837,2020-08-10,SUN-003,SUNFISH OTAK OTAK ISI 40 500 GR X 12,3.0,DUS,216000.0,648000.0,TOSERBA JIMMY,1,referensial,info,Kode barang punya >1 ejaan nama (sudah diseragamkan),perbaiki,Perbaiki master barang di sistem sumber agar ejaannya tunggal.
R01,4874,2020-08-10,WEI-001,WEI WANG COKLAT X 12 PACK,3.0,DUS,160000.0,480000.0,TOKO CITA RASA BARU,1,referensial,info,Kode barang punya >1 ejaan nama (sudah diseragamkan),perbaiki,Perbaiki master barang di sistem sumber agar ejaannya tunggal.
R01,4893,2020-08-11,BAKSO-002,ILM BAKSO BINTANG 250 GR,6.0,PACK,12500.0,75000.0,PT. DINAMIKA BUAH N.,1,referensial,info,Kode barang punya >1 ejaan nama (sudah diseragamkan),perbaiki,Perbaiki master barang di sistem sumber agar ejaannya tunggal.
R01,4896,2020-08-11,BAKSO-003,ILM BAKSO IKAN OLAHAN BENTUK TAHU 200 GR,6.0,PACK,11000.0,66000.0,PT. DINAMIKA BUAH N.,1,referensial,info,Kode barang punya >1 ejaan nama (sudah diseragamkan),perbaiki,Perbaiki master barang di sistem sumber agar ejaannya tunggal.
R01,4993,2020-08-14,WEI-001,WEI WANG COKLAT X 12 PACK,6.0,PACK,16000.0,96000.0,PANGESIA,1,referensial,info,Kode barang punya >1 ejaan nama (sudah diseragamkan),perbaiki,Perbaiki master barang di sistem sumber agar ejaannya tunggal.
R01,5001,2020-08-14,WEI-001,WEI WANG COKLAT X 12 PACK,6.0,PACK,16000.0,96000.0,SUDUT MANIS MART,1,referensial,info,Kode barang punya >1 ejaan nama (sudah diseragamkan),perbaiki,Perbaiki master barang di sistem sumber agar ejaannya tunggal.
R01,5018,2020-08-18,JOF-011,JOFRANS SOSIS BRATW (ORI) 500 GR X 12,4.0,DUS,330000.0,1320000.0,ANGWEN,2,referensial,info,Kode barang punya >1 ejaan nama (sudah diseragamkan),perbaiki,Perbaiki master barang di sistem sumber agar ejaannya tunggal.
R01,5035,2020-08-18,SUN-003,SUNFISH OTAK OTAK ISI 40 500 GR X 12,1.0,PACK,19000.0,19000.0,CASH,2,referensial,info,Kode barang punya >1 ejaan nama (sudah diseragamkan),perbaiki,Perbaiki master barang di sistem sumber agar ejaannya tunggal.
R01,5058,2020-08-18,SUKI-001,MITRAKU SUKI TOMYAM,30.0,PCS,17000.0,510000.0,ADEK FROZEN,2,referensial,info,Kode barang punya >1 ejaan nama (sudah diseragamkan),perbaiki,Perbaiki master barang di sistem sumber agar ejaannya tunggal.
R01,5062,2020-08-18,SHIF-005,SHIFUDO CHIKUWA 500 GR X 16 PACK,20.0,DUS,384000.0,7680000.0,ADEK FROZEN,2,referensial,info,Kode barang punya >1 ejaan nama (sudah diseragamkan),perbaiki,Perbaiki master barang di sistem sumber agar ejaannya tunggal.
R01,5065,2020-08-18,JUR-002,JURAGAN SOSIS SAPI BAKAR ORI 500 GR X 20,2.0,DUS,550000.0,1100000.0,ADEK FROZEN,2,referensial,info,Kode barang punya >1 ejaan nama (sudah diseragamkan),perbaiki,Perbaiki master barang di sistem sumber agar ejaannya tunggal.
R01,5066,2020-08-18,BESTO-002,BESTO BRATWURST BAKAR ORI 500 GRX20 PAK,2.0,DUS,600000.0,1200000.0,ADEK FROZEN,2,referensial,info,Kode barang punya >1 ejaan nama (sudah diseragamkan),perbaiki,Perbaiki master barang di sistem sumber agar ejaannya tunggal.
R01,5068,2020-08-18,BLF-016,BELFOODS FAV.AYAM GORENG RENYAH 500GRX12,5.0,DUS,436800.0,2184000.0,ADEK FROZEN,2,referensial,info,Kode barang punya >1 ejaan nama (sudah diseragamkan),perbaiki,Perbaiki master barang di sistem sumber agar ejaannya tunggal.
R01,5079,2020-08-18,JOF-011,JOFRANS SOSIS BRATW (ORI) 500 GR X 12,5.0,DUS,330000.0,1650000.0,ANTON,2,referensial,info,Kode barang punya >1 ejaan nama (sudah diseragamkan),perbaiki,Perbaiki master barang di sistem sumber agar ejaannya tunggal.
R01,5082,2020-08-18,SHIF-005,SHIFUDO CHIKUWA 500 GR X 16 PACK,10.0,DUS,368000.0,3680000.0,ANTON,2,referensial,info,Kode barang punya >1 ejaan nama (sudah diseragamkan),perbaiki,Perbaiki master barang di sistem sumber agar ejaannya tunggal.
R01,5085,2020-08-18,SUN-003,SUNFISH OTAK OTAK ISI 40 500 GR X 12,5.0,DUS,206400.0,1032000.0,ANTON,2,referensial,info,Kode barang punya >1 ejaan nama (sudah diseragamkan),perbaiki,Perbaiki master barang di sistem sumber agar ejaannya tunggal.
R01,5113,2020-08-18,KANZ-002,KANZLER SINGLES KEJU MINI 1 PAC X 12 PCS,4.0,PACK,95000.0,380000.0,TOKO CITA RASA BARU,2,referensial,info,Kode barang punya >1 ejaan nama (sudah diseragamkan),perbaiki,Perbaiki master barang di sistem sumber agar ejaannya tunggal.
R01,5118,2020-08-18,TORTILA-001,TORTILA KECIL,20.0,PACK,24500.0,490000.0,TOKO CITA RASA BARU,2,referensial,info,Kode barang punya >1 ejaan nama (sudah diseragamkan),perbaiki,Perbaiki master barang di sistem sumber agar ejaannya tunggal.
R01,5121,2020-08-18,SUN-003,SUNFISH OTAK OTAK ISI 40 500 GR X 12,2.0,DUS,210000.0,420000.0,TOKO CITA RASA BARU,2,referensial,info,Kode barang punya >1 ejaan nama (sudah diseragamkan),perbaiki,Perbaiki master barang di sistem sumber agar ejaannya tunggal.
R01,5122,2020-08-18,WEI-001,WEI WANG COKLAT X 12 PACK,4.0,DUS,160000.0,640000.0,TOKO CITA RASA BARU,2,referensial,info,Kode barang punya >1 ejaan nama (sudah diseragamkan),perbaiki,Perbaiki master barang di sistem sumber agar ejaannya tunggal.
R01,5126,2020-08-18,BAKSO-002,ILM BAKSO BINTANG 250 GR,40.0,PACK,11500.0,460000.0,YUKABI,2,referensial,info,Kode barang punya >1 ejaan nama (sudah diseragamkan),perbaiki,Perbaiki master barang di sistem sumber agar ejaannya tunggal.
R01,5131,2020-08-18,WEI-001,WEI WANG COKLAT X 12 PACK,7.0,PACK,16000.0,112000.0,UD. SARI MINANG,2,referensial,info,Kode barang punya >1 ejaan nama (sudah diseragamkan),perbaiki,Perbaiki master barang di sistem sumber agar ejaannya tunggal.
R01,5156,2020-08-21,SUN-003,SUNFISH OTAK OTAK ISI 40 500 GR X 12,1.0,PACK,19000.0,19000.0,CASH,1,referensial,info,Kode barang punya >1 ejaan nama (sudah diseragamkan),perbaiki,Perbaiki master barang di sistem sumber agar ejaannya tunggal.
R01,5201,2020-08-21,JOF-016,JOFRANS SOSIS BRATW(LADA HITAM) 500GRX12,12.0,PACK,28500.0,342000.0,ANGWEN,1,referensial,info,Kode barang punya >1 ejaan nama (sudah diseragamkan),perbaiki,Perbaiki master barang di sistem sumber agar ejaannya tunggal.
R01,5207,2020-08-21,DEN-006,DEN BAGUS NANO NANO X 20 PACK,6.0,BAL,150000.0,900000.0,TOKO CITA RASA BARU,1,referensial,info,Kode barang punya >1 ejaan nama (sudah diseragamkan),perbaiki,Perbaiki master barang di sistem sumber agar ejaannya tunggal.
R01,5217,2020-08-22,JOF-016,JOFRANS SOSIS BRATW(LADA HITAM) 500GRX12,24.0,PACK,28500.0,684000.0,TANJUNG GADING,1,referensial,info,Kode barang punya >1 ejaan nama (sudah diseragamkan),perbaiki,Perbaiki master barang di sistem sumber agar ejaannya tunggal.
R01,5223,2020-08-22,SUKI-001,MITRAKU SUKI TOMYAM,30.0,PCS,18000.0,540000.0,TANJUNG GADING,1,referensial,info,Kode barang punya >1 ejaan nama (sudah diseragamkan),perbaiki,Perbaiki master barang di sistem sumber agar ejaannya tunggal.
R01,5228,2020-08-22,BAKSO-003,ILM BAKSO IKAN OLAHAN BENTUK TAHU 200 GR,11.0,PACK,10000.0,110000.0,TANJUNG GADING,1,referensial,info,Kode barang punya >1 ejaan nama (sudah diseragamkan),perbaiki,Perbaiki master barang di sistem sumber agar ejaannya tunggal.
R01,5229,2020-08-22,BAKSO-001,ILM BAKSO ANEKA WARNA 250 GR,12.0,PACK,12000.0,144000.0,TANJUNG GADING,1,referensial,info,Kode barang punya >1 ejaan nama (sudah diseragamkan),perbaiki,Perbaiki master barang di sistem sumber agar ejaannya tunggal.
R01,5243,2020-08-22,SUN-003,SUNFISH OTAK OTAK ISI 40 500 GR X 12,12.0,PACK,18000.0,216000.0,ATAK,2,referensial,info,Kode barang punya >1 ejaan nama (sudah diseragamkan),perbaiki,Perbaiki master barang di sistem sumber agar ejaannya tunggal.
R01,5244,2020-08-22,SUKI-001,MITRAKU SUKI TOMYAM,20.0,PCS,18000.0,360000.0,BERKAH 1,1,referensial,info,Kode barang punya >1 ejaan nama (sudah diseragamkan),perbaiki,Perbaiki master barang di sistem sumber agar ejaannya tunggal.
R01,5246,2020-08-22,JOF-016,JOFRANS SOSIS BRATW(LADA HITAM) 500GRX12,24.0,PACK,28500.0,684000.0,BERKAH 1,1,referensial,info,Kode barang punya >1 ejaan nama (sudah diseragamkan),perbaiki,Perbaiki master barang di sistem sumber agar ejaannya tunggal.
R01,5262,2020-08-22,WEI-001,WEI WANG COKLAT X 12 PACK,2.0,DUS,180000.0,360000.0,PAK SLAMET / MBAH BEJO,1,referensial,info,Kode barang punya >1 ejaan nama (sudah diseragamkan),perbaiki,Perbaiki master barang di sistem sumber agar ejaannya tunggal.
R01,5287,2020-08-22,SHIF-005,SHIFUDO CHIKUWA 500 GR X 16 PACK,2.0,DUS,377568.0,755136.0,ANJANI FROZEN FOOD,1,referensial,info,Kode barang punya >1 ejaan nama (sudah diseragamkan),perbaiki,Perbaiki master barang di sistem sumber agar ejaannya tunggal.
R01,5302,2020-08-24,DEN-006,DEN BAGUS NANO NANO X 20 PACK,10.0,PACK,9000.0,90000.0,ABADI JAYA,1,referensial,info,Kode barang punya >1 ejaan nama (sudah diseragamkan),perbaiki,Perbaiki master barang di sistem sumber agar ejaannya tunggal.
R01,5318,2020-08-24,DEN-006,DEN BAGUS NANO NANO X 20 PACK,10.0,PACK,9000.0,90000.0,TOKO ALIF,1,referensial,info,Kode barang punya >1 ejaan nama (sudah diseragamkan),perbaiki,Perbaiki master barang di sistem sumber agar ejaannya tunggal.
R01,5392,2020-08-25,SUN-003,SUNFISH OTAK OTAK ISI 40 500 GR X 12,1.0,PACK,19000.0,19000.0,CASH,1,referensial,info,Kode barang punya >1 ejaan nama (sudah diseragamkan),perbaiki,Perbaiki master barang di sistem sumber agar ejaannya tunggal.
R01,5438,2020-08-26,IP-001,IP KULIT LUMPIA ISI 50 LEMBAR X 36 PACK,1.0,DUS,360000.0,360000.0,TOKO CITA RASA BARU,1,referensial,info,Kode barang punya >1 ejaan nama (sudah diseragamkan),perbaiki,Perbaiki master barang di sistem sumber agar ejaannya tunggal.
R01,5447,2020-08-26,SHIF-005,SHIFUDO CHIKUWA 500 GR X 16 PACK,15.0,DUS,377568.0,5663520.0,ANJANI FROZEN FOOD,1,referensial,info,Kode barang punya >1 ejaan nama (sudah diseragamkan),perbaiki,Perbaiki master barang di sistem sumber agar ejaannya tunggal.
R01,5459,2020-08-27,SHIF-005,SHIFUDO CHIKUWA 500 GR X 16 PACK,2.0,DUS,377568.0,755136.0,ANJANI FROZEN FOOD,1,referensial,info,Kode barang punya >1 ejaan nama (sudah diseragamkan),perbaiki,Perbaiki master barang di sistem sumber agar ejaannya tunggal.
R01,5482,2020-08-28,IP-001,IP KULIT LUMPIA ISI 50 LEMBAR X 36 PACK,30.0,DUS,388800.0,11664000.0,PAK HENDRIS,1,referensial,info,Kode barang punya >1 ejaan nama (sudah diseragamkan),perbaiki,Perbaiki master barang di sistem sumber agar ejaannya tunggal.
R01,5485,2020-08-28,IP-001,IP KULIT LUMPIA ISI 50 LEMBAR X 36 PACK,50.0,DUS,388800.0,19440000.0,GRAHA SANDENI,1,referensial,info,Kode barang punya >1 ejaan nama (sudah diseragamkan),perbaiki,Perbaiki master barang di sistem sumber agar ejaannya tunggal.
R01,5510,2020-08-29,MAES-002,MAESTRO LIGHT MAYO 180 GR,72.0,PCS,8500.0,612000.0,RUMAH SOSIS,1,referensial,info,Kode barang punya >1 ejaan nama (sudah diseragamkan),perbaiki,Perbaiki master barang di sistem sumber agar ejaannya tunggal.
R01,5524,2020-08-29,WEI-001,WEI WANG COKLAT X 12 PACK,2.0,DUS,180000.0,360000.0,IBU SURYANI,1,referensial,info,Kode barang punya >1 ejaan nama (sudah diseragamkan),perbaiki,Perbaiki master barang di sistem sumber agar ejaannya tunggal.
R01,5578,2020-08-31,WEI-001,WEI WANG COKLAT X 12 PACK,6.0,PACK,16000.0,96000.0,PANGESIA,1,referensial,info,Kode barang punya >1 ejaan nama (sudah diseragamkan),perbaiki,Perbaiki master barang di sistem sumber agar ejaannya tunggal.
R01,5601,2020-08-31,SUN-003,SUNFISH OTAK OTAK ISI 40 500 GR X 12,1.0,PACK,19000.0,19000.0,CASH,1,referensial,info,Kode barang punya >1 ejaan nama (sudah diseragamkan),perbaiki,Perbaiki master barang di sistem sumber agar ejaannya tunggal.
R01,5618,2020-09-01,WEI-001,WEI WANG COKLAT X 12 PACK,4.0,PACK,15000.0,60000.0,AMANAH FROZEN,1,referensial,info,Kode barang punya >1 ejaan nama (sudah diseragamkan),perbaiki,Perbaiki master barang di sistem sumber agar ejaannya tunggal.
R01,5641,2020-09-02,DEN-006,DEN BAGUS NANO NANO X 20 PACK,2.0,BAL,150000.0,300000.0,TOKO CITA RASA BARU,1,referensial,info,Kode barang punya >1 ejaan nama (sudah diseragamkan),perbaiki,Perbaiki master barang di sistem sumber agar ejaannya tunggal.
R01,5642,2020-09-02,DEN-006,DEN BAGUS NANO NANO X 20 PACK,3.0,BAL,174000.0,522000.0,ANTON,1,referensial,info,Kode barang punya >1 ejaan nama (sudah diseragamkan),perbaiki,Perbaiki master barang di sistem sumber agar ejaannya tunggal.
R01,5654,2020-09-02,IP-001,IP KULIT LUMPIA ISI 50 LEMBAR X 36 PACK,1.0,DUS,360000.0,360000.0,TOKO CITA RASA BARU,1,referensial,info,Kode barang punya >1 ejaan nama (sudah diseragamkan),perbaiki,Perbaiki master barang di sistem sumber agar ejaannya tunggal.
R01,5655,2020-09-02,IP-001,IP KULIT LUMPIA ISI 50 LEMBAR X 36 PACK,15.0,DUS,378000.0,5670000.0,FIRDON,1,referensial,info,Kode barang punya >1 ejaan nama (sudah diseragamkan),perbaiki,Perbaiki master barang di sistem sumber agar ejaannya tunggal.
R01,5660,2020-09-02,JOF-011,JOFRANS SOSIS BRATW (ORI) 500 GR X 12,2.0,DUS,348000.0,696000.0,PAK GUNAWAN,1,referensial,info,Kode barang punya >1 ejaan nama (sudah diseragamkan),perbaiki,Perbaiki master barang di sistem sumber agar ejaannya tunggal.
R01,5684,2020-09-02,SHIF-003,SHIFUDO FISH ROLL 250 GR X 20 PACK,1.0,DUS,201020.0,201020.0,ANJANI FROZEN FOOD,1,referensial,info,Kode barang punya >1 ejaan nama (sudah diseragamkan),perbaiki,Perbaiki master barang di sistem sumber agar ejaannya tunggal.
R01,5685,2020-09-02,SUN-003,SUNFISH OTAK OTAK ISI 40 500 GR X 12,16.0,PACK,17500.0,280000.0,TOKO CITA RASA BARU,2,referensial,info,Kode barang punya >1 ejaan nama (sudah diseragamkan),perbaiki,Perbaiki master barang di sistem sumber agar ejaannya tunggal.
R01,5697,2020-09-02,WEI-001,WEI WANG COKLAT X 12 PACK,4.0,DUS,160000.0,640000.0,TOKO CITA RASA BARU,1,referensial,info,Kode barang punya >1 ejaan nama (sudah diseragamkan),perbaiki,Perbaiki master barang di sistem sumber agar ejaannya tunggal.
R01,5698,2020-09-02,WEI-001,WEI WANG COKLAT X 12 PACK,2.0,PACK,15000.0,30000.0,RUDI,1,referensial,info,Kode barang punya >1 ejaan nama (sudah diseragamkan),perbaiki,Perbaiki master barang di sistem sumber agar ejaannya tunggal.
R01,5739,2020-09-05,IP-001,IP KULIT LUMPIA ISI 50 LEMBAR X 36 PACK,3.0,DUS,378000.0,1134000.0,ANTON,1,referensial,info,Kode barang punya >1 ejaan nama (sudah diseragamkan),perbaiki,Perbaiki master barang di sistem sumber agar ejaannya tunggal.
R01,5766,2020-09-07,IP-001,IP KULIT LUMPIA ISI 50 LEMBAR X 36 PACK,5.0,DUS,378000.0,1890000.0,IBUK CAROLINA NAGA MAS,1,referensial,info,Kode barang punya >1 ejaan nama (sudah diseragamkan),perbaiki,Perbaiki master barang di sistem sumber agar ejaannya tunggal.
R01,5780,2020-09-07,WEI-001,WEI WANG COKLAT X 12 PACK,2.0,DUS,180000.0,360000.0,PAK SLAMET / MBAH BEJO,1,referensial,info,Kode barang punya >1 ejaan nama (sudah diseragamkan),perbaiki,Perbaiki master barang di sistem sumber agar ejaannya tunggal.
R01,5781,2020-09-07,WEI-003,WEI WANG MINI PAO SAPI 30 PCS X 12 PACK,2.0,DUS,180000.0,360000.0,PAK SLAMET / MBAH BEJO,1,referensial,info,Kode barang punya >1 ejaan nama (sudah diseragamkan),perbaiki,Perbaiki master barang di sistem sumber agar ejaannya tunggal.
R01,5798,2020-09-08,SHIF-003,SHIFUDO FISH ROLL 250 GR X 20 PACK,1.0,DUS,201020.0,201020.0,ANJANI FROZEN FOOD,1,referensial,info,Kode barang punya >1 ejaan nama (sudah diseragamkan),perbaiki,Perbaiki master barang di sistem sumber agar ejaannya tunggal.
R01,5804,2020-09-09,BAKSO-001,ILM BAKSO ANEKA WARNA 250 GR,10.0,PACK,11500.0,115000.0,TOKO CRB 3,1,referensial,info,Kode barang punya >1 ejaan nama (sudah diseragamkan),perbaiki,Perbaiki master barang di sistem sumber agar ejaannya tunggal.
R01,5805,2020-09-09,BAKSO-001,ILM BAKSO ANEKA WARNA 250 GR,5.0,PACK,11500.0,57500.0,RUDI,1,referensial,info,Kode barang punya >1 ejaan nama (sudah diseragamkan),perbaiki,Perbaiki master barang di sistem sumber agar ejaannya tunggal.
R01,5806,2020-09-09,BAKSO-002,ILM BAKSO BINTANG 250 GR,10.0,PACK,11500.0,115000.0,TOKO CRB 3,1,referensial,info,Kode barang punya >1 ejaan nama (sudah diseragamkan),perbaiki,Perbaiki master barang di sistem sumber agar ejaannya tunggal.
R01,5807,2020-09-09,BAKSO-002,ILM BAKSO BINTANG 250 GR,5.0,PACK,11500.0,57500.0,RUDI,1,referensial,info,Kode barang punya >1 ejaan nama (sudah diseragamkan),perbaiki,Perbaiki master barang di sistem sumber agar ejaannya tunggal.
R01,5808,2020-09-09,BAKSO-003,ILM BAKSO IKAN OLAHAN BENTUK TAHU 200 GR,10.0,PACK,10000.0,100000.0,TOKO CRB 3,1,referensial,info,Kode barang punya >1 ejaan nama (sudah diseragamkan),perbaiki,Perbaiki master barang di sistem sumber agar ejaannya tunggal.
R01,5809,2020-09-09,BAKSO-003,ILM BAKSO IKAN OLAHAN BENTUK TAHU 200 GR,5.0,PACK,10000.0,50000.0,RUDI,1,referensial,info,Kode barang punya >1 ejaan nama (sudah diseragamkan),perbaiki,Perbaiki master barang di sistem sumber agar ejaannya tunggal.
R01,5849,2020-09-09,DEN-006,DEN BAGUS NANO NANO X 20 PACK,1.0,BAL,180000.0,180000.0,MAK ITAM,1,referensial,info,Kode barang punya >1 ejaan nama (sudah diseragamkan),perbaiki,Perbaiki master barang di sistem sumber agar ejaannya tunggal.
R01,5850,2020-09-09,DEN-006,DEN BAGUS NANO NANO X 20 PACK,5.0,BAL,180000.0,900000.0,TOKO CRB 2,1,referensial,info,Kode barang punya >1 ejaan nama (sudah diseragamkan),perbaiki,Perbaiki master barang di sistem sumber agar ejaannya tunggal.
R01,5864,2020-09-09,IP-001,IP KULIT LUMPIA ISI 50 LEMBAR X 36 PACK,2.0,DUS,378000.0,756000.0,BATAM JAYA,1,referensial,info,Kode barang punya >1 ejaan nama (sudah diseragamkan),perbaiki,Perbaiki master barang di sistem sumber agar ejaannya tunggal.
R01,5865,2020-09-09,IP-001,IP KULIT LUMPIA ISI 50 LEMBAR X 36 PACK,1.0,DUS,378000.0,378000.0,TOKO CRB 3,1,referensial,info,Kode barang punya >1 ejaan nama (sudah diseragamkan),perbaiki,Perbaiki master barang di sistem sumber agar ejaannya tunggal.
R01,5866,2020-09-09,IP-001,IP KULIT LUMPIA ISI 50 LEMBAR X 36 PACK,5.0,PACK,10500.0,52500.0,RUDI,1,referensial,info,Kode barang punya >1 ejaan nama (sudah diseragamkan),perbaiki,Perbaiki master barang di sistem sumber agar ejaannya tunggal.
R01,5874,2020-09-09,JOF-016,JOFRANS SOSIS BRATW(LADA HITAM) 500GRX12,10.0,PACK,30000.0,300000.0,TOKO CRB 3,1,referensial,info,Kode barang punya >1 ejaan nama (sudah diseragamkan),perbaiki,Perbaiki master barang di sistem sumber agar ejaannya tunggal.
R01,5888,2020-09-09,KANZ-002,KANZLER SINGLES KEJU MINI 1 PAC X 12 PCS,4.0,PACK,93600.0,374400.0,TOKO CRB 3,1,referensial,info,Kode barang punya >1 ejaan nama (sudah diseragamkan),perbaiki,Perbaiki master barang di sistem sumber agar ejaannya tunggal.
R01,5917,2020-09-09,SHIF-005,SHIFUDO CHIKUWA 500 GR X 16 PACK,1.0,DUS,377568.0,377568.0,ANJANI FROZEN FOOD,1,referensial,info,Kode barang punya >1 ejaan nama (sudah diseragamkan),perbaiki,Perbaiki master barang di sistem sumber agar ejaannya tunggal.
R01,5921,2020-09-09,SUN-003,SUNFISH OTAK OTAK ISI 40 500 GR X 12,1.0,DUS,210000.0,210000.0,TOKO CITA RASA BARU,1,referensial,info,Kode barang punya >1 ejaan nama (sudah diseragamkan),perbaiki,Perbaiki master barang di sistem sumber agar ejaannya tunggal.
R01,5933,2020-09-09,WEI-001,WEI WANG COKLAT X 12 PACK,3.0,DUS,147000.0,441000.0,TOKO CITA RASA BARU,1,referensial,info,Kode barang punya >1 ejaan nama (sudah diseragamkan),perbaiki,Perbaiki master barang di sistem sumber agar ejaannya tunggal.
R01,5934,2020-09-09,WEI-001,WEI WANG COKLAT X 12 PACK,15.0,DUS,144000.0,2160000.0,ANTON,1,referensial,info,Kode barang punya >1 ejaan nama (sudah diseragamkan),perbaiki,Perbaiki master barang di sistem sumber agar ejaannya tunggal.
R01,5935,2020-09-09,WEI-001,WEI WANG COKLAT X 12 PACK,3.0,DUS,147000.0,441000.0,FUN MART,1,referensial,info,Kode barang punya >1 ejaan nama (sudah diseragamkan),perbaiki,Perbaiki master barang di sistem sumber agar ejaannya tunggal.
R01,5936,2020-09-09,WEI-001,WEI WANG COKLAT X 12 PACK,3.0,PACK,0.0,0.0,FUN MART,11,referensial,info,Kode barang punya >1 ejaan nama (sudah diseragamkan),perbaiki,Perbaiki master barang di sistem sumber agar ejaannya tunggal.
R01,5937,2020-09-09,WEI-001,WEI WANG COKLAT X 12 PACK,1.0,DUS,150000.0,150000.0,TOKO CRB 3,1,referensial,info,Kode barang punya >1 ejaan nama (sudah diseragamkan),perbaiki,Perbaiki master barang di sistem sumber agar ejaannya tunggal.
R01,5938,2020-09-09,WEI-001,WEI WANG COKLAT X 12 PACK,9.0,PACK,12500.0,112500.0,RUDI,1,referensial,info,Kode barang punya >1 ejaan nama (sudah diseragamkan),perbaiki,Perbaiki master barang di sistem sumber agar ejaannya tunggal.
R01,5939,2020-09-09,WEI-003,WEI WANG MINI PAO SAPI 30 PCS X 12 PACK,2.0,DUS,147000.0,294000.0,TOKO CITA RASA BARU,1,referensial,info,Kode barang punya >1 ejaan nama (sudah diseragamkan),perbaiki,Perbaiki master barang di sistem sumber agar ejaannya tunggal.
R01,5940,2020-09-09,WEI-003,WEI WANG MINI PAO SAPI 30 PCS X 12 PACK,5.0,DUS,144000.0,720000.0,ANTON,1,referensial,info,Kode barang punya >1 ejaan nama (sudah diseragamkan),perbaiki,Perbaiki master barang di sistem sumber agar ejaannya tunggal.
R01,5941,2020-09-09,WEI-003,WEI WANG MINI PAO SAPI 30 PCS X 12 PACK,3.0,DUS,147000.0,441000.0,FUN MART,1,referensial,info,Kode barang punya >1 ejaan nama (sudah diseragamkan),perbaiki,Perbaiki master barang di sistem sumber agar ejaannya tunggal.
R01,5942,2020-09-09,WEI-003,WEI WANG MINI PAO SAPI 30 PCS X 12 PACK,3.0,PACK,0.0,0.0,FUN MART,11,referensial,info,Kode barang punya >1 ejaan nama (sudah diseragamkan),perbaiki,Perbaiki master barang di sistem sumber agar ejaannya tunggal.
R01,5943,2020-09-09,WEI-003,WEI WANG MINI PAO SAPI 30 PCS X 12 PACK,1.0,DUS,150000.0,150000.0,TOKO CRB 3,1,referensial,info,Kode barang punya >1 ejaan nama (sudah diseragamkan),perbaiki,Perbaiki master barang di sistem sumber agar ejaannya tunggal.
R01,5944,2020-09-09,WEI-003,WEI WANG MINI PAO SAPI 30 PCS X 12 PACK,9.0,PACK,12500.0,112500.0,RUDI,1,referensial,info,Kode barang punya >1 ejaan nama (sudah diseragamkan),perbaiki,Perbaiki master barang di sistem sumber agar ejaannya tunggal.
R01,5947,2020-09-10,IP-001,IP KULIT LUMPIA ISI 50 LEMBAR X 36 PACK,15.0,DUS,360000.0,5400000.0,MAS ROHMAT,1,referensial,info,Kode barang punya >1 ejaan nama (sudah diseragamkan),perbaiki,Perbaiki master barang di sistem sumber agar ejaannya tunggal.
R01,5954,2020-09-10,WEI-001,WEI WANG COKLAT X 12 PACK,5.0,DUS,147000.0,735000.0,MAS ROHMAT,1,referensial,info,Kode barang punya >1 ejaan nama (sudah diseragamkan),perbaiki,Perbaiki master barang di sistem sumber agar ejaannya tunggal.
R01,5955,2020-09-10,WEI-001,WEI WANG COKLAT X 12 PACK,2.0,DUS,147000.0,294000.0,FUN MART,1,referensial,info,Kode barang punya >1 ejaan nama (sudah diseragamkan),perbaiki,Perbaiki master barang di sistem sumber agar ejaannya tunggal.
R01,5956,2020-09-10,WEI-003,WEI WANG MINI PAO SAPI 30 PCS X 12 PACK,5.0,DUS,147000.0,735000.0,MAS ROHMAT,1,referensial,info,Kode barang punya >1 ejaan nama (sudah diseragamkan),perbaiki,Perbaiki master barang di sistem sumber agar ejaannya tunggal.
R01,5965,2020-09-11,IP-001,IP KULIT LUMPIA ISI 50 LEMBAR X 36 PACK,50.0,DUS,360000.0,18000000.0,FRESH SUN SWALAYAN,1,referensial,info,Kode barang punya >1 ejaan nama (sudah diseragamkan),perbaiki,Perbaiki master barang di sistem sumber agar ejaannya tunggal.
R01,6020,2020-09-14,WEI-001,WEI WANG COKLAT X 12 PACK,30.0,DUS,147000.0,4410000.0,FUN MART,2,referensial,info,Kode barang punya >1 ejaan nama (sudah diseragamkan),perbaiki,Perbaiki master barang di sistem sumber agar ejaannya tunggal.
R01,6021,2020-09-14,WEI-003,WEI WANG MINI PAO SAPI 30 PCS X 12 PACK,5.0,DUS,147000.0,735000.0,FUN MART,1,referensial,info,Kode barang punya >1 ejaan nama (sudah diseragamkan),perbaiki,Perbaiki master barang di sistem sumber agar ejaannya tunggal.
R01,6022,2020-09-15,BAKSO-001,ILM BAKSO ANEKA WARNA 250 GR,12.0,PACK,12500.0,150000.0,PT. DINAMIKA BUAH N.,1,referensial,info,Kode barang punya >1 ejaan nama (sudah diseragamkan),perbaiki,Perbaiki master barang di sistem sumber agar ejaannya tunggal.
R01,6023,2020-09-15,BAKSO-002,ILM BAKSO BINTANG 250 GR,10.0,PACK,12500.0,125000.0,PT. DINAMIKA BUAH N.,1,referensial,info,Kode barang punya >1 ejaan nama (sudah diseragamkan),perbaiki,Perbaiki master barang di sistem sumber agar ejaannya tunggal.
R01,6024,2020-09-15,BAKSO-002,ILM BAKSO BINTANG 250 GR,12.0,PACK,12500.0,150000.0,PT. DINAMIKA BUAH N.,1,referensial,info,Kode barang punya >1 ejaan nama (sudah diseragamkan),perbaiki,Perbaiki master barang di sistem sumber agar ejaannya tunggal.
R01,6025,2020-09-15,BAKSO-003,ILM BAKSO IKAN OLAHAN BENTUK TAHU 200 GR,10.0,PACK,11000.0,110000.0,PT. DINAMIKA BUAH N.,1,referensial,info,Kode barang punya >1 ejaan nama (sudah diseragamkan),perbaiki,Perbaiki master barang di sistem sumber agar ejaannya tunggal.
R01,6026,2020-09-15,BAKSO-003,ILM BAKSO IKAN OLAHAN BENTUK TAHU 200 GR,12.0,PACK,11000.0,132000.0,PT. DINAMIKA BUAH N.,1,referensial,info,Kode barang punya >1 ejaan nama (sudah diseragamkan),perbaiki,Perbaiki master barang di sistem sumber agar ejaannya tunggal.
R01,6035,2020-09-15,IP-001,IP KULIT LUMPIA ISI 50 LEMBAR X 36 PACK,1.0,DUS,378000.0,378000.0,RUDI,1,referensial,info,Kode barang punya >1 ejaan nama (sudah diseragamkan),perbaiki,Perbaiki master barang di sistem sumber agar ejaannya tunggal.
R01,6038,2020-09-15,JOF-007,JOFRANS SOSIS BRATW (KEJU) 500 GR X 12,5.0,PACK,30000.0,150000.0,AMANAH FROZEN,1,referensial,info,Kode barang punya >1 ejaan nama (sudah diseragamkan),perbaiki,Perbaiki master barang di sistem sumber agar ejaannya tunggal.
R01,6045,2020-09-15,WEI-001,WEI WANG COKLAT X 12 PACK,1.0,DUS,150000.0,150000.0,AMANAH FROZEN,1,referensial,info,Kode barang punya >1 ejaan nama (sudah diseragamkan),perbaiki,Perbaiki master barang di sistem sumber agar ejaannya tunggal.
R01,6061,2020-09-16,BLF-016,BELFOODS FAV.AYAM GORENG RENYAH 500GRX12,6.0,DUS,436800.0,2620800.0,ADEK FROZEN,1,referensial,info,Kode barang punya >1 ejaan nama (sudah diseragamkan),perbaiki,Perbaiki master barang di sistem sumber agar ejaannya tunggal.
R01,6092,2020-09-16,JOF-007,JOFRANS SOSIS BRATW (KEJU) 500 GR X 12,7.0,PACK,31000.0,217000.0,ARRAFA MART,1,referensial,info,Kode barang punya >1 ejaan nama (sudah diseragamkan),perbaiki,Perbaiki master barang di sistem sumber agar ejaannya tunggal.
R01,6098,2020-09-16,JOF-011,JOFRANS SOSIS BRATW (ORI) 500 GR X 12,1.0,DUS,360000.0,360000.0,ARRAFA MART,1,referensial,info,Kode barang punya >1 ejaan nama (sudah diseragamkan),perbaiki,Perbaiki master barang di sistem sumber agar ejaannya tunggal.
R01,6099,2020-09-16,JOF-011,JOFRANS SOSIS BRATW (ORI) 500 GR X 12,1.0,DUS,360000.0,360000.0,ARRAFA MART,6,referensial,info,Kode barang punya >1 ejaan nama (sudah diseragamkan),perbaiki,Perbaiki master barang di sistem sumber agar ejaannya tunggal.
R01,6115,2020-09-16,KANZ-001,KANZLER SINGLES ORIGINAL 1 PAC X 12 PCS,23.0,PACK,100400.0,2309200.0,GRAHA SANDENI,1,referensial,info,Kode barang punya >1 ejaan nama (sudah diseragamkan),perbaiki,Perbaiki master barang di sistem sumber agar ejaannya tunggal.
R01,6116,2020-09-16,KANZ-001,KANZLER SINGLES ORIGINAL 1 PAC X 12 PCS,1.0,PACK,100400.0,100400.0,TOKO CRB 3,1,referensial,info,Kode barang punya >1 ejaan nama (sudah diseragamkan),perbaiki,Perbaiki master barang di sistem sumber agar ejaannya tunggal.
R01,6117,2020-09-16,KANZ-002,KANZLER SINGLES KEJU MINI 1 PAC X 12 PCS,15.0,PACK,90400.0,1356000.0,GRAHA SANDENI,1,referensial,info,Kode barang punya >1 ejaan nama (sudah diseragamkan),perbaiki,Perbaiki master barang di sistem sumber agar ejaannya tunggal.
R01,6118,2020-09-16,KANZ-002,KANZLER SINGLES KEJU MINI 1 PAC X 12 PCS,3.0,PACK,90400.0,271200.0,TOKO CRB 3,1,referensial,info,Kode barang punya >1 ejaan nama (sudah diseragamkan),perbaiki,Perbaiki master barang di sistem sumber agar ejaannya tunggal.
R01,6164,2020-09-16,SHIF-003,SHIFUDO FISH ROLL 250 GR X 20 PACK,8.0,PACK,10500.0,84000.0,ANJANI FROZEN FOOD,1,referensial,info,Kode barang punya >1 ejaan nama (sudah diseragamkan),perbaiki,Perbaiki master barang di sistem sumber agar ejaannya tunggal.
R01,6165,2020-09-16,SHIF-003,SHIFUDO FISH ROLL 250 GR X 20 PACK,2.0,DUS,262500.0,525000.0,ANJANI FROZEN FOOD,3,referensial,info,Kode barang punya >1 ejaan nama (sudah diseragamkan),perbaiki,Perbaiki master barang di sistem sumber agar ejaannya tunggal.
R01,6166,2020-09-16,SHIF-003,SHIFUDO FISH ROLL 250 GR X 20 PACK,1.0,PACK,10500.0,10500.0,FADIL ANAK BOS,1,referensial,info,Kode barang punya >1 ejaan nama (sudah diseragamkan),perbaiki,Perbaiki master barang di sistem sumber agar ejaannya tunggal.
R01,6167,2020-09-16,SHIF-005,SHIFUDO CHIKUWA 500 GR X 16 PACK,23.0,DUS,384000.0,8832000.0,ADEK FROZEN,1,referensial,info,Kode barang punya >1 ejaan nama (sudah diseragamkan),perbaiki,Perbaiki master barang di sistem sumber agar ejaannya tunggal.
R01,6172,2020-09-16,TORTILA-001,TORTILA KECIL,3.0,PACK,26000.0,78000.0,RUDI,1,referensial,info,Kode barang punya >1 ejaan nama (sudah diseragamkan),perbaiki,Perbaiki master barang di sistem sumber agar ejaannya tunggal.
R01,6181,2020-09-16,WEI-001,WEI WANG COKLAT X 12 PACK,6.0,PACK,14000.0,84000.0,PASAR MINI MD 2,1,referensial,info,Kode barang punya >1 ejaan nama (sudah diseragamkan),perbaiki,Perbaiki master barang di sistem sumber agar ejaannya tunggal.
R01,6182,2020-09-16,WEI-001,WEI WANG COKLAT X 12 PACK,5.0,DUS,147000.0,735000.0,TOKO CITA RASA BARU,1,referensial,info,Kode barang punya >1 ejaan nama (sudah diseragamkan),perbaiki,Perbaiki master barang di sistem sumber agar ejaannya tunggal.
R01,6183,2020-09-16,WEI-003,WEI WANG MINI PAO SAPI 30 PCS X 12 PACK,2.0,DUS,147000.0,294000.0,FUN MART,1,referensial,info,Kode barang punya >1 ejaan nama (sudah diseragamkan),perbaiki,Perbaiki master barang di sistem sumber agar ejaannya tunggal.
R01,6187,2020-09-18,BAKSO-001,ILM BAKSO ANEKA WARNA 250 GR,2.0,PACK,11500.0,23000.0,HITE,1,referensial,info,Kode barang punya >1 ejaan nama (sudah diseragamkan),perbaiki,Perbaiki master barang di sistem sumber agar ejaannya tunggal.
R01,6211,2020-09-18,IP-001,IP KULIT LUMPIA ISI 50 LEMBAR X 36 PACK,1.0,DUS,396000.0,396000.0,HITE,1,referensial,info,Kode barang punya >1 ejaan nama (sudah diseragamkan),perbaiki,Perbaiki master barang di sistem sumber agar ejaannya tunggal.
R01,6212,2020-09-18,IP-001,IP KULIT LUMPIA ISI 50 LEMBAR X 36 PACK,15.0,DUS,396000.0,5940000.0,PAK H. RAFDI,1,referensial,info,Kode barang punya >1 ejaan nama (sudah diseragamkan),perbaiki,Perbaiki master barang di sistem sumber agar ejaannya tunggal.
R01,6229,2020-09-18,KANZ-001,KANZLER SINGLES ORIGINAL 1 PAC X 12 PCS,5.0,PACK,100400.0,502000.0,GRAHA SANDENI,1,referensial,info,Kode barang punya >1 ejaan nama (sudah diseragamkan),perbaiki,Perbaiki master barang di sistem sumber agar ejaannya tunggal.
R01,6230,2020-09-18,KANZ-002,KANZLER SINGLES KEJU MINI 1 PAC X 12 PCS,5.0,PACK,90400.0,452000.0,GRAHA SANDENI,1,referensial,info,Kode barang punya >1 ejaan nama (sudah diseragamkan),perbaiki,Perbaiki master barang di sistem sumber agar ejaannya tunggal.
R01,6276,2020-09-18,WEI-001,WEI WANG COKLAT X 12 PACK,1.0,PACK,15000.0,15000.0,SUDUT MANIS MART,1,referensial,info,Kode barang punya >1 ejaan nama (sudah diseragamkan),perbaiki,Perbaiki master barang di sistem sumber agar ejaannya tunggal.
R01,6277,2020-09-18,WEI-001,WEI WANG COKLAT X 12 PACK,5.0,PACK,14000.0,70000.0,KUD BUKIK PAYUNG,1,referensial,info,Kode barang punya >1 ejaan nama (sudah diseragamkan),perbaiki,Perbaiki master barang di sistem sumber agar ejaannya tunggal.
R01,6278,2020-09-19,ARTHUR-001,ARTHUR SHOESTRING 2.5 KG X 4 PACK,1.0,DUS,245000.0,245000.0,AMANAH FROZEN,1,referensial,info,Kode barang punya >1 ejaan nama (sudah diseragamkan),perbaiki,Perbaiki master barang di sistem sumber agar ejaannya tunggal.
R01,6281,2020-09-19,BAKSO-001,ILM BAKSO ANEKA WARNA 250 GR,30.0,PACK,11500.0,345000.0,YUDI,1,referensial,info,Kode barang punya >1 ejaan nama (sudah diseragamkan),perbaiki,Perbaiki master barang di sistem sumber agar ejaannya tunggal.
R01,6282,2020-09-19,BAKSO-002,ILM BAKSO BINTANG 250 GR,30.0,PACK,11500.0,345000.0,YUDI,1,referensial,info,Kode barang punya >1 ejaan nama (sudah diseragamkan),perbaiki,Perbaiki master barang di sistem sumber agar ejaannya tunggal.
R01,6283,2020-09-19,BAKSO-003,ILM BAKSO IKAN OLAHAN BENTUK TAHU 200 GR,30.0,PACK,10000.0,300000.0,YUDI,1,referensial,info,Kode barang punya >1 ejaan nama (sudah diseragamkan),perbaiki,Perbaiki master barang di sistem sumber agar ejaannya tunggal.
R01,6318,2020-09-19,IP-001,IP KULIT LUMPIA ISI 50 LEMBAR X 36 PACK,1.0,DUS,378000.0,378000.0,YUDI,1,referensial,info,Kode barang punya >1 ejaan nama (sudah diseragamkan),perbaiki,Perbaiki master barang di sistem sumber agar ejaannya tunggal.
R01,6393,2020-09-19,TORTILA-001,TORTILA KECIL,10.0,PACK,25000.0,250000.0,TOKO DENIS,1,referensial,info,Kode barang punya >1 ejaan nama (sudah diseragamkan),perbaiki,Perbaiki master barang di sistem sumber agar ejaannya tunggal.
R01,6394,2020-09-19,TORTILA-001,TORTILA KECIL,10.0,PACK,25000.0,250000.0,TOKO ALZENA,1,referensial,info,Kode barang punya >1 ejaan nama (sudah diseragamkan),perbaiki,Perbaiki master barang di sistem sumber agar ejaannya tunggal.
R01,6401,2020-09-19,WEI-001,WEI WANG COKLAT X 12 PACK,3.0,DUS,150000.0,450000.0,YUDI,1,referensial,info,Kode barang punya >1 ejaan nama (sudah diseragamkan),perbaiki,Perbaiki master barang di sistem sumber agar ejaannya tunggal.
R01,6402,2020-09-19,WEI-001,WEI WANG COKLAT X 12 PACK,3.0,PACK,12500.0,37500.0,TOKO DENIS,1,referensial,info,Kode barang punya >1 ejaan nama (sudah diseragamkan),perbaiki,Perbaiki master barang di sistem sumber agar ejaannya tunggal.
R01,6403,2020-09-19,WEI-001,WEI WANG COKLAT X 12 PACK,3.0,PACK,12500.0,37500.0,TOKO BELVA,1,referensial,info,Kode barang punya >1 ejaan nama (sudah diseragamkan),perbaiki,Perbaiki master barang di sistem sumber agar ejaannya tunggal.
R01,6404,2020-09-19,WEI-001,WEI WANG COKLAT X 12 PACK,5.0,PACK,12500.0,62500.0,TOKO ARJUNA,1,referensial,info,Kode barang punya >1 ejaan nama (sudah diseragamkan),perbaiki,Perbaiki master barang di sistem sumber agar ejaannya tunggal.
R01,6405,2020-09-19,WEI-001,WEI WANG COKLAT X 12 PACK,13.0,PACK,12500.0,162500.0,TOKO ALZENA,1,referensial,info,Kode barang punya >1 ejaan nama (sudah diseragamkan),perbaiki,Perbaiki master barang di sistem sumber agar ejaannya tunggal.
R01,6406,2020-09-19,WEI-003,WEI WANG MINI PAO SAPI 30 PCS X 12 PACK,3.0,DUS,150000.0,450000.0,YUDI,1,referensial,info,Kode barang punya >1 ejaan nama (sudah diseragamkan),perbaiki,Perbaiki master barang di sistem sumber agar ejaannya tunggal.
R01,6407,2020-09-19,WEI-003,WEI WANG MINI PAO SAPI 30 PCS X 12 PACK,2.0,PACK,12500.0,25000.0,TOKO DENIS,1,referensial,info,Kode barang punya >1 ejaan nama (sudah diseragamkan),perbaiki,Perbaiki master barang di sistem sumber agar ejaannya tunggal.
R01,6408,2020-09-19,WEI-003,WEI WANG MINI PAO SAPI 30 PCS X 12 PACK,3.0,PACK,12500.0,37500.0,TOKO BELVA,1,referensial,info,Kode barang punya >1 ejaan nama (sudah diseragamkan),perbaiki,Perbaiki master barang di sistem sumber agar ejaannya tunggal.
R01,6409,2020-09-19,WEI-003,WEI WANG MINI PAO SAPI 30 PCS X 12 PACK,5.0,PACK,12500.0,62500.0,TOKO ARJUNA,1,referensial,info,Kode barang punya >1 ejaan nama (sudah diseragamkan),perbaiki,Perbaiki master barang di sistem sumber agar ejaannya tunggal.
R01,6410,2020-09-19,WEI-003,WEI WANG MINI PAO SAPI 30 PCS X 12 PACK,14.0,PACK,12500.0,175000.0,TOKO ALZENA,1,referensial,info,Kode barang punya >1 ejaan nama (sudah diseragamkan),perbaiki,Perbaiki master barang di sistem sumber agar ejaannya tunggal.
R01,6411,2020-09-21,ARTHUR-001,ARTHUR SHOESTRING 2.5 KG X 4 PACK,10.0,DUS,230000.0,2300000.0,TOKO CITA RASA BARU,1,referensial,info,Kode barang punya >1 ejaan nama (sudah diseragamkan),perbaiki,Perbaiki master barang di sistem sumber agar ejaannya tunggal.
R01,6412,2020-09-21,ARTHUR-001,ARTHUR SHOESTRING 2.5 KG X 4 PACK,5.0,DUS,245000.0,1225000.0,FUN MART,1,referensial,info,Kode barang punya >1 ejaan nama (sudah diseragamkan),perbaiki,Perbaiki master barang di sistem sumber agar ejaannya tunggal.
R01,6422,2020-09-21,DEN-006,DEN BAGUS NANO NANO X 20 PACK,3.0,BAL,150000.0,450000.0,TOKO CITA RASA BARU,1,referensial,info,Kode barang punya >1 ejaan nama (sudah diseragamkan),perbaiki,Perbaiki master barang di sistem sumber agar ejaannya tunggal.
R01,6423,2020-09-21,DEN-006,DEN BAGUS NANO NANO X 20 PACK,4.0,BAL,180000.0,720000.0,RUMAH SOSIS,1,referensial,info,Kode barang punya >1 ejaan nama (sudah diseragamkan),perbaiki,Perbaiki master barang di sistem sumber agar ejaannya tunggal.
R01,6474,2020-09-22,ARTHUR-001,ARTHUR SHOESTRING 2.5 KG X 4 PACK,4.0,DUS,255000.0,1020000.0,PAK ADEK,1,referensial,info,Kode barang punya >1 ejaan nama (sudah diseragamkan),perbaiki,Perbaiki master barang di sistem sumber agar ejaannya tunggal.
R01,6490,2020-09-22,IP-001,IP KULIT LUMPIA ISI 50 LEMBAR X 36 PACK,10.0,DUS,378000.0,3780000.0,RUDI,1,referensial,info,Kode barang punya >1 ejaan nama (sudah diseragamkan),perbaiki,Perbaiki master barang di sistem sumber agar ejaannya tunggal.
R01,6491,2020-09-22,IP-001,IP KULIT LUMPIA ISI 50 LEMBAR X 36 PACK,4.0,DUS,378000.0,1512000.0,MALINDO DUMAI,1,referensial,info,Kode barang punya >1 ejaan nama (sudah diseragamkan),perbaiki,Perbaiki master barang di sistem sumber agar ejaannya tunggal.
R01,6522,2020-09-22,TORTILA-001,TORTILA KECIL,1.0,PACK,0.0,0.0,BATAM JAYA,11,referensial,info,Kode barang punya >1 ejaan nama (sudah diseragamkan),perbaiki,Perbaiki master barang di sistem sumber agar ejaannya tunggal.
R01,6533,2020-09-22,WEI-001,WEI WANG COKLAT X 12 PACK,2.0,DUS,147000.0,294000.0,FUN MART,1,referensial,info,Kode barang punya >1 ejaan nama (sudah diseragamkan),perbaiki,Perbaiki master barang di sistem sumber agar ejaannya tunggal.
R01,6534,2020-09-22,WEI-001,WEI WANG COKLAT X 12 PACK,1.0,DUS,150000.0,150000.0,BATAM JAYA,1,referensial,info,Kode barang punya >1 ejaan nama (sudah diseragamkan),perbaiki,Perbaiki master barang di sistem sumber agar ejaannya tunggal.
R01,6535,2020-09-22,WEI-001,WEI WANG COKLAT X 12 PACK,30.0,PACK,12500.0,375000.0,RUDI,2,referensial,info,Kode barang punya >1 ejaan nama (sudah diseragamkan),perbaiki,Perbaiki master barang di sistem sumber agar ejaannya tunggal.
R01,6536,2020-09-22,WEI-003,WEI WANG MINI PAO SAPI 30 PCS X 12 PACK,1.0,DUS,150000.0,150000.0,BATAM JAYA,1,referensial,info,Kode barang punya >1 ejaan nama (sudah diseragamkan),perbaiki,Perbaiki master barang di sistem sumber agar ejaannya tunggal.
R01,6537,2020-09-22,WEI-003,WEI WANG MINI PAO SAPI 30 PCS X 12 PACK,6.0,PACK,12500.0,75000.0,RUDI,1,referensial,info,Kode barang punya >1 ejaan nama (sudah diseragamkan),perbaiki,Perbaiki master barang di sistem sumber agar ejaannya tunggal.
R01,6547,2020-09-23,WEI-003,WEI WANG MINI PAO SAPI 30 PCS X 12 PACK,1.0,DUS,150000.0,150000.0,AMANAH FROZEN,1,referensial,info,Kode barang punya >1 ejaan nama (sudah diseragamkan),perbaiki,Perbaiki master barang di sistem sumber agar ejaannya tunggal.
R01,6548,2020-09-24,ARTHUR-001,ARTHUR SHOESTRING 2.5 KG X 4 PACK,2.0,DUS,250000.0,500000.0,MM GALAXY,1,referensial,info,Kode barang punya >1 ejaan nama (sudah diseragamkan),perbaiki,Perbaiki master barang di sistem sumber agar ejaannya tunggal.
R01,6555,2020-09-24,IP-001,IP KULIT LUMPIA ISI 50 LEMBAR X 36 PACK,36.0,PACK,12000.0,432000.0,MULIA JAYA / REGAR,1,referensial,info,Kode barang punya >1 ejaan nama (sudah diseragamkan),perbaiki,Perbaiki master barang di sistem sumber agar ejaannya tunggal.
R01,6584,2020-09-24,WEI-001,WEI WANG COKLAT X 12 PACK,6.0,PACK,15000.0,90000.0,MM GALAXY,1,referensial,info,Kode barang punya >1 ejaan nama (sudah diseragamkan),perbaiki,Perbaiki master barang di sistem sumber agar ejaannya tunggal.
R01,6585,2020-09-24,WEI-003,WEI WANG MINI PAO SAPI 30 PCS X 12 PACK,6.0,PACK,15000.0,90000.0,MM GALAXY,1,referensial,info,Kode barang punya >1 ejaan nama (sudah diseragamkan),perbaiki,Perbaiki master barang di sistem sumber agar ejaannya tunggal.
R01,6589,2020-09-25,IP-001,IP KULIT LUMPIA ISI 50 LEMBAR X 36 PACK,18.0,PACK,10000.0,180000.0,FUN MART,1,referensial,info,Kode barang punya >1 ejaan nama (sudah diseragamkan),perbaiki,Perbaiki master barang di sistem sumber agar ejaannya tunggal.
R01,6605,2020-09-26,ARTHUR-001,ARTHUR SHOESTRING 2.5 KG X 4 PACK,10.0,DUS,230000.0,2300000.0,TOKO CITA RASA BARU,3,referensial,info,Kode barang punya >1 ejaan nama (sudah diseragamkan),perbaiki,Perbaiki master barang di sistem sumber agar ejaannya tunggal.
R01,6606,2020-09-26,ARTHUR-001,ARTHUR SHOESTRING 2.5 KG X 4 PACK,12.0,PACK,61000.0,732000.0,PAK HENDRIS,3,referensial,info,Kode barang punya >1 ejaan nama (sudah diseragamkan),perbaiki,Perbaiki master barang di sistem sumber agar ejaannya tunggal.
R01,6627,2020-09-26,DEN-006,DEN BAGUS NANO NANO X 20 PACK,3.0,BAL,150000.0,450000.0,TOKO CITA RASA BARU,1,referensial,info,Kode barang punya >1 ejaan nama (sudah diseragamkan),perbaiki,Perbaiki master barang di sistem sumber agar ejaannya tunggal.
R01,6628,2020-09-26,DEN-006,DEN BAGUS NANO NANO X 20 PACK,2.0,BAL,180000.0,360000.0,YUKABI,1,referensial,info,Kode barang punya >1 ejaan nama (sudah diseragamkan),perbaiki,Perbaiki master barang di sistem sumber agar ejaannya tunggal.
R01,6637,2020-09-26,IP-001,IP KULIT LUMPIA ISI 50 LEMBAR X 36 PACK,1.0,PACK,0.0,0.0,SAMPEL CRB,11,referensial,info,Kode barang punya >1 ejaan nama (sudah diseragamkan),perbaiki,Perbaiki master barang di sistem sumber agar ejaannya tunggal.
R01,6638,2020-09-26,IP-001,IP KULIT LUMPIA ISI 50 LEMBAR X 36 PACK,10.0,DUS,388800.0,3888000.0,PAK HENDRIS,1,referensial,info,Kode barang punya >1 ejaan nama (sudah diseragamkan),perbaiki,Perbaiki master barang di sistem sumber agar ejaannya tunggal.
R01,6668,2020-09-26,SUN-003,SUNFISH OTAK OTAK ISI 40 500 GR X 12,3.0,DUS,210000.0,630000.0,TOKO CITA RASA BARU,1,referensial,info,Kode barang punya >1 ejaan nama (sudah diseragamkan),perbaiki,Perbaiki master barang di sistem sumber agar ejaannya tunggal.
R01,6679,2020-09-26,WEI-001,WEI WANG COKLAT X 12 PACK,10.0,DUS,144000.0,1440000.0,ANTON,1,referensial,info,Kode barang punya >1 ejaan nama (sudah diseragamkan),perbaiki,Perbaiki master barang di sistem sumber agar ejaannya tunggal.
R01,6680,2020-09-26,WEI-001,WEI WANG COKLAT X 12 PACK,3.0,PACK,13000.0,39000.0,SALES FANDI,1,referensial,info,Kode barang punya >1 ejaan nama (sudah diseragamkan),perbaiki,Perbaiki master barang di sistem sumber agar ejaannya tunggal.
R01,6681,2020-09-26,WEI-001,WEI WANG COKLAT X 12 PACK,3.0,PACK,0.0,0.0,SAMPEL CRB,11,referensial,info,Kode barang punya >1 ejaan nama (sudah diseragamkan),perbaiki,Perbaiki master barang di sistem sumber agar ejaannya tunggal.
R01,6682,2020-09-26,WEI-003,WEI WANG MINI PAO SAPI 30 PCS X 12 PACK,3.0,DUS,147000.0,441000.0,TOKO CITA RASA BARU,1,referensial,info,Kode barang punya >1 ejaan nama (sudah diseragamkan),perbaiki,Perbaiki master barang di sistem sumber agar ejaannya tunggal.
R01,6683,2020-09-29,ARTHUR-001,ARTHUR SHOESTRING 2.5 KG X 4 PACK,3.0,DUS,245000.0,735000.0,FUN MART,3,referensial,info,Kode barang punya >1 ejaan nama (sudah diseragamkan),perbaiki,Perbaiki master barang di sistem sumber agar ejaannya tunggal.
R01,6728,2020-09-29,WEI-001,WEI WANG COKLAT X 12 PACK,3.0,DUS,147000.0,441000.0,FUN MART,1,referensial,info,Kode barang punya >1 ejaan nama (sudah diseragamkan),perbaiki,Perbaiki master barang di sistem sumber agar ejaannya tunggal.
R01,6729,2020-09-29,WEI-001,WEI WANG COKLAT X 12 PACK,1.0,DUS,156000.0,156000.0,ANJANI FROZEN FOOD,1,referensial,info,Kode barang punya >1 ejaan nama (sudah diseragamkan),perbaiki,Perbaiki master barang di sistem sumber agar ejaannya tunggal.
R01,6730,2020-09-29,WEI-001,WEI WANG COKLAT X 12 PACK,1.0,DUS,150000.0,150000.0,DEPO IKAN LAUT BAGAN,1,referensial,info,Kode barang punya >1 ejaan nama (sudah diseragamkan),perbaiki,Perbaiki master barang di sistem sumber agar ejaannya tunggal.
R01,6731,2020-09-29,WEI-003,WEI WANG MINI PAO SAPI 30 PCS X 12 PACK,3.0,DUS,147000.0,441000.0,FUN MART,1,referensial,info,Kode barang punya >1 ejaan nama (sudah diseragamkan),perbaiki,Perbaiki master barang di sistem sumber agar ejaannya tunggal.
R01,6732,2020-09-30,ARTHUR-001,ARTHUR SHOESTRING 2.5 KG X 4 PACK,3.0,DUS,250000.0,750000.0,HARUM MANIS,5,referensial,info,Kode barang punya >1 ejaan nama (sudah diseragamkan),perbaiki,Perbaiki master barang di sistem sumber agar ejaannya tunggal.
R01,6733,2020-09-30,ARTHUR-001,ARTHUR SHOESTRING 2.5 KG X 4 PACK,2.0,DUS,260000.0,520000.0,ARRAFA MART,3,referensial,info,Kode barang punya >1 ejaan nama (sudah diseragamkan),perbaiki,Perbaiki master barang di sistem sumber agar ejaannya tunggal.
R01,6749,2020-09-30,JOF-016,JOFRANS SOSIS BRATW(LADA HITAM) 500GRX12,12.0,PACK,30000.0,360000.0,HARUM MANIS,3,referensial,info,Kode barang punya >1 ejaan nama (sudah diseragamkan),perbaiki,Perbaiki master barang di sistem sumber agar ejaannya tunggal.
R01,6750,2020-09-30,JOF-016,JOFRANS SOSIS BRATW(LADA HITAM) 500GRX12,1.0,DUS,372000.0,372000.0,ARRAFA MART,1,referensial,info,Kode barang punya >1 ejaan nama (sudah diseragamkan),perbaiki,Perbaiki master barang di sistem sumber agar ejaannya tunggal.
S02,18,2020-04-01,MIN-002,MINAKU NUGGET ICE CREAM 500 GR X 20 PACK,1.0,DUS,290000.0,290000.0,TOSERBA JIMMY,1,pencilan,info,Harga menyimpang secara statistik (|z robust| > 5),tandai,"Menyimpang dari kebiasaan SKU ini, tetapi bisa jadi tier harga pelanggan."
S02,316,2020-04-09,FINNA-001,FINNA KULIT LUMPIA 125 MM X 36 PACK,2.0,DUS,362916.0,725832.0,TOKO CITA RASA BARU,1,pencilan,info,Harga menyimpang secara statistik (|z robust| > 5),tandai,"Menyimpang dari kebiasaan SKU ini, tetapi bisa jadi tier harga pelanggan."
S02,418,2020-04-13,MIT-008,MITRAKU FISH CAKE 500 GR X 20 PACK,20.0,PACK,32000.0,640000.0,PT. DINAMIKA BUAH N.,1,pencilan,info,Harga menyimpang secara statistik (|z robust| > 5),tandai,"Menyimpang dari kebiasaan SKU ini, tetapi bisa jadi tier harga pelanggan."
S02,847,2020-04-24,FINNA-001,FINNA KULIT LUMPIA 125 MM X 36 PACK,4.0,DUS,362916.0,1451664.0,TOKO CITA RASA BARU,1,pencilan,info,Harga menyimpang secara statistik (|z robust| > 5),tandai,"Menyimpang dari kebiasaan SKU ini, tetapi bisa jadi tier harga pelanggan."
S02,972,2020-04-29,MIT-008,MITRAKU FISH CAKE 500 GR X 20 PACK,8.0,PACK,32000.0,256000.0,PT. DINAMIKA BUAH N.,1,pencilan,info,Harga menyimpang secara statistik (|z robust| > 5),tandai,"Menyimpang dari kebiasaan SKU ini, tetapi bisa jadi tier harga pelanggan."
S02,1030,2020-04-30,LUTOSA-001,LUTOSA SHOESTRING 1000 GR X 10 PACK,1.0,PACK,15000.0,15000.0,FADIL ANAK BOS,3,pencilan,info,Harga menyimpang secara statistik (|z robust| > 5),tandai,"Menyimpang dari kebiasaan SKU ini, tetapi bisa jadi tier harga pelanggan."
S02,1158,2020-05-05,MIT-008,MITRAKU FISH CAKE 500 GR X 20 PACK,5.0,PACK,32000.0,160000.0,PT. DINAMIKA BUAH N.,1,pencilan,info,Harga menyimpang secara statistik (|z robust| > 5),tandai,"Menyimpang dari kebiasaan SKU ini, tetapi bisa jadi tier harga pelanggan."
S02,1659,2020-05-20,BF-008,BF LUMPIA SAYUR 210 GR X 32 PACK,32.0,PACK,19720.0,631040.0,MALINDO PADANG,1,pencilan,info,Harga menyimpang secara statistik (|z robust| > 5),tandai,"Menyimpang dari kebiasaan SKU ini, tetapi bisa jadi tier harga pelanggan."
S02,2034,2020-06-03,BF-008,BF LUMPIA SAYUR 210 GR X 32 PACK,52.0,PACK,19500.0,1014000.0,ADEK FROZEN,1,pencilan,info,Harga menyimpang secara statistik (|z robust| > 5),tandai,"Menyimpang dari kebiasaan SKU ini, tetapi bisa jadi tier harga pelanggan."
S02,2215,2020-06-05,LUTOSA-001,LUTOSA SHOESTRING 1000 GR X 10 PACK,2.0,PACK,15000.0,30000.0,FADIL ANAK BOS,3,pencilan,info,Harga menyimpang secara statistik (|z robust| > 5),tandai,"Menyimpang dari kebiasaan SKU ini, tetapi bisa jadi tier harga pelanggan."
S02,2430,2020-06-12,CHA-001,CHAMP SOSIS 1000 GR X 10 PACK,2.0,PACK,30000.0,60000.0,CASH,1,pencilan,info,Harga menyimpang secara statistik (|z robust| > 5),tandai,"Menyimpang dari kebiasaan SKU ini, tetapi bisa jadi tier harga pelanggan."
S02,2753,2020-06-20,MIN-002,MINAKU NUGGET ICE CREAM 500 GR X 20 PACK,1.0,DUS,230384.0,230384.0,TOKO CITA RASA BARU,1,pencilan,info,Harga menyimpang secara statistik (|z robust| > 5),tandai,"Menyimpang dari kebiasaan SKU ini, tetapi bisa jadi tier harga pelanggan."
S02,2826,2020-06-22,LUTOSA-001,LUTOSA SHOESTRING 1000 GR X 10 PACK,2.0,PACK,15000.0,30000.0,FADIL ANAK BOS,3,pencilan,info,Harga menyimpang secara statistik (|z robust| > 5),tandai,"Menyimpang dari kebiasaan SKU ini, tetapi bisa jadi tier harga pelanggan."
S02,2871,2020-06-23,CHA-001,CHAMP SOSIS 1000 GR X 10 PACK,4.0,PACK,30000.0,120000.0,CASH,1,pencilan,info,Harga menyimpang secara statistik (|z robust| > 5),tandai,"Menyimpang dari kebiasaan SKU ini, tetapi bisa jadi tier harga pelanggan."
S02,3064,2020-06-26,MIT-009,MITRAKU FISH ROLL 500 GR X 20 PACK,5.0,PACK,20000.0,100000.0,TOKO CITA RASA BARU,2,pencilan,info,Harga menyimpang secara statistik (|z robust| > 5),tandai,"Menyimpang dari kebiasaan SKU ini, tetapi bisa jadi tier harga pelanggan."
S02,3251,2020-07-03,FINNA-001,FINNA KULIT LUMPIA 125 MM X 36 PACK,5.0,DUS,362916.0,1814580.0,TOKO CITA RASA BARU,1,pencilan,info,Harga menyimpang secara statistik (|z robust| > 5),tandai,"Menyimpang dari kebiasaan SKU ini, tetapi bisa jadi tier harga pelanggan."
S02,3411,2020-07-06,MIT-004,MITRAKU BAKSO PILUS IKAN 400GR X 23 PACK,10.0,PACK,11500.0,115000.0,MAJU JAYA,1,pencilan,info,Harga menyimpang secara statistik (|z robust| > 5),tandai,"Menyimpang dari kebiasaan SKU ini, tetapi bisa jadi tier harga pelanggan."
S02,3794,2020-07-17,MIT-009,MITRAKU FISH ROLL 500 GR X 20 PACK,5.0,PACK,20000.0,100000.0,TOKO CITA RASA BARU,1,pencilan,info,Harga menyimpang secara statistik (|z robust| > 5),tandai,"Menyimpang dari kebiasaan SKU ini, tetapi bisa jadi tier harga pelanggan."
S02,3796,2020-07-17,MIT-006,MITRAKU DUMPLING 500 GR X 20 PACK,5.0,PACK,30000.0,150000.0,TOKO CITA RASA BARU,1,pencilan,info,Harga menyimpang secara statistik (|z robust| > 5),tandai,"Menyimpang dari kebiasaan SKU ini, tetapi bisa jadi tier harga pelanggan."
S02,3926,2020-07-21,CAV-001,CAVENDISH SHOESTRING 2.94 KG X 6 PACK,6.0,DUS,450000.0,2700000.0,FUN MART,2,pencilan,info,Harga menyimpang secara statistik (|z robust| > 5),tandai,"Menyimpang dari kebiasaan SKU ini, tetapi bisa jadi tier harga pelanggan."
S02,3930,2020-07-21,CAV-001,CAVENDISH SHOESTRING 2.94 KG X 6 PACK,7.0,DUS,450000.0,3150000.0,FUN MART,2,pencilan,info,Harga menyimpang secara statistik (|z robust| > 5),tandai,"Menyimpang dari kebiasaan SKU ini, tetapi bisa jadi tier harga pelanggan."
S02,3997,2020-07-21,CAV-001,CAVENDISH SHOESTRING 2.94 KG X 6 PACK,4.0,DUS,414000.0,1656000.0,TOKO CITA RASA BARU,2,pencilan,info,Harga menyimpang secara statistik (|z robust| > 5),tandai,"Menyimpang dari kebiasaan SKU ini, tetapi bisa jadi tier harga pelanggan."
S02,4318,2020-07-27,FINNA-001,FINNA KULIT LUMPIA 125 MM X 36 PACK,1.0,DUS,362916.0,362916.0,TOKO CITA RASA BARU,1,pencilan,info,Harga menyimpang secara statistik (|z robust| > 5),tandai,"Menyimpang dari kebiasaan SKU ini, tetapi bisa jadi tier harga pelanggan."
S02,4319,2020-07-27,MIT-006,MITRAKU DUMPLING 500 GR X 20 PACK,10.0,PACK,30000.0,300000.0,TOKO CITA RASA BARU,1,pencilan,info,Harga menyimpang secara statistik (|z robust| > 5),tandai,"Menyimpang dari kebiasaan SKU ini, tetapi bisa jadi tier harga pelanggan."
S02,4436,2020-07-29,FOODY-001,FOODY BASO IKAN 500 GR X 20 PACK,2.0,DUS,285000.0,570000.0,TOKO CITA RASA BARU,2,pencilan,info,Harga menyimpang secara statistik (|z robust| > 5),tandai,"Menyimpang dari kebiasaan SKU ini, tetapi bisa jadi tier harga pelanggan."
S02,6293,2020-09-19,BF-008,BF LUMPIA SAYUR 210 GR X 32 PACK,7.0,PACK,19720.0,138040.0,YUDI,1,pencilan,info,Harga menyimpang secara statistik (|z robust| > 5),tandai,"Menyimpang dari kebiasaan SKU ini, tetapi bisa jadi tier harga pelanggan."
S03,14,2020-04-01,SHIF-003,SHIFUDO FISH ROLL 250 GR X 20 PACK,15.0,PACK,10051.0,150765.0,ANJANI FROZEN FOOD,2,pencilan,info,Kuantitas jauh di atas kebiasaan SKU (z robust > 8),tandai,"Umumnya pesanan borongan yang sah — jangan dihapus, cukup dicatat."
S03,52,2020-04-02,DEN-002,DEN BAGUS BINTANG ISI 13 X 50 PACK,50.0,PACK,5000.0,250000.0,MAJU JAYA,1,pencilan,info,Kuantitas jauh di atas kebiasaan SKU (z robust > 8),tandai,"Umumnya pesanan borongan yang sah — jangan dihapus, cukup dicatat."
S03,53,2020-04-02,DEN-003,DEN BAGUS AYAM ISI 13 X 50 PACK,50.0,PACK,5000.0,250000.0,MAJU JAYA,1,pencilan,info,Kuantitas jauh di atas kebiasaan SKU (z robust > 8),tandai,"Umumnya pesanan borongan yang sah — jangan dihapus, cukup dicatat."
S03,54,2020-04-02,CHOP-001,CHOP BURGER SAPI ISI 10 250GR X 24 PACK,24.0,PACK,9000.0,216000.0,MAJU JAYA,1,pencilan,info,Kuantitas jauh di atas kebiasaan SKU (z robust > 8),tandai,"Umumnya pesanan borongan yang sah — jangan dihapus, cukup dicatat."
S03,62,2020-04-02,CHOP-001,CHOP BURGER SAPI ISI 10 250GR X 24 PACK,24.0,PACK,9000.0,216000.0,DARTO,1,pencilan,info,Kuantitas jauh di atas kebiasaan SKU (z robust > 8),tandai,"Umumnya pesanan borongan yang sah — jangan dihapus, cukup dicatat."
S03,91,2020-04-03,MIN-001,MINAKU OTAK OTAK 500 GR X 20 PACK,30.0,DUS,310000.0,9300000.0,FIRDON,1,pencilan,info,Kuantitas jauh di atas kebiasaan SKU (z robust > 8),tandai,"Umumnya pesanan borongan yang sah — jangan dihapus, cukup dicatat."
S03,132,2020-04-03,CONE-005,CONE TP 17 ISI 20 ( SEDANG ),30.0,BKS,5000.0,150000.0,ULIL,1,pencilan,info,Kuantitas jauh di atas kebiasaan SKU (z robust > 8),tandai,"Umumnya pesanan borongan yang sah — jangan dihapus, cukup dicatat."
S03,180,2020-04-06,OKEY-003,OKEY STICK 500 GR X 10 PACK,25.0,PACK,18500.0,462500.0,YER MART,1,pencilan,info,Kuantitas jauh di atas kebiasaan SKU (z robust > 8),tandai,"Umumnya pesanan borongan yang sah — jangan dihapus, cukup dicatat."
S03,182,2020-04-06,OKEY-001,OKEY SOSIS 500 GR X 20 PACK,45.0,PACK,18000.0,810000.0,YER MART,1,pencilan,info,Kuantitas jauh di atas kebiasaan SKU (z robust > 8),tandai,"Umumnya pesanan borongan yang sah — jangan dihapus, cukup dicatat."
S03,307,2020-04-09,DEN-001,DEN BAGUS IKAN ISI 32 X 20 PACK,20.0,PACK,12000.0,240000.0,MAK ITAM,1,pencilan,info,Kuantitas jauh di atas kebiasaan SKU (z robust > 8),tandai,"Umumnya pesanan borongan yang sah — jangan dihapus, cukup dicatat."
S03,435,2020-04-13,DEN-006,DEN BAGUS NANO NANO X 20 PACK,35.0,PACK,9000.0,315000.0,KUALU BERKAT,2,pencilan,info,Kuantitas jauh di atas kebiasaan SKU (z robust > 8),tandai,"Umumnya pesanan borongan yang sah — jangan dihapus, cukup dicatat."
S03,587,2020-04-18,LUTOSA-002,LUTOSA SHOESTRING 2.5 KG X 4 PACK,35.0,DUS,240000.0,8400000.0,DEFRIADI,3,pencilan,info,Kuantitas jauh di atas kebiasaan SKU (z robust > 8),tandai,"Umumnya pesanan borongan yang sah — jangan dihapus, cukup dicatat."
S03,612,2020-04-18,MANTUL-001,MANTUL BAKSO IKAN 500 GR X 20 PACK,40.0,PACK,16500.0,660000.0,ACHEN / VINCENT,1,pencilan,info,Kuantitas jauh di atas kebiasaan SKU (z robust > 8),tandai,"Umumnya pesanan borongan yang sah — jangan dihapus, cukup dicatat."
S03,655,2020-04-20,OKEY-003,OKEY STICK 500 GR X 10 PACK,14.0,PACK,19500.0,273000.0,TOKO RAHMAD,1,pencilan,info,Kuantitas jauh di atas kebiasaan SKU (z robust > 8),tandai,"Umumnya pesanan borongan yang sah — jangan dihapus, cukup dicatat."
S03,670,2020-04-20,OKEY-001,OKEY SOSIS 500 GR X 20 PACK,40.0,DUS,340000.0,13600000.0,HITE,1,pencilan,info,Kuantitas jauh di atas kebiasaan SKU (z robust > 8),tandai,"Umumnya pesanan borongan yang sah — jangan dihapus, cukup dicatat."
S03,672,2020-04-20,OKEY-003,OKEY STICK 500 GR X 10 PACK,25.0,DUS,185000.0,4500000.0,HITE,2,pencilan,info,Kuantitas jauh di atas kebiasaan SKU (z robust > 8),tandai,"Umumnya pesanan borongan yang sah — jangan dihapus, cukup dicatat."
S03,722,2020-04-22,LUTOSA-001,LUTOSA SHOESTRING 1000 GR X 10 PACK,23.0,DUS,240000.0,5520000.0,HENGKY,1,pencilan,info,Kuantitas jauh di atas kebiasaan SKU (z robust > 8),tandai,"Umumnya pesanan borongan yang sah — jangan dihapus, cukup dicatat."
S03,860,2020-04-25,LUTOSA-002,LUTOSA SHOESTRING 2.5 KG X 4 PACK,106.0,DUS,0.0,0.0,CASH,13,pencilan,info,Kuantitas jauh di atas kebiasaan SKU (z robust > 8),tandai,"Umumnya pesanan borongan yang sah — jangan dihapus, cukup dicatat."
S03,884,2020-04-27,OKEY-003,OKEY STICK 500 GR X 10 PACK,15.0,PACK,19000.0,285000.0,KEDAI PEPI,1,pencilan,info,Kuantitas jauh di atas kebiasaan SKU (z robust > 8),tandai,"Umumnya pesanan borongan yang sah — jangan dihapus, cukup dicatat."
S03,890,2020-04-27,OKEY-001,OKEY SOSIS 500 GR X 20 PACK,22.0,DUS,330000.0,7260000.0,TOKO CITA RASA BARU,1,pencilan,info,Kuantitas jauh di atas kebiasaan SKU (z robust > 8),tandai,"Umumnya pesanan borongan yang sah — jangan dihapus, cukup dicatat."
S03,901,2020-04-28,OKEY-001,OKEY SOSIS 500 GR X 20 PACK,20.0,PACK,17000.0,340000.0,OKE MART,1,pencilan,info,Kuantitas jauh di atas kebiasaan SKU (z robust > 8),tandai,"Umumnya pesanan borongan yang sah — jangan dihapus, cukup dicatat."
S03,902,2020-04-28,OKEY-003,OKEY STICK 500 GR X 10 PACK,20.0,PACK,18500.0,370000.0,OKE MART,1,pencilan,info,Kuantitas jauh di atas kebiasaan SKU (z robust > 8),tandai,"Umumnya pesanan borongan yang sah — jangan dihapus, cukup dicatat."
S03,935,2020-04-28,EURIAL-001,EURIAL MOZZARELLA CHEESE 4 X 2.5 KG,16.0,DUS,880000.0,14080000.0,ANTON,1,pencilan,info,Kuantitas jauh di atas kebiasaan SKU (z robust > 8),tandai,"Umumnya pesanan borongan yang sah — jangan dihapus, cukup dicatat."
S03,1024,2020-04-30,OKEY-001,OKEY SOSIS 500 GR X 20 PACK,19.0,PACK,19000.0,361000.0,TOKO SALMAINI HABABAHAN,1,pencilan,info,Kuantitas jauh di atas kebiasaan SKU (z robust > 8),tandai,"Umumnya pesanan borongan yang sah — jangan dihapus, cukup dicatat."
S03,1031,2020-05-02,MIN-001,MINAKU OTAK OTAK 500 GR X 20 PACK,100.0,DUS,304000.0,30400000.0,KUBANG JAYA FOOD,1,pencilan,info,Kuantitas jauh di atas kebiasaan SKU (z robust > 8),tandai,"Umumnya pesanan borongan yang sah — jangan dihapus, cukup dicatat."
S03,1068,2020-05-02,MIN-003,MINAKU SIOMAY UDANG 400 GR X 25 PACK,15.0,PACK,19500.0,292500.0,ANJANI FROZEN FOOD,1,pencilan,info,Kuantitas jauh di atas kebiasaan SKU (z robust > 8),tandai,"Umumnya pesanan borongan yang sah — jangan dihapus, cukup dicatat."
S03,1197,2020-05-08,OKEY-001,OKEY SOSIS 500 GR X 20 PACK,30.0,DUS,340000.0,10200000.0,HITE,1,pencilan,info,Kuantitas jauh di atas kebiasaan SKU (z robust > 8),tandai,"Umumnya pesanan borongan yang sah — jangan dihapus, cukup dicatat."
S03,1198,2020-05-08,OKEY-002,OKEY SOSIS 1000 GR X 10 PACK,20.0,DUS,330000.0,6600000.0,HITE,1,pencilan,info,Kuantitas jauh di atas kebiasaan SKU (z robust > 8),tandai,"Umumnya pesanan borongan yang sah — jangan dihapus, cukup dicatat."
S03,1199,2020-05-08,OKEY-003,OKEY STICK 500 GR X 10 PACK,27.0,DUS,180000.0,4860000.0,HITE,1,pencilan,info,Kuantitas jauh di atas kebiasaan SKU (z robust > 8),tandai,"Umumnya pesanan borongan yang sah — jangan dihapus, cukup dicatat."
S03,1260,2020-05-08,MIN-001,MINAKU OTAK OTAK 500 GR X 20 PACK,35.0,DUS,310000.0,10850000.0,FIRDON,1,pencilan,info,Kuantitas jauh di atas kebiasaan SKU (z robust > 8),tandai,"Umumnya pesanan borongan yang sah — jangan dihapus, cukup dicatat."
S03,1266,2020-05-08,MI-003,MIAMI 8 LTR NEAPOLITAN,20.0,PAIL,120000.0,2400000.0,SUCI,1,pencilan,info,Kuantitas jauh di atas kebiasaan SKU (z robust > 8),tandai,"Umumnya pesanan borongan yang sah — jangan dihapus, cukup dicatat."
S03,1324,2020-05-11,MIT-015,MITRAKU SIOMAY 500 GR X 15 PACK,40.0,PACK,44300.0,1772000.0,RONI PANGAN SARI,1,pencilan,info,Kuantitas jauh di atas kebiasaan SKU (z robust > 8),tandai,"Umumnya pesanan borongan yang sah — jangan dihapus, cukup dicatat."
S03,1355,2020-05-12,CHA-006,CHAMP BASO 500 GR X 10 PACK,20.0,PACK,22000.0,440000.0,ACHEN / VINCENT,1,pencilan,info,Kuantitas jauh di atas kebiasaan SKU (z robust > 8),tandai,"Umumnya pesanan borongan yang sah — jangan dihapus, cukup dicatat."
S03,1356,2020-05-12,MIT-002,MITRAKU BAKSO IKAN 400 GR X 23 PACK,62.0,PACK,18950.0,1174900.0,ACHEN / VINCENT,1,pencilan,info,Kuantitas jauh di atas kebiasaan SKU (z robust > 8),tandai,"Umumnya pesanan borongan yang sah — jangan dihapus, cukup dicatat."
S03,1359,2020-05-12,OKEY-001,OKEY SOSIS 500 GR X 20 PACK,20.0,DUS,330000.0,6600000.0,TOKO CITA RASA BARU,1,pencilan,info,Kuantitas jauh di atas kebiasaan SKU (z robust > 8),tandai,"Umumnya pesanan borongan yang sah — jangan dihapus, cukup dicatat."
S03,1372,2020-05-12,OKEY-003,OKEY STICK 500 GR X 10 PACK,20.0,PACK,18500.0,370000.0,OKE MART,1,pencilan,info,Kuantitas jauh di atas kebiasaan SKU (z robust > 8),tandai,"Umumnya pesanan borongan yang sah — jangan dihapus, cukup dicatat."
S03,1373,2020-05-12,OKEY-001,OKEY SOSIS 500 GR X 20 PACK,20.0,PACK,17000.0,340000.0,OKE MART,1,pencilan,info,Kuantitas jauh di atas kebiasaan SKU (z robust > 8),tandai,"Umumnya pesanan borongan yang sah — jangan dihapus, cukup dicatat."
S03,1374,2020-05-12,OKEY-002,OKEY SOSIS 1000 GR X 10 PACK,20.0,PACK,33000.0,660000.0,OKE MART,1,pencilan,info,Kuantitas jauh di atas kebiasaan SKU (z robust > 8),tandai,"Umumnya pesanan borongan yang sah — jangan dihapus, cukup dicatat."
S03,1379,2020-05-12,CHA-006,CHAMP BASO 500 GR X 10 PACK,30.0,PACK,22000.0,660000.0,OKE MART,1,pencilan,info,Kuantitas jauh di atas kebiasaan SKU (z robust > 8),tandai,"Umumnya pesanan borongan yang sah — jangan dihapus, cukup dicatat."
S03,1380,2020-05-12,CHA-007,CHAMP BURGER 315 GR X 10 PACK,20.0,PACK,15500.0,310000.0,OKE MART,1,pencilan,info,Kuantitas jauh di atas kebiasaan SKU (z robust > 8),tandai,"Umumnya pesanan borongan yang sah — jangan dihapus, cukup dicatat."
S03,1382,2020-05-12,OKEY-001,OKEY SOSIS 500 GR X 20 PACK,20.0,PACK,17000.0,340000.0,OKE MART,6,pencilan,info,Kuantitas jauh di atas kebiasaan SKU (z robust > 8),tandai,"Umumnya pesanan borongan yang sah — jangan dihapus, cukup dicatat."
S03,1433,2020-05-13,EURIAL-001,EURIAL MOZZARELLA CHEESE 4 X 2.5 KG,25.0,DUS,880000.0,22000000.0,ANTON,1,pencilan,info,Kuantitas jauh di atas kebiasaan SKU (z robust > 8),tandai,"Umumnya pesanan borongan yang sah — jangan dihapus, cukup dicatat."
S03,1492,2020-05-16,OKEY-001,OKEY SOSIS 500 GR X 20 PACK,20.0,PACK,19000.0,380000.0,HARAFAH MART,1,pencilan,info,Kuantitas jauh di atas kebiasaan SKU (z robust > 8),tandai,"Umumnya pesanan borongan yang sah — jangan dihapus, cukup dicatat."
S03,1536,2020-05-16,DEN-001,DEN BAGUS IKAN ISI 32 X 20 PACK,20.0,PACK,13000.0,260000.0,SERLY,1,pencilan,info,Kuantitas jauh di atas kebiasaan SKU (z robust > 8),tandai,"Umumnya pesanan borongan yang sah — jangan dihapus, cukup dicatat."
S03,1537,2020-05-16,DEN-006,DEN BAGUS NANO NANO X 20 PACK,20.0,PACK,9000.0,180000.0,SERLY,2,pencilan,info,Kuantitas jauh di atas kebiasaan SKU (z robust > 8),tandai,"Umumnya pesanan borongan yang sah — jangan dihapus, cukup dicatat."
S03,1539,2020-05-16,JOF-023,JOFRANS NUGGET AYAM HATI 500 GR X 12 PAK,36.0,PACK,18000.0,648000.0,BERKAH 1,1,pencilan,info,Kuantitas jauh di atas kebiasaan SKU (z robust > 8),tandai,"Umumnya pesanan borongan yang sah — jangan dihapus, cukup dicatat."
S03,1582,2020-05-16,CHA-007,CHAMP BURGER 315 GR X 10 PACK,17.0,PACK,15500.0,263500.0,PAK ERWIN,3,pencilan,info,Kuantitas jauh di atas kebiasaan SKU (z robust > 8),tandai,"Umumnya pesanan borongan yang sah — jangan dihapus, cukup dicatat."
S03,1586,2020-05-18,MIN-001,MINAKU OTAK OTAK 500 GR X 20 PACK,40.0,DUS,316000.0,12640000.0,PAK H. RAFDI,1,pencilan,info,Kuantitas jauh di atas kebiasaan SKU (z robust > 8),tandai,"Umumnya pesanan borongan yang sah — jangan dihapus, cukup dicatat."
S03,1615,2020-05-18,MIN-001,MINAKU OTAK OTAK 500 GR X 20 PACK,120.0,DUS,304000.0,36480000.0,KUBANG JAYA FOOD,1,pencilan,info,Kuantitas jauh di atas kebiasaan SKU (z robust > 8),tandai,"Umumnya pesanan borongan yang sah — jangan dihapus, cukup dicatat."
S03,1661,2020-05-20,BF-004,BF DIMSUM SIOMAY REG-NEW 200 GR X 48 PAK,48.0,PACK,18200.0,786240.0,MALINDO PADANG,2,pencilan,info,Kuantitas jauh di atas kebiasaan SKU (z robust > 8),tandai,"Umumnya pesanan borongan yang sah — jangan dihapus, cukup dicatat."
S03,1666,2020-05-20,MIT-015,MITRAKU SIOMAY 500 GR X 15 PACK,30.0,PACK,44300.0,1329000.0,MALINDO PADANG,1,pencilan,info,Kuantitas jauh di atas kebiasaan SKU (z robust > 8),tandai,"Umumnya pesanan borongan yang sah — jangan dihapus, cukup dicatat."
S03,1681,2020-05-20,TORTILA-001,TORTILA KECIL,200.0,PACK,25250.0,5050000.0,RUMAH SOSIS,2,pencilan,info,Kuantitas jauh di atas kebiasaan SKU (z robust > 8),tandai,"Umumnya pesanan borongan yang sah — jangan dihapus, cukup dicatat."
S03,1682,2020-05-20,TORTILA-002,TORTILA SEDANG,100.0,PACK,27250.0,2725000.0,RUMAH SOSIS,1,pencilan,info,Kuantitas jauh di atas kebiasaan SKU (z robust > 8),tandai,"Umumnya pesanan borongan yang sah — jangan dihapus, cukup dicatat."
S03,1708,2020-05-20,SHIF-001,SHIFUDO BAKSO IKAN 500 GR X 20 PACK,21.0,PACK,17830.0,374430.0,ANJANI FROZEN FOOD,1,pencilan,info,Kuantitas jauh di atas kebiasaan SKU (z robust > 8),tandai,"Umumnya pesanan borongan yang sah — jangan dihapus, cukup dicatat."
S03,1728,2020-05-22,OKEY-001,OKEY SOSIS 500 GR X 20 PACK,40.0,DUS,340000.0,13600000.0,HITE,1,pencilan,info,Kuantitas jauh di atas kebiasaan SKU (z robust > 8),tandai,"Umumnya pesanan borongan yang sah — jangan dihapus, cukup dicatat."
S03,1730,2020-05-22,OKEY-003,OKEY STICK 500 GR X 10 PACK,20.0,DUS,185000.0,3600000.0,HITE,2,pencilan,info,Kuantitas jauh di atas kebiasaan SKU (z robust > 8),tandai,"Umumnya pesanan borongan yang sah — jangan dihapus, cukup dicatat."
S03,1741,2020-05-22,MI-007,MIAMI 8 LTR,33.0,PAIL,120000.0,3960000.0,SUCI,1,pencilan,info,Kuantitas jauh di atas kebiasaan SKU (z robust > 8),tandai,"Umumnya pesanan borongan yang sah — jangan dihapus, cukup dicatat."
S03,1757,2020-05-27,MI-007,MIAMI 8 LTR,26.0,PAIL,120000.0,3120000.0,AMANAH FROZEN,1,pencilan,info,Kuantitas jauh di atas kebiasaan SKU (z robust > 8),tandai,"Umumnya pesanan borongan yang sah — jangan dihapus, cukup dicatat."
S03,1758,2020-05-27,CONE-005,CONE TP 17 ISI 20 ( SEDANG ),14.0,BKS,5000.0,70000.0,AMANAH FROZEN,1,pencilan,info,Kuantitas jauh di atas kebiasaan SKU (z robust > 8),tandai,"Umumnya pesanan borongan yang sah — jangan dihapus, cukup dicatat."
S03,1777,2020-05-27,MI-007,MIAMI 8 LTR,60.0,PAIL,120000.0,7200000.0,CASH,1,pencilan,info,Kuantitas jauh di atas kebiasaan SKU (z robust > 8),tandai,"Umumnya pesanan borongan yang sah — jangan dihapus, cukup dicatat."
S03,1787,2020-05-27,MI-007,MIAMI 8 LTR,20.0,PAIL,130000.0,2600000.0,MIAMI - RUDI,1,pencilan,info,Kuantitas jauh di atas kebiasaan SKU (z robust > 8),tandai,"Umumnya pesanan borongan yang sah — jangan dihapus, cukup dicatat."
S03,1807,2020-05-28,MIN-001,MINAKU OTAK OTAK 500 GR X 20 PACK,40.0,DUS,310000.0,12400000.0,FIRDON,1,pencilan,info,Kuantitas jauh di atas kebiasaan SKU (z robust > 8),tandai,"Umumnya pesanan borongan yang sah — jangan dihapus, cukup dicatat."
S03,1808,2020-05-28,MIN-001,MINAKU OTAK OTAK 500 GR X 20 PACK,30.0,DUS,310000.0,9300000.0,ANTON,1,pencilan,info,Kuantitas jauh di atas kebiasaan SKU (z robust > 8),tandai,"Umumnya pesanan borongan yang sah — jangan dihapus, cukup dicatat."
S03,1820,2020-05-28,CONE-004,CONE TP 13 ISI 40 ( KECIL ),50.0,BKS,6000.0,300000.0,ULIL,1,pencilan,info,Kuantitas jauh di atas kebiasaan SKU (z robust > 8),tandai,"Umumnya pesanan borongan yang sah — jangan dihapus, cukup dicatat."
S03,1821,2020-05-28,CONE-005,CONE TP 17 ISI 20 ( SEDANG ),16.0,BKS,5000.0,80000.0,ULIL,1,pencilan,info,Kuantitas jauh di atas kebiasaan SKU (z robust > 8),tandai,"Umumnya pesanan borongan yang sah — jangan dihapus, cukup dicatat."
S03,1840,2020-05-29,SHIF-001,SHIFUDO BAKSO IKAN 500 GR X 20 PACK,16.0,PACK,17830.0,285280.0,ANJANI FROZEN FOOD,1,pencilan,info,Kuantitas jauh di atas kebiasaan SKU (z robust > 8),tandai,"Umumnya pesanan borongan yang sah — jangan dihapus, cukup dicatat."
S03,2006,2020-05-30,OKEY-001,OKEY SOSIS 500 GR X 20 PACK,15.0,DUS,330000.0,4950000.0,TOKO CITA RASA BARU,1,pencilan,info,Kuantitas jauh di atas kebiasaan SKU (z robust > 8),tandai,"Umumnya pesanan borongan yang sah — jangan dihapus, cukup dicatat."
S03,2007,2020-05-30,OKEY-003,OKEY STICK 500 GR X 10 PACK,15.0,DUS,175000.0,2625000.0,TOKO CITA RASA BARU,1,pencilan,info,Kuantitas jauh di atas kebiasaan SKU (z robust > 8),tandai,"Umumnya pesanan borongan yang sah — jangan dihapus, cukup dicatat."
S03,2106,2020-06-03,DEN-002,DEN BAGUS BINTANG ISI 13 X 50 PACK,27.0,PACK,4000.0,108000.0,TOKO CITA RASA BARU,3,pencilan,info,Kuantitas jauh di atas kebiasaan SKU (z robust > 8),tandai,"Umumnya pesanan borongan yang sah — jangan dihapus, cukup dicatat."
S03,2141,2020-06-04,MIN-001,MINAKU OTAK OTAK 500 GR X 20 PACK,32.0,PACK,15750.0,504000.0,ANJANI FROZEN FOOD,1,pencilan,info,Kuantitas jauh di atas kebiasaan SKU (z robust > 8),tandai,"Umumnya pesanan borongan yang sah — jangan dihapus, cukup dicatat."
S03,2146,2020-06-04,SHIF-001,SHIFUDO BAKSO IKAN 500 GR X 20 PACK,15.0,PACK,17830.0,267450.0,ANJANI FROZEN FOOD,1,pencilan,info,Kuantitas jauh di atas kebiasaan SKU (z robust > 8),tandai,"Umumnya pesanan borongan yang sah — jangan dihapus, cukup dicatat."
S03,2178,2020-06-05,OKEY-001,OKEY SOSIS 500 GR X 20 PACK,30.0,DUS,340000.0,10200000.0,HITE,1,pencilan,info,Kuantitas jauh di atas kebiasaan SKU (z robust > 8),tandai,"Umumnya pesanan borongan yang sah — jangan dihapus, cukup dicatat."
S03,2180,2020-06-05,OKEY-003,OKEY STICK 500 GR X 10 PACK,40.0,DUS,185000.0,7200000.0,HITE,2,pencilan,info,Kuantitas jauh di atas kebiasaan SKU (z robust > 8),tandai,"Umumnya pesanan borongan yang sah — jangan dihapus, cukup dicatat."
S03,2212,2020-06-05,OKEY-001,OKEY SOSIS 500 GR X 20 PACK,15.0,DUS,330000.0,4950000.0,TOKO CITA RASA BARU,1,pencilan,info,Kuantitas jauh di atas kebiasaan SKU (z robust > 8),tandai,"Umumnya pesanan borongan yang sah — jangan dihapus, cukup dicatat."
S03,2220,2020-06-06,OKEY-001,OKEY SOSIS 500 GR X 20 PACK,20.0,PACK,17000.0,340000.0,OKE MART,1,pencilan,info,Kuantitas jauh di atas kebiasaan SKU (z robust > 8),tandai,"Umumnya pesanan borongan yang sah — jangan dihapus, cukup dicatat."
S03,2221,2020-06-06,JOF-026,JOFRANS SOSIS SAPI 300 GR X 32 PACK,32.0,PACK,16500.0,528000.0,OKE MART,1,pencilan,info,Kuantitas jauh di atas kebiasaan SKU (z robust > 8),tandai,"Umumnya pesanan borongan yang sah — jangan dihapus, cukup dicatat."
S03,2237,2020-06-06,MI-003,MIAMI 8 LTR NEAPOLITAN,20.0,PAIL,125000.0,2500000.0,MIAMI - RUDI,1,pencilan,info,Kuantitas jauh di atas kebiasaan SKU (z robust > 8),tandai,"Umumnya pesanan borongan yang sah — jangan dihapus, cukup dicatat."
S03,2291,2020-06-08,ARTHUR-001,ARTHUR SHOESTRING 2.5 KG X 4 PACK,75.0,DUS,0.0,0.0,CASH,12,pencilan,info,Kuantitas jauh di atas kebiasaan SKU (z robust > 8),tandai,"Umumnya pesanan borongan yang sah — jangan dihapus, cukup dicatat."
S03,2294,2020-06-08,LUTOSA-002,LUTOSA SHOESTRING 2.5 KG X 4 PACK,52.0,DUS,0.0,0.0,CASH,13,pencilan,info,Kuantitas jauh di atas kebiasaan SKU (z robust > 8),tandai,"Umumnya pesanan borongan yang sah — jangan dihapus, cukup dicatat."
S03,2385,2020-06-11,EURIAL-001,EURIAL MOZZARELLA CHEESE 4 X 2.5 KG,18.0,DUS,880000.0,15840000.0,ANTON,1,pencilan,info,Kuantitas jauh di atas kebiasaan SKU (z robust > 8),tandai,"Umumnya pesanan borongan yang sah — jangan dihapus, cukup dicatat."
S03,2535,2020-06-13,LUTOSA-001,LUTOSA SHOESTRING 1000 GR X 10 PACK,15.0,PACK,25000.0,375000.0,BELVA,1,pencilan,info,Kuantitas jauh di atas kebiasaan SKU (z robust > 8),tandai,"Umumnya pesanan borongan yang sah — jangan dihapus, cukup dicatat."
S03,2598,2020-06-16,OKEY-003,OKEY STICK 500 GR X 10 PACK,15.0,PACK,19500.0,292500.0,TOKO HASAN,3,pencilan,info,Kuantitas jauh di atas kebiasaan SKU (z robust > 8),tandai,"Umumnya pesanan borongan yang sah — jangan dihapus, cukup dicatat."
S03,2604,2020-06-16,OKEY-001,OKEY SOSIS 500 GR X 20 PACK,15.0,PACK,19000.0,285000.0,KOPERASI KUSUMA BAKTI,3,pencilan,info,Kuantitas jauh di atas kebiasaan SKU (z robust > 8),tandai,"Umumnya pesanan borongan yang sah — jangan dihapus, cukup dicatat."
S03,2680,2020-06-17,MANTUL-001,MANTUL BAKSO IKAN 500 GR X 20 PACK,30.0,PACK,17000.0,510000.0,UD. PAK HAJI,1,pencilan,info,Kuantitas jauh di atas kebiasaan SKU (z robust > 8),tandai,"Umumnya pesanan borongan yang sah — jangan dihapus, cukup dicatat."
S03,2708,2020-06-18,MI-003,MIAMI 8 LTR NEAPOLITAN,14.0,PAIL,120000.0,1680000.0,AMANAH FROZEN,1,pencilan,info,Kuantitas jauh di atas kebiasaan SKU (z robust > 8),tandai,"Umumnya pesanan borongan yang sah — jangan dihapus, cukup dicatat."
S03,2750,2020-06-20,OKEY-001,OKEY SOSIS 500 GR X 20 PACK,20.0,DUS,330000.0,6600000.0,TOKO CITA RASA BARU,1,pencilan,info,Kuantitas jauh di atas kebiasaan SKU (z robust > 8),tandai,"Umumnya pesanan borongan yang sah — jangan dihapus, cukup dicatat."
S03,2751,2020-06-20,OKEY-003,OKEY STICK 500 GR X 10 PACK,20.0,DUS,175000.0,3500000.0,TOKO CITA RASA BARU,1,pencilan,info,Kuantitas jauh di atas kebiasaan SKU (z robust > 8),tandai,"Umumnya pesanan borongan yang sah — jangan dihapus, cukup dicatat."
S03,2888,2020-06-23,OKEY-002,OKEY SOSIS 1000 GR X 10 PACK,28.0,DUS,330000.0,9240000.0,HITE,1,pencilan,info,Kuantitas jauh di atas kebiasaan SKU (z robust > 8),tandai,"Umumnya pesanan borongan yang sah — jangan dihapus, cukup dicatat."
S03,2889,2020-06-23,OKEY-001,OKEY SOSIS 500 GR X 20 PACK,22.0,DUS,340000.0,7480000.0,HITE,1,pencilan,info,Kuantitas jauh di atas kebiasaan SKU (z robust > 8),tandai,"Umumnya pesanan borongan yang sah — jangan dihapus, cukup dicatat."
S03,2890,2020-06-23,OKEY-003,OKEY STICK 500 GR X 10 PACK,14.0,DUS,185000.0,2520000.0,HITE,2,pencilan,info,Kuantitas jauh di atas kebiasaan SKU (z robust > 8),tandai,"Umumnya pesanan borongan yang sah — jangan dihapus, cukup dicatat."
S03,2949,2020-06-26,BAK-001,BAKSO IKAN 1 KG X 20 PACK,240.0,PACK,15000.0,3600000.0,EGI / PUTRI,2,pencilan,info,Kuantitas jauh di atas kebiasaan SKU (z robust > 8),tandai,"Umumnya pesanan borongan yang sah — jangan dihapus, cukup dicatat."
S03,3006,2020-06-26,MIN-001,MINAKU OTAK OTAK 500 GR X 20 PACK,30.0,DUS,310000.0,9300000.0,ADEK FROZEN,2,pencilan,info,Kuantitas jauh di atas kebiasaan SKU (z robust > 8),tandai,"Umumnya pesanan borongan yang sah — jangan dihapus, cukup dicatat."
S03,3008,2020-06-26,BONJU-001,BONJU CIRENG SALJU KUAH RUJAK,100.0,PACK,17500.0,1750000.0,ADEK FROZEN,2,pencilan,info,Kuantitas jauh di atas kebiasaan SKU (z robust > 8),tandai,"Umumnya pesanan borongan yang sah — jangan dihapus, cukup dicatat."
S03,3032,2020-06-26,MIN-001,MINAKU OTAK OTAK 500 GR X 20 PACK,30.0,DUS,316000.0,9480000.0,RUMAH SOSIS,2,pencilan,info,Kuantitas jauh di atas kebiasaan SKU (z robust > 8),tandai,"Umumnya pesanan borongan yang sah — jangan dihapus, cukup dicatat."
S03,3039,2020-06-26,LUTOSA-002,LUTOSA SHOESTRING 2.5 KG X 4 PACK,34.0,DUS,240000.0,8160000.0,ANTON,4,pencilan,info,Kuantitas jauh di atas kebiasaan SKU (z robust > 8),tandai,"Umumnya pesanan borongan yang sah — jangan dihapus, cukup dicatat."
S03,3040,2020-06-26,EURIAL-001,EURIAL MOZZARELLA CHEESE 4 X 2.5 KG,15.0,DUS,880000.0,13200000.0,ANTON,2,pencilan,info,Kuantitas jauh di atas kebiasaan SKU (z robust > 8),tandai,"Umumnya pesanan borongan yang sah — jangan dihapus, cukup dicatat."
S03,3042,2020-06-26,MIN-001,MINAKU OTAK OTAK 500 GR X 20 PACK,50.0,DUS,310000.0,15500000.0,ANTON,2,pencilan,info,Kuantitas jauh di atas kebiasaan SKU (z robust > 8),tandai,"Umumnya pesanan borongan yang sah — jangan dihapus, cukup dicatat."
S03,3047,2020-06-26,MIN-001,MINAKU OTAK OTAK 500 GR X 20 PACK,70.0,DUS,310000.0,21700000.0,FIRDON,2,pencilan,info,Kuantitas jauh di atas kebiasaan SKU (z robust > 8),tandai,"Umumnya pesanan borongan yang sah — jangan dihapus, cukup dicatat."
S03,3050,2020-06-26,MIN-001,MINAKU OTAK OTAK 500 GR X 20 PACK,30.0,DUS,316000.0,9480000.0,GRAHA SANDENI,2,pencilan,info,Kuantitas jauh di atas kebiasaan SKU (z robust > 8),tandai,"Umumnya pesanan borongan yang sah — jangan dihapus, cukup dicatat."
S03,3072,2020-06-26,MI-003,MIAMI 8 LTR NEAPOLITAN,50.0,PAIL,115000.0,5750000.0,CASH,2,pencilan,info,Kuantitas jauh di atas kebiasaan SKU (z robust > 8),tandai,"Umumnya pesanan borongan yang sah — jangan dihapus, cukup dicatat."
S03,3082,2020-06-27,MIN-001,MINAKU OTAK OTAK 500 GR X 20 PACK,30.0,DUS,310000.0,9300000.0,ANNISA / SAIIN,1,pencilan,info,Kuantitas jauh di atas kebiasaan SKU (z robust > 8),tandai,"Umumnya pesanan borongan yang sah — jangan dihapus, cukup dicatat."
S03,3110,2020-06-29,CONE-004,CONE TP 13 ISI 40 ( KECIL ),50.0,BKS,6000.0,300000.0,ULIL,1,pencilan,info,Kuantitas jauh di atas kebiasaan SKU (z robust > 8),tandai,"Umumnya pesanan borongan yang sah — jangan dihapus, cukup dicatat."
S03,3111,2020-06-29,CONE-005,CONE TP 17 ISI 20 ( SEDANG ),50.0,BKS,6000.0,300000.0,ULIL,1,pencilan,info,Kuantitas jauh di atas kebiasaan SKU (z robust > 8),tandai,"Umumnya pesanan borongan yang sah — jangan dihapus, cukup dicatat."
S03,3219,2020-07-02,OKEY-002,OKEY SOSIS 1000 GR X 10 PACK,25.0,DUS,330000.0,8250000.0,HITE,1,pencilan,info,Kuantitas jauh di atas kebiasaan SKU (z robust > 8),tandai,"Umumnya pesanan borongan yang sah — jangan dihapus, cukup dicatat."
S03,3355,2020-07-04,DEN-003,DEN BAGUS AYAM ISI 13 X 50 PACK,50.0,PACK,5000.0,250000.0,PAK ERWIN,3,pencilan,info,Kuantitas jauh di atas kebiasaan SKU (z robust > 8),tandai,"Umumnya pesanan borongan yang sah — jangan dihapus, cukup dicatat."
S03,3360,2020-07-04,CONE-004,CONE TP 13 ISI 40 ( KECIL ),29.0,BKS,5000.0,145000.0,TOKO CITA RASA BARU,1,pencilan,info,Kuantitas jauh di atas kebiasaan SKU (z robust > 8),tandai,"Umumnya pesanan borongan yang sah — jangan dihapus, cukup dicatat."
S03,3361,2020-07-04,CONE-005,CONE TP 17 ISI 20 ( SEDANG ),31.0,BKS,5000.0,155000.0,TOKO CITA RASA BARU,1,pencilan,info,Kuantitas jauh di atas kebiasaan SKU (z robust > 8),tandai,"Umumnya pesanan borongan yang sah — jangan dihapus, cukup dicatat."
S03,3366,2020-07-04,OKEY-001,OKEY SOSIS 500 GR X 20 PACK,15.0,DUS,330000.0,4950000.0,TOKO CITA RASA BARU,1,pencilan,info,Kuantitas jauh di atas kebiasaan SKU (z robust > 8),tandai,"Umumnya pesanan borongan yang sah — jangan dihapus, cukup dicatat."
S03,3367,2020-07-04,OKEY-003,OKEY STICK 500 GR X 10 PACK,15.0,DUS,175000.0,2625000.0,TOKO CITA RASA BARU,1,pencilan,info,Kuantitas jauh di atas kebiasaan SKU (z robust > 8),tandai,"Umumnya pesanan borongan yang sah — jangan dihapus, cukup dicatat."
S03,3424,2020-07-06,JOF-026,JOFRANS SOSIS SAPI 300 GR X 32 PACK,30.0,PACK,17000.0,510000.0,TANJUNG GADING,1,pencilan,info,Kuantitas jauh di atas kebiasaan SKU (z robust > 8),tandai,"Umumnya pesanan borongan yang sah — jangan dihapus, cukup dicatat."
S03,3429,2020-07-06,LUTOSA-001,LUTOSA SHOESTRING 1000 GR X 10 PACK,20.0,PACK,27000.0,540000.0,TANJUNG GADING,1,pencilan,info,Kuantitas jauh di atas kebiasaan SKU (z robust > 8),tandai,"Umumnya pesanan borongan yang sah — jangan dihapus, cukup dicatat."
S03,3434,2020-07-06,SUN-003,SUNFISH OTAK OTAK ISI 40 500 GR X 12,12.0,PACK,19000.0,228000.0,RETRO,2,pencilan,info,Kuantitas jauh di atas kebiasaan SKU (z robust > 8),tandai,"Umumnya pesanan borongan yang sah — jangan dihapus, cukup dicatat."
S03,3435,2020-07-06,DEN-003,DEN BAGUS AYAM ISI 13 X 50 PACK,150.0,PACK,5000.0,750000.0,DARTO,1,pencilan,info,Kuantitas jauh di atas kebiasaan SKU (z robust > 8),tandai,"Umumnya pesanan borongan yang sah — jangan dihapus, cukup dicatat."
S03,3437,2020-07-06,DEN-010,DEN BAGUS ES KRIM ISI 32 X 20 PACK,20.0,PACK,12000.0,240000.0,DARTO,1,pencilan,info,Kuantitas jauh di atas kebiasaan SKU (z robust > 8),tandai,"Umumnya pesanan borongan yang sah — jangan dihapus, cukup dicatat."
S03,3439,2020-07-06,DEN-003,DEN BAGUS AYAM ISI 13 X 50 PACK,100.0,PACK,5000.0,500000.0,YULI,1,pencilan,info,Kuantitas jauh di atas kebiasaan SKU (z robust > 8),tandai,"Umumnya pesanan borongan yang sah — jangan dihapus, cukup dicatat."
S03,3440,2020-07-06,DEN-001,DEN BAGUS IKAN ISI 32 X 20 PACK,20.0,PACK,12000.0,240000.0,YULI,1,pencilan,info,Kuantitas jauh di atas kebiasaan SKU (z robust > 8),tandai,"Umumnya pesanan borongan yang sah — jangan dihapus, cukup dicatat."
S03,3442,2020-07-06,JOF-023,JOFRANS NUGGET AYAM HATI 500 GR X 12 PAK,36.0,PACK,17500.0,630000.0,UD. PAK HAJI,1,pencilan,info,Kuantitas jauh di atas kebiasaan SKU (z robust > 8),tandai,"Umumnya pesanan borongan yang sah — jangan dihapus, cukup dicatat."
S03,3446,2020-07-06,DEN-007,DEN BAGUS BEBEK ISI 21 X 20 PACK,60.0,PACK,9000.0,540000.0,UD. PAK HAJI,1,pencilan,info,Kuantitas jauh di atas kebiasaan SKU (z robust > 8),tandai,"Umumnya pesanan borongan yang sah — jangan dihapus, cukup dicatat."
S03,3448,2020-07-06,DEN-010,DEN BAGUS ES KRIM ISI 32 X 20 PACK,40.0,PACK,12000.0,480000.0,UD. PAK HAJI,1,pencilan,info,Kuantitas jauh di atas kebiasaan SKU (z robust > 8),tandai,"Umumnya pesanan borongan yang sah — jangan dihapus, cukup dicatat."
S03,3454,2020-07-06,BONJU-001,BONJU CIRENG SALJU KUAH RUJAK,100.0,PACK,14000.0,1400000.0,TOKO CITA RASA BARU,1,pencilan,info,Kuantitas jauh di atas kebiasaan SKU (z robust > 8),tandai,"Umumnya pesanan borongan yang sah — jangan dihapus, cukup dicatat."
S03,3498,2020-07-07,CIR-008,PK BOLA BOLA CRISPY X 30 PACK,60.0,PACK,11500.0,690000.0,TOKO ALZENA,1,pencilan,info,Kuantitas jauh di atas kebiasaan SKU (z robust > 8),tandai,"Umumnya pesanan borongan yang sah — jangan dihapus, cukup dicatat."
S03,3499,2020-07-07,SHIF-003,SHIFUDO FISH ROLL 250 GR X 20 PACK,29.0,PACK,10000.0,290000.0,TOKO ALZENA,2,pencilan,info,Kuantitas jauh di atas kebiasaan SKU (z robust > 8),tandai,"Umumnya pesanan borongan yang sah — jangan dihapus, cukup dicatat."
S03,3533,2020-07-09,CHOP-001,CHOP BURGER SAPI ISI 10 250GR X 24 PACK,47.0,PACK,8000.0,376000.0,KUBANG JAYA FOOD,1,pencilan,info,Kuantitas jauh di atas kebiasaan SKU (z robust > 8),tandai,"Umumnya pesanan borongan yang sah — jangan dihapus, cukup dicatat."
S03,3561,2020-07-10,SUN-003,SUNFISH OTAK OTAK ISI 40 500 GR X 12,12.0,PACK,19000.0,228000.0,PAK SOLEH,2,pencilan,info,Kuantitas jauh di atas kebiasaan SKU (z robust > 8),tandai,"Umumnya pesanan borongan yang sah — jangan dihapus, cukup dicatat."
S03,3563,2020-07-10,DEN-001,DEN BAGUS IKAN ISI 32 X 20 PACK,18.0,PACK,13000.0,234000.0,TOKO AQILA,3,pencilan,info,Kuantitas jauh di atas kebiasaan SKU (z robust > 8),tandai,"Umumnya pesanan borongan yang sah — jangan dihapus, cukup dicatat."
S03,3581,2020-07-10,SUN-003,SUNFISH OTAK OTAK ISI 40 500 GR X 12,12.0,PACK,20000.0,240000.0,PUTRA TUNGGAL,4,pencilan,info,Kuantitas jauh di atas kebiasaan SKU (z robust > 8),tandai,"Umumnya pesanan borongan yang sah — jangan dihapus, cukup dicatat."
S03,3745,2020-07-15,MI-003,MIAMI 8 LTR NEAPOLITAN,30.0,PAIL,115000.0,3450000.0,CASH,1,pencilan,info,Kuantitas jauh di atas kebiasaan SKU (z robust > 8),tandai,"Umumnya pesanan borongan yang sah — jangan dihapus, cukup dicatat."
S03,3762,2020-07-16,BONJU-001,BONJU CIRENG SALJU KUAH RUJAK,100.0,PACK,17500.0,1750000.0,ADEK FROZEN,1,pencilan,info,Kuantitas jauh di atas kebiasaan SKU (z robust > 8),tandai,"Umumnya pesanan borongan yang sah — jangan dihapus, cukup dicatat."
S03,3788,2020-07-16,CHA-007,CHAMP BURGER 315 GR X 10 PACK,20.0,PACK,16500.0,330000.0,PAK GUNAWAN,1,pencilan,info,Kuantitas jauh di atas kebiasaan SKU (z robust > 8),tandai,"Umumnya pesanan borongan yang sah — jangan dihapus, cukup dicatat."
S03,3871,2020-07-18,MIN-001,MINAKU OTAK OTAK 500 GR X 20 PACK,30.0,PACK,15500.0,465000.0,AMANAH FROZEN,1,pencilan,info,Kuantitas jauh di atas kebiasaan SKU (z robust > 8),tandai,"Umumnya pesanan borongan yang sah — jangan dihapus, cukup dicatat."
S03,3888,2020-07-18,MI-003,MIAMI 8 LTR NEAPOLITAN,20.0,PAIL,123000.0,2460000.0,RONI / CAHAYA SOSIS,1,pencilan,info,Kuantitas jauh di atas kebiasaan SKU (z robust > 8),tandai,"Umumnya pesanan borongan yang sah — jangan dihapus, cukup dicatat."
S03,3915,2020-07-21,MI-003,MIAMI 8 LTR NEAPOLITAN,40.0,PAIL,125000.0,5000000.0,MAK ITAM,1,pencilan,info,Kuantitas jauh di atas kebiasaan SKU (z robust > 8),tandai,"Umumnya pesanan borongan yang sah — jangan dihapus, cukup dicatat."
S03,3970,2020-07-21,DEN-001,DEN BAGUS IKAN ISI 32 X 20 PACK,30.0,PACK,12000.0,360000.0,BINTANG,1,pencilan,info,Kuantitas jauh di atas kebiasaan SKU (z robust > 8),tandai,"Umumnya pesanan borongan yang sah — jangan dihapus, cukup dicatat."
S03,3995,2020-07-21,DEN-008,DEN BAGUS BUNGA ISI 13 X 40 PACK,80.0,PACK,4500.0,360000.0,TOKO CITA RASA BARU,1,pencilan,info,Kuantitas jauh di atas kebiasaan SKU (z robust > 8),tandai,"Umumnya pesanan borongan yang sah — jangan dihapus, cukup dicatat."
S03,4002,2020-07-21,DEN-006,DEN BAGUS NANO NANO X 20 PACK,38.0,PACK,0.0,0.0,CASH,12,pencilan,info,Kuantitas jauh di atas kebiasaan SKU (z robust > 8),tandai,"Umumnya pesanan borongan yang sah — jangan dihapus, cukup dicatat."
S03,4003,2020-07-21,DEN-001,DEN BAGUS IKAN ISI 32 X 20 PACK,57.0,PACK,0.0,0.0,CASH,11,pencilan,info,Kuantitas jauh di atas kebiasaan SKU (z robust > 8),tandai,"Umumnya pesanan borongan yang sah — jangan dihapus, cukup dicatat."
S03,4018,2020-07-22,CHA-006,CHAMP BASO 500 GR X 10 PACK,15.0,PACK,22000.0,330000.0,CASH,1,pencilan,info,Kuantitas jauh di atas kebiasaan SKU (z robust > 8),tandai,"Umumnya pesanan borongan yang sah — jangan dihapus, cukup dicatat."
S03,4019,2020-07-22,MIN-001,MINAKU OTAK OTAK 500 GR X 20 PACK,30.0,DUS,320000.0,9600000.0,PAK H. RAFDI,1,pencilan,info,Kuantitas jauh di atas kebiasaan SKU (z robust > 8),tandai,"Umumnya pesanan borongan yang sah — jangan dihapus, cukup dicatat."
S03,4026,2020-07-22,CHA-001,CHAMP SOSIS 1000 GR X 10 PACK,16.0,PACK,0.0,0.0,CASH,11,pencilan,info,Kuantitas jauh di atas kebiasaan SKU (z robust > 8),tandai,"Umumnya pesanan borongan yang sah — jangan dihapus, cukup dicatat."
S03,4060,2020-07-23,DEN-008,DEN BAGUS BUNGA ISI 13 X 40 PACK,34.0,PACK,4500.0,153000.0,TOKO CITA RASA BARU,1,pencilan,info,Kuantitas jauh di atas kebiasaan SKU (z robust > 8),tandai,"Umumnya pesanan borongan yang sah — jangan dihapus, cukup dicatat."
S03,4084,2020-07-23,MIN-001,MINAKU OTAK OTAK 500 GR X 20 PACK,40.0,DUS,310000.0,12400000.0,FIRDON,1,pencilan,info,Kuantitas jauh di atas kebiasaan SKU (z robust > 8),tandai,"Umumnya pesanan borongan yang sah — jangan dihapus, cukup dicatat."
S03,4191,2020-07-25,OKEY-001,OKEY SOSIS 500 GR X 20 PACK,30.0,DUS,340000.0,10200000.0,HITE,1,pencilan,info,Kuantitas jauh di atas kebiasaan SKU (z robust > 8),tandai,"Umumnya pesanan borongan yang sah — jangan dihapus, cukup dicatat."
S03,4193,2020-07-25,OKEY-003,OKEY STICK 500 GR X 10 PACK,15.0,DUS,185000.0,2700000.0,HITE,2,pencilan,info,Kuantitas jauh di atas kebiasaan SKU (z robust > 8),tandai,"Umumnya pesanan borongan yang sah — jangan dihapus, cukup dicatat."
S03,4197,2020-07-25,LUTOSA-001,LUTOSA SHOESTRING 1000 GR X 10 PACK,20.0,PACK,26000.0,520000.0,HITE,1,pencilan,info,Kuantitas jauh di atas kebiasaan SKU (z robust > 8),tandai,"Umumnya pesanan borongan yang sah — jangan dihapus, cukup dicatat."
S03,4237,2020-07-27,LUTOSA-001,LUTOSA SHOESTRING 1000 GR X 10 PACK,17.0,PACK,25000.0,425000.0,IBU SURYANI,1,pencilan,info,Kuantitas jauh di atas kebiasaan SKU (z robust > 8),tandai,"Umumnya pesanan borongan yang sah — jangan dihapus, cukup dicatat."
S03,4291,2020-07-27,CHOP-001,CHOP BURGER SAPI ISI 10 250GR X 24 PACK,21.0,PACK,8000.0,168000.0,TOKO ALZENA,1,pencilan,info,Kuantitas jauh di atas kebiasaan SKU (z robust > 8),tandai,"Umumnya pesanan borongan yang sah — jangan dihapus, cukup dicatat."
S03,4306,2020-07-27,SUN-003,SUNFISH OTAK OTAK ISI 40 500 GR X 12,12.0,PACK,18000.0,216000.0,PAK ADEK,2,pencilan,info,Kuantitas jauh di atas kebiasaan SKU (z robust > 8),tandai,"Umumnya pesanan borongan yang sah — jangan dihapus, cukup dicatat."
S03,4315,2020-07-27,DEN-006,DEN BAGUS NANO NANO X 20 PACK,23.0,PACK,7500.0,172500.0,TOKO CITA RASA BARU,2,pencilan,info,Kuantitas jauh di atas kebiasaan SKU (z robust > 8),tandai,"Umumnya pesanan borongan yang sah — jangan dihapus, cukup dicatat."
S03,4374,2020-07-28,MI-003,MIAMI 8 LTR NEAPOLITAN,25.0,PAIL,120000.0,3000000.0,WING,1,pencilan,info,Kuantitas jauh di atas kebiasaan SKU (z robust > 8),tandai,"Umumnya pesanan borongan yang sah — jangan dihapus, cukup dicatat."
S03,4389,2020-07-29,MIN-001,MINAKU OTAK OTAK 500 GR X 20 PACK,50.0,DUS,310000.0,15500000.0,ADEK FROZEN,2,pencilan,info,Kuantitas jauh di atas kebiasaan SKU (z robust > 8),tandai,"Umumnya pesanan borongan yang sah — jangan dihapus, cukup dicatat."
S03,4398,2020-07-29,BONJU-001,BONJU CIRENG SALJU KUAH RUJAK,200.0,PACK,17500.0,3500000.0,ADEK FROZEN,2,pencilan,info,Kuantitas jauh di atas kebiasaan SKU (z robust > 8),tandai,"Umumnya pesanan borongan yang sah — jangan dihapus, cukup dicatat."
S03,4404,2020-07-29,MIN-001,MINAKU OTAK OTAK 500 GR X 20 PACK,30.0,DUS,316000.0,9480000.0,RUMAH SOSIS,2,pencilan,info,Kuantitas jauh di atas kebiasaan SKU (z robust > 8),tandai,"Umumnya pesanan borongan yang sah — jangan dihapus, cukup dicatat."
S03,4414,2020-07-29,MIN-001,MINAKU OTAK OTAK 500 GR X 20 PACK,65.0,DUS,310000.0,20150000.0,FIRDON,2,pencilan,info,Kuantitas jauh di atas kebiasaan SKU (z robust > 8),tandai,"Umumnya pesanan borongan yang sah — jangan dihapus, cukup dicatat."
S03,4419,2020-07-29,MIN-001,MINAKU OTAK OTAK 500 GR X 20 PACK,40.0,DUS,316000.0,12640000.0,GRAHA SANDENI,2,pencilan,info,Kuantitas jauh di atas kebiasaan SKU (z robust > 8),tandai,"Umumnya pesanan borongan yang sah — jangan dihapus, cukup dicatat."
S03,4432,2020-07-29,LUTOSA-001,LUTOSA SHOESTRING 1000 GR X 10 PACK,20.0,PACK,24000.0,480000.0,TOKO CITA RASA BARU,2,pencilan,info,Kuantitas jauh di atas kebiasaan SKU (z robust > 8),tandai,"Umumnya pesanan borongan yang sah — jangan dihapus, cukup dicatat."
S03,4444,2020-07-29,LUTOSA-001,LUTOSA SHOESTRING 1000 GR X 10 PACK,50.0,PACK,26000.0,1300000.0,YUKABI,2,pencilan,info,Kuantitas jauh di atas kebiasaan SKU (z robust > 8),tandai,"Umumnya pesanan borongan yang sah — jangan dihapus, cukup dicatat."
S03,4485,2020-07-30,LUTOSA-001,LUTOSA SHOESTRING 1000 GR X 10 PACK,16.0,PACK,28000.0,448000.0,ARRAFA MART,1,pencilan,info,Kuantitas jauh di atas kebiasaan SKU (z robust > 8),tandai,"Umumnya pesanan borongan yang sah — jangan dihapus, cukup dicatat."
S03,4565,2020-08-03,MIN-001,MINAKU OTAK OTAK 500 GR X 20 PACK,150.0,DUS,305000.0,45750000.0,MAS ROHMAT,2,pencilan,info,Kuantitas jauh di atas kebiasaan SKU (z robust > 8),tandai,"Umumnya pesanan borongan yang sah — jangan dihapus, cukup dicatat."
S03,4566,2020-08-03,MIN-001,MINAKU OTAK OTAK 500 GR X 20 PACK,200.0,DUS,316000.0,63200000.0,PAK SUTARMUJI,3,pencilan,info,Kuantitas jauh di atas kebiasaan SKU (z robust > 8),tandai,"Umumnya pesanan borongan yang sah — jangan dihapus, cukup dicatat."
S03,4629,2020-08-05,MI-003,MIAMI 8 LTR NEAPOLITAN,20.0,PAIL,120000.0,2400000.0,WING,1,pencilan,info,Kuantitas jauh di atas kebiasaan SKU (z robust > 8),tandai,"Umumnya pesanan borongan yang sah — jangan dihapus, cukup dicatat."
S03,4669,2020-08-06,OKEY-001,OKEY SOSIS 500 GR X 20 PACK,60.0,PACK,17500.0,1050000.0,CHERISH,1,pencilan,info,Kuantitas jauh di atas kebiasaan SKU (z robust > 8),tandai,"Umumnya pesanan borongan yang sah — jangan dihapus, cukup dicatat."
S03,4670,2020-08-06,OKEY-003,OKEY STICK 500 GR X 10 PACK,60.0,PACK,18500.0,1110000.0,CHERISH,1,pencilan,info,Kuantitas jauh di atas kebiasaan SKU (z robust > 8),tandai,"Umumnya pesanan borongan yang sah — jangan dihapus, cukup dicatat."
S03,4671,2020-08-06,MIN-001,MINAKU OTAK OTAK 500 GR X 20 PACK,80.0,PACK,15500.0,1240000.0,CASH,1,pencilan,info,Kuantitas jauh di atas kebiasaan SKU (z robust > 8),tandai,"Umumnya pesanan borongan yang sah — jangan dihapus, cukup dicatat."
S03,4672,2020-08-06,CHOP-001,CHOP BURGER SAPI ISI 10 250GR X 24 PACK,24.0,PACK,7500.0,180000.0,CASH,1,pencilan,info,Kuantitas jauh di atas kebiasaan SKU (z robust > 8),tandai,"Umumnya pesanan borongan yang sah — jangan dihapus, cukup dicatat."
S03,4677,2020-08-06,LUTOSA-001,LUTOSA SHOESTRING 1000 GR X 10 PACK,25.0,PACK,26000.0,650000.0,CHERISH,1,pencilan,info,Kuantitas jauh di atas kebiasaan SKU (z robust > 8),tandai,"Umumnya pesanan borongan yang sah — jangan dihapus, cukup dicatat."
S03,4762,2020-08-07,CIR-002,PK TAHU KRIYUK X 30 PACK,30.0,PACK,11500.0,345000.0,SALES FANDI,1,pencilan,info,Kuantitas jauh di atas kebiasaan SKU (z robust > 8),tandai,"Umumnya pesanan borongan yang sah — jangan dihapus, cukup dicatat."
S03,4766,2020-08-07,MI-003,MIAMI 8 LTR NEAPOLITAN,25.0,PAIL,122000.0,3050000.0,MIAMI - WARDI,1,pencilan,info,Kuantitas jauh di atas kebiasaan SKU (z robust > 8),tandai,"Umumnya pesanan borongan yang sah — jangan dihapus, cukup dicatat."
S03,4773,2020-08-08,MIN-001,MINAKU OTAK OTAK 500 GR X 20 PACK,37.0,DUS,320000.0,11840000.0,PAK H. RAFDI,1,pencilan,info,Kuantitas jauh di atas kebiasaan SKU (z robust > 8),tandai,"Umumnya pesanan borongan yang sah — jangan dihapus, cukup dicatat."
S03,4776,2020-08-08,LUTOSA-001,LUTOSA SHOESTRING 1000 GR X 10 PACK,30.0,PACK,26000.0,780000.0,PAK H. RAFDI,1,pencilan,info,Kuantitas jauh di atas kebiasaan SKU (z robust > 8),tandai,"Umumnya pesanan borongan yang sah — jangan dihapus, cukup dicatat."
S03,4792,2020-08-10,OKEY-001,OKEY SOSIS 500 GR X 20 PACK,36.0,PACK,18000.0,648000.0,MAK ITAM,1,pencilan,info,Kuantitas jauh di atas kebiasaan SKU (z robust > 8),tandai,"Umumnya pesanan borongan yang sah — jangan dihapus, cukup dicatat."
S03,4842,2020-08-10,BART-002,BART'S SHOESTRING 1 KG X 10 PACK,15.0,DUS,245000.0,3675000.0,YUKABI,1,pencilan,info,Kuantitas jauh di atas kebiasaan SKU (z robust > 8),tandai,"Umumnya pesanan borongan yang sah — jangan dihapus, cukup dicatat."
S03,4848,2020-08-10,MIN-001,MINAKU OTAK OTAK 500 GR X 20 PACK,70.0,DUS,310000.0,21700000.0,FIRDON,1,pencilan,info,Kuantitas jauh di atas kebiasaan SKU (z robust > 8),tandai,"Umumnya pesanan borongan yang sah — jangan dihapus, cukup dicatat."
S03,4920,2020-08-12,CHA-006,CHAMP BASO 500 GR X 10 PACK,20.0,DUS,215000.0,4300000.0,TOKO CITA RASA BARU,1,pencilan,info,Kuantitas jauh di atas kebiasaan SKU (z robust > 8),tandai,"Umumnya pesanan borongan yang sah — jangan dihapus, cukup dicatat."
S03,4921,2020-08-12,OKEY-003,OKEY STICK 500 GR X 10 PACK,20.0,DUS,175000.0,3500000.0,TOKO CITA RASA BARU,1,pencilan,info,Kuantitas jauh di atas kebiasaan SKU (z robust > 8),tandai,"Umumnya pesanan borongan yang sah — jangan dihapus, cukup dicatat."
S03,4922,2020-08-12,OKEY-001,OKEY SOSIS 500 GR X 20 PACK,20.0,DUS,330000.0,6600000.0,TOKO CITA RASA BARU,1,pencilan,info,Kuantitas jauh di atas kebiasaan SKU (z robust > 8),tandai,"Umumnya pesanan borongan yang sah — jangan dihapus, cukup dicatat."
S03,4937,2020-08-13,MIN-001,MINAKU OTAK OTAK 500 GR X 20 PACK,200.0,DUS,316000.0,63200000.0,PAK SUTARMUJI,2,pencilan,info,Kuantitas jauh di atas kebiasaan SKU (z robust > 8),tandai,"Umumnya pesanan borongan yang sah — jangan dihapus, cukup dicatat."
S03,4973,2020-08-14,BART-002,BART'S SHOESTRING 1 KG X 10 PACK,15.0,PACK,26000.0,390000.0,H. MUL,1,pencilan,info,Kuantitas jauh di atas kebiasaan SKU (z robust > 8),tandai,"Umumnya pesanan borongan yang sah — jangan dihapus, cukup dicatat."
S03,4995,2020-08-14,BART-002,BART'S SHOESTRING 1 KG X 10 PACK,15.0,PACK,26000.0,390000.0,SUDUT MANIS MART,1,pencilan,info,Kuantitas jauh di atas kebiasaan SKU (z robust > 8),tandai,"Umumnya pesanan borongan yang sah — jangan dihapus, cukup dicatat."
S03,5004,2020-08-15,MI-003,MIAMI 8 LTR NEAPOLITAN,30.0,PAIL,125000.0,3750000.0,MAK ITAM,1,pencilan,info,Kuantitas jauh di atas kebiasaan SKU (z robust > 8),tandai,"Umumnya pesanan borongan yang sah — jangan dihapus, cukup dicatat."
S03,5039,2020-08-18,OKEY-003,OKEY STICK 500 GR X 10 PACK,19.0,DUS,185000.0,3515000.0,EGI / PUTRI,2,pencilan,info,Kuantitas jauh di atas kebiasaan SKU (z robust > 8),tandai,"Umumnya pesanan borongan yang sah — jangan dihapus, cukup dicatat."
S03,5083,2020-08-18,BAK-002,BAKSO MIE X 40 PACK,400.0,PACK,9000.0,3600000.0,ANTON,2,pencilan,info,Kuantitas jauh di atas kebiasaan SKU (z robust > 8),tandai,"Umumnya pesanan borongan yang sah — jangan dihapus, cukup dicatat."
S03,5088,2020-08-18,SINGKONG-001,SINGKONG KEJU 500 GR,125.0,PACK,8750.0,1093750.0,ANTON,2,pencilan,info,Kuantitas jauh di atas kebiasaan SKU (z robust > 8),tandai,"Umumnya pesanan borongan yang sah — jangan dihapus, cukup dicatat."
S03,5135,2020-08-18,OKEY-002,OKEY SOSIS 1000 GR X 10 PACK,40.0,DUS,330000.0,13200000.0,HITE,2,pencilan,info,Kuantitas jauh di atas kebiasaan SKU (z robust > 8),tandai,"Umumnya pesanan borongan yang sah — jangan dihapus, cukup dicatat."
S03,5139,2020-08-18,CHOP-001,CHOP BURGER SAPI ISI 10 250GR X 24 PACK,21.0,PACK,8000.0,168000.0,ANJANI FROZEN FOOD,2,pencilan,info,Kuantitas jauh di atas kebiasaan SKU (z robust > 8),tandai,"Umumnya pesanan borongan yang sah — jangan dihapus, cukup dicatat."
S03,5161,2020-08-21,MI-003,MIAMI 8 LTR NEAPOLITAN,50.0,PAIL,115000.0,5750000.0,MIAMI - ZIKRI / LUKMAN,1,pencilan,info,Kuantitas jauh di atas kebiasaan SKU (z robust > 8),tandai,"Umumnya pesanan borongan yang sah — jangan dihapus, cukup dicatat."
S03,5162,2020-08-21,MI-003,MIAMI 8 LTR NEAPOLITAN,15.0,PAIL,120000.0,1800000.0,WING,1,pencilan,info,Kuantitas jauh di atas kebiasaan SKU (z robust > 8),tandai,"Umumnya pesanan borongan yang sah — jangan dihapus, cukup dicatat."
S03,5164,2020-08-21,OKEY-002,OKEY SOSIS 1000 GR X 10 PACK,24.0,PACK,35500.0,852000.0,MAK ITAM,1,pencilan,info,Kuantitas jauh di atas kebiasaan SKU (z robust > 8),tandai,"Umumnya pesanan borongan yang sah — jangan dihapus, cukup dicatat."
S03,5196,2020-08-21,LUTOSA-001,LUTOSA SHOESTRING 1000 GR X 10 PACK,23.0,PACK,26000.0,598000.0,CASH,1,pencilan,info,Kuantitas jauh di atas kebiasaan SKU (z robust > 8),tandai,"Umumnya pesanan borongan yang sah — jangan dihapus, cukup dicatat."
S03,5222,2020-08-22,LUTOSA-001,LUTOSA SHOESTRING 1000 GR X 10 PACK,24.0,PACK,27000.0,648000.0,TANJUNG GADING,1,pencilan,info,Kuantitas jauh di atas kebiasaan SKU (z robust > 8),tandai,"Umumnya pesanan borongan yang sah — jangan dihapus, cukup dicatat."
S03,5231,2020-08-22,DEN-003,DEN BAGUS AYAM ISI 13 X 50 PACK,150.0,PACK,5000.0,750000.0,PAK HEN,1,pencilan,info,Kuantitas jauh di atas kebiasaan SKU (z robust > 8),tandai,"Umumnya pesanan borongan yang sah — jangan dihapus, cukup dicatat."
S03,5233,2020-08-22,CHOP-001,CHOP BURGER SAPI ISI 10 250GR X 24 PACK,24.0,PACK,8000.0,192000.0,PAK HEN,1,pencilan,info,Kuantitas jauh di atas kebiasaan SKU (z robust > 8),tandai,"Umumnya pesanan borongan yang sah — jangan dihapus, cukup dicatat."
S03,5237,2020-08-22,CHOP-001,CHOP BURGER SAPI ISI 10 250GR X 24 PACK,24.0,PACK,8000.0,192000.0,DARTO,1,pencilan,info,Kuantitas jauh di atas kebiasaan SKU (z robust > 8),tandai,"Umumnya pesanan borongan yang sah — jangan dihapus, cukup dicatat."
S03,5238,2020-08-22,BART-002,BART'S SHOESTRING 1 KG X 10 PACK,20.0,PACK,25500.0,510000.0,DARTO,1,pencilan,info,Kuantitas jauh di atas kebiasaan SKU (z robust > 8),tandai,"Umumnya pesanan borongan yang sah — jangan dihapus, cukup dicatat."
S03,5242,2020-08-22,MIN-001,MINAKU OTAK OTAK 500 GR X 20 PACK,60.0,PACK,16000.0,960000.0,ATAK,1,pencilan,info,Kuantitas jauh di atas kebiasaan SKU (z robust > 8),tandai,"Umumnya pesanan borongan yang sah — jangan dihapus, cukup dicatat."
S03,5243,2020-08-22,SUN-003,SUNFISH OTAK OTAK ISI 40 500 GR X 12,12.0,PACK,18000.0,216000.0,ATAK,2,pencilan,info,Kuantitas jauh di atas kebiasaan SKU (z robust > 8),tandai,"Umumnya pesanan borongan yang sah — jangan dihapus, cukup dicatat."
S03,5254,2020-08-22,JOF-023,JOFRANS NUGGET AYAM HATI 500 GR X 12 PAK,36.0,PACK,18000.0,648000.0,BERKAH 1,1,pencilan,info,Kuantitas jauh di atas kebiasaan SKU (z robust > 8),tandai,"Umumnya pesanan borongan yang sah — jangan dihapus, cukup dicatat."
S03,5261,2020-08-22,CHOP-001,CHOP BURGER SAPI ISI 10 250GR X 24 PACK,15.0,DUS,192000.0,2880000.0,PAK SLAMET / MBAH BEJO,1,pencilan,info,Kuantitas jauh di atas kebiasaan SKU (z robust > 8),tandai,"Umumnya pesanan borongan yang sah — jangan dihapus, cukup dicatat."
S03,5335,2020-08-24,OKEY-002,OKEY SOSIS 1000 GR X 10 PACK,37.0,PACK,34000.0,1258000.0,TOKO DENIS,1,pencilan,info,Kuantitas jauh di atas kebiasaan SKU (z robust > 8),tandai,"Umumnya pesanan borongan yang sah — jangan dihapus, cukup dicatat."
S03,5383,2020-08-24,SHIF-007,SHIFUDO OTAK 500 GR (@12.5 GR) X 10 PACK,10.0,DUS,180000.0,1800000.0,ANJANI FROZEN FOOD,1,pencilan,info,Kuantitas jauh di atas kebiasaan SKU (z robust > 8),tandai,"Umumnya pesanan borongan yang sah — jangan dihapus, cukup dicatat."
S03,5390,2020-08-25,BAK-001,BAKSO IKAN 1 KG X 20 PACK,150.0,PACK,15000.0,2250000.0,EGI / PUTRI,1,pencilan,info,Kuantitas jauh di atas kebiasaan SKU (z robust > 8),tandai,"Umumnya pesanan borongan yang sah — jangan dihapus, cukup dicatat."
S03,5429,2020-08-26,CHA-006,CHAMP BASO 500 GR X 10 PACK,20.0,DUS,215000.0,4300000.0,TOKO CITA RASA BARU,1,pencilan,info,Kuantitas jauh di atas kebiasaan SKU (z robust > 8),tandai,"Umumnya pesanan borongan yang sah — jangan dihapus, cukup dicatat."
S03,5458,2020-08-27,MIN-001,MINAKU OTAK OTAK 500 GR X 20 PACK,30.0,DUS,316000.0,9480000.0,OPUNG SIANTAR,1,pencilan,info,Kuantitas jauh di atas kebiasaan SKU (z robust > 8),tandai,"Umumnya pesanan borongan yang sah — jangan dihapus, cukup dicatat."
S03,5478,2020-08-28,MI-003,MIAMI 8 LTR NEAPOLITAN,15.0,PAIL,120000.0,1800000.0,WING,1,pencilan,info,Kuantitas jauh di atas kebiasaan SKU (z robust > 8),tandai,"Umumnya pesanan borongan yang sah — jangan dihapus, cukup dicatat."
S03,5480,2020-08-28,CONE-004,CONE TP 13 ISI 40 ( KECIL ),99.0,BKS,5000.0,495000.0,ULIL,1,pencilan,info,Kuantitas jauh di atas kebiasaan SKU (z robust > 8),tandai,"Umumnya pesanan borongan yang sah — jangan dihapus, cukup dicatat."
S03,5481,2020-08-28,CONE-005,CONE TP 17 ISI 20 ( SEDANG ),99.0,BKS,5000.0,495000.0,ULIL,1,pencilan,info,Kuantitas jauh di atas kebiasaan SKU (z robust > 8),tandai,"Umumnya pesanan borongan yang sah — jangan dihapus, cukup dicatat."
S03,5512,2020-08-29,CHOP-001,CHOP BURGER SAPI ISI 10 250GR X 24 PACK,20.0,PACK,9000.0,180000.0,SALES FANDI,1,pencilan,info,Kuantitas jauh di atas kebiasaan SKU (z robust > 8),tandai,"Umumnya pesanan borongan yang sah — jangan dihapus, cukup dicatat."
S03,5544,2020-08-29,BART-002,BART'S SHOESTRING 1 KG X 10 PACK,17.0,PACK,26000.0,442000.0,CASH,1,pencilan,info,Kuantitas jauh di atas kebiasaan SKU (z robust > 8),tandai,"Umumnya pesanan borongan yang sah — jangan dihapus, cukup dicatat."
S03,5554,2020-08-31,BART-002,BART'S SHOESTRING 1 KG X 10 PACK,23.0,PACK,25000.0,575000.0,PT. DINAMIKA BUAH N.,1,pencilan,info,Kuantitas jauh di atas kebiasaan SKU (z robust > 8),tandai,"Umumnya pesanan borongan yang sah — jangan dihapus, cukup dicatat."
S03,5560,2020-08-31,MI-003,MIAMI 8 LTR NEAPOLITAN,15.0,PAIL,123000.0,1845000.0,RONI / CAHAYA SOSIS,1,pencilan,info,Kuantitas jauh di atas kebiasaan SKU (z robust > 8),tandai,"Umumnya pesanan borongan yang sah — jangan dihapus, cukup dicatat."
S03,5640,2020-09-02,DEN-003,DEN BAGUS AYAM ISI 13 X 50 PACK,131.0,PACK,4500.0,589500.0,TOKO CITA RASA BARU,1,pencilan,info,Kuantitas jauh di atas kebiasaan SKU (z robust > 8),tandai,"Umumnya pesanan borongan yang sah — jangan dihapus, cukup dicatat."
S03,5643,2020-09-02,DEN-012,DEN BAGUS LOVE ISI 13 X 50 PACK,32.0,PACK,4500.0,144000.0,TOKO CITA RASA BARU,1,pencilan,info,Kuantitas jauh di atas kebiasaan SKU (z robust > 8),tandai,"Umumnya pesanan borongan yang sah — jangan dihapus, cukup dicatat."
S03,5685,2020-09-02,SUN-003,SUNFISH OTAK OTAK ISI 40 500 GR X 12,16.0,PACK,17500.0,280000.0,TOKO CITA RASA BARU,2,pencilan,info,Kuantitas jauh di atas kebiasaan SKU (z robust > 8),tandai,"Umumnya pesanan borongan yang sah — jangan dihapus, cukup dicatat."
S03,5713,2020-09-03,OKEY-001,OKEY SOSIS 500 GR X 20 PACK,30.0,DUS,340000.0,10200000.0,HITE,1,pencilan,info,Kuantitas jauh di atas kebiasaan SKU (z robust > 8),tandai,"Umumnya pesanan borongan yang sah — jangan dihapus, cukup dicatat."
S03,5715,2020-09-03,OKEY-003,OKEY STICK 500 GR X 10 PACK,15.0,DUS,185000.0,2700000.0,HITE,2,pencilan,info,Kuantitas jauh di atas kebiasaan SKU (z robust > 8),tandai,"Umumnya pesanan borongan yang sah — jangan dihapus, cukup dicatat."
S03,5749,2020-09-05,MIN-001,MINAKU OTAK OTAK 500 GR X 20 PACK,50.0,DUS,306000.0,15300000.0,PAK SUPRI,1,pencilan,info,Kuantitas jauh di atas kebiasaan SKU (z robust > 8),tandai,"Umumnya pesanan borongan yang sah — jangan dihapus, cukup dicatat."
S03,5761,2020-09-07,CHOP-001,CHOP BURGER SAPI ISI 10 250GR X 24 PACK,20.0,PACK,9000.0,180000.0,SALES FANDI,1,pencilan,info,Kuantitas jauh di atas kebiasaan SKU (z robust > 8),tandai,"Umumnya pesanan borongan yang sah — jangan dihapus, cukup dicatat."
S03,5771,2020-09-07,MI-003,MIAMI 8 LTR NEAPOLITAN,23.0,PAIL,125000.0,2875000.0,MAK ITAM,1,pencilan,info,Kuantitas jauh di atas kebiasaan SKU (z robust > 8),tandai,"Umumnya pesanan borongan yang sah — jangan dihapus, cukup dicatat."
S03,5793,2020-09-08,MI-003,MIAMI 8 LTR NEAPOLITAN,14.0,PAIL,120000.0,1680000.0,MIAMI - MAS BEJO,1,pencilan,info,Kuantitas jauh di atas kebiasaan SKU (z robust > 8),tandai,"Umumnya pesanan borongan yang sah — jangan dihapus, cukup dicatat."
S03,5887,2020-09-09,JOF-026,JOFRANS SOSIS SAPI 300 GR X 32 PACK,27.0,PACK,16500.0,445500.0,TOKO CRB 3,1,pencilan,info,Kuantitas jauh di atas kebiasaan SKU (z robust > 8),tandai,"Umumnya pesanan borongan yang sah — jangan dihapus, cukup dicatat."
S03,5919,2020-09-09,SINGKONG-001,SINGKONG KEJU 500 GR,51.0,PACK,10500.0,535500.0,TOKO CITA RASA BARU,1,pencilan,info,Kuantitas jauh di atas kebiasaan SKU (z robust > 8),tandai,"Umumnya pesanan borongan yang sah — jangan dihapus, cukup dicatat."
S03,5990,2020-09-14,DEN-003,DEN BAGUS AYAM ISI 13 X 50 PACK,37.0,PACK,4500.0,166500.0,TOKO CITA RASA BARU,1,pencilan,info,Kuantitas jauh di atas kebiasaan SKU (z robust > 8),tandai,"Umumnya pesanan borongan yang sah — jangan dihapus, cukup dicatat."
S03,6020,2020-09-14,WEI-001,WEI WANG COKLAT X 12 PACK,30.0,DUS,147000.0,4410000.0,FUN MART,2,pencilan,info,Kuantitas jauh di atas kebiasaan SKU (z robust > 8),tandai,"Umumnya pesanan borongan yang sah — jangan dihapus, cukup dicatat."
S03,6050,2020-09-16,BART-002,BART'S SHOESTRING 1 KG X 10 PACK,14.0,PACK,27000.0,378000.0,PASAR MINI MD 2,1,pencilan,info,Kuantitas jauh di atas kebiasaan SKU (z robust > 8),tandai,"Umumnya pesanan borongan yang sah — jangan dihapus, cukup dicatat."
S03,6136,2020-09-16,MI-003,MIAMI 8 LTR NEAPOLITAN,15.0,PAIL,120000.0,1800000.0,WING,1,pencilan,info,Kuantitas jauh di atas kebiasaan SKU (z robust > 8),tandai,"Umumnya pesanan borongan yang sah — jangan dihapus, cukup dicatat."
S03,6140,2020-09-16,MIN-001,MINAKU OTAK OTAK 500 GR X 20 PACK,30.0,DUS,310000.0,9300000.0,FIRDON,1,pencilan,info,Kuantitas jauh di atas kebiasaan SKU (z robust > 8),tandai,"Umumnya pesanan borongan yang sah — jangan dihapus, cukup dicatat."
S03,6245,2020-09-18,MIN-001,MINAKU OTAK OTAK 500 GR X 20 PACK,40.0,DUS,320000.0,12800000.0,PAK H. RAFDI,1,pencilan,info,Kuantitas jauh di atas kebiasaan SKU (z robust > 8),tandai,"Umumnya pesanan borongan yang sah — jangan dihapus, cukup dicatat."
S03,6248,2020-09-18,OKEY-001,OKEY SOSIS 500 GR X 20 PACK,20.0,DUS,340000.0,6800000.0,HITE,1,pencilan,info,Kuantitas jauh di atas kebiasaan SKU (z robust > 8),tandai,"Umumnya pesanan borongan yang sah — jangan dihapus, cukup dicatat."
S03,6252,2020-09-18,OKEY-001,OKEY SOSIS 500 GR X 20 PACK,14.0,PACK,16500.0,231000.0,TOKO CITA RASA BARU,1,pencilan,info,Kuantitas jauh di atas kebiasaan SKU (z robust > 8),tandai,"Umumnya pesanan borongan yang sah — jangan dihapus, cukup dicatat."
S03,6260,2020-09-18,OKEY-003,OKEY STICK 500 GR X 10 PACK,15.0,DUS,185000.0,2700000.0,HITE,2,pencilan,info,Kuantitas jauh di atas kebiasaan SKU (z robust > 8),tandai,"Umumnya pesanan borongan yang sah — jangan dihapus, cukup dicatat."
S03,6310,2020-09-19,CIR-002,PK TAHU KRIYUK X 30 PACK,30.0,PACK,11500.0,345000.0,TOKO ARJUNA,1,pencilan,info,Kuantitas jauh di atas kebiasaan SKU (z robust > 8),tandai,"Umumnya pesanan borongan yang sah — jangan dihapus, cukup dicatat."
S03,6450,2020-09-21,MIN-001,MINAKU OTAK OTAK 500 GR X 20 PACK,50.0,DUS,316000.0,15800000.0,GRAHA SANDENI,1,pencilan,info,Kuantitas jauh di atas kebiasaan SKU (z robust > 8),tandai,"Umumnya pesanan borongan yang sah — jangan dihapus, cukup dicatat."
S03,6535,2020-09-22,WEI-001,WEI WANG COKLAT X 12 PACK,30.0,PACK,12500.0,375000.0,RUDI,2,pencilan,info,Kuantitas jauh di atas kebiasaan SKU (z robust > 8),tandai,"Umumnya pesanan borongan yang sah — jangan dihapus, cukup dicatat."
S03,6554,2020-09-24,DEN-001,DEN BAGUS IKAN ISI 32 X 20 PACK,20.0,PACK,12500.0,250000.0,MULIA JAYA / REGAR,1,pencilan,info,Kuantitas jauh di atas kebiasaan SKU (z robust > 8),tandai,"Umumnya pesanan borongan yang sah — jangan dihapus, cukup dicatat."
S03,6657,2020-09-26,MI-003,MIAMI 8 LTR NEAPOLITAN,40.0,PAIL,120000.0,4800000.0,WING,1,pencilan,info,Kuantitas jauh di atas kebiasaan SKU (z robust > 8),tandai,"Umumnya pesanan borongan yang sah — jangan dihapus, cukup dicatat."
S03,6711,2020-09-29,OKEY-001,OKEY SOSIS 500 GR X 20 PACK,27.0,DUS,340000.0,9180000.0,HITE,1,pencilan,info,Kuantitas jauh di atas kebiasaan SKU (z robust > 8),tandai,"Umumnya pesanan borongan yang sah — jangan dihapus, cukup dicatat."
S03,6713,2020-09-29,OKEY-003,OKEY STICK 500 GR X 10 PACK,20.0,DUS,185000.0,3600000.0,HITE,2,pencilan,info,Kuantitas jauh di atas kebiasaan SKU (z robust > 8),tandai,"Umumnya pesanan borongan yang sah — jangan dihapus, cukup dicatat."
S03,6761,2020-09-30,MIN-001,MINAKU OTAK OTAK 500 GR X 20 PACK,30.0,DUS,310000.0,9300000.0,DOHAR,1,pencilan,info,Kuantitas jauh di atas kebiasaan SKU (z robust > 8),tandai,"Umumnya pesanan borongan yang sah — jangan dihapus, cukup dicatat."
S04,4566,2020-08-03,MIN-001,MINAKU OTAK OTAK 500 GR X 20 PACK,200.0,DUS,316000.0,63200000.0,PAK SUTARMUJI,3,pencilan,info,Nilai baris ekstrem terhadap seluruh transaksi (pagar IQR pada skala log),tandai,Transaksi bernilai tidak biasa — verifikasi yang bernilai sangat besar.
S04,4937,2020-08-13,MIN-001,MINAKU OTAK OTAK 500 GR X 20 PACK,200.0,DUS,316000.0,63200000.0,PAK SUTARMUJI,2,pencilan,info,Nilai baris ekstrem terhadap seluruh transaksi (pagar IQR pada skala log),tandai,Transaksi bernilai tidak biasa — verifikasi yang bernilai sangat besar.
T01,2944,2020-06-26,LIPAO-002,LI PAO KACANG MERAH,1.0,PACK,14000.0,14000.0,SALES FANDI,1,temporal,info,Baris jatuh pada hari dengan omzet melonjak (z robust harian > 5),tandai,Periksa apakah hari itu memuat pesanan borongan atau input yang menumpuk.
T01,2945,2020-06-26,BONJU-001,BONJU CIRENG SALJU KUAH RUJAK,1.0,PACK,18500.0,18500.0,SALES FANDI,1,temporal,info,Baris jatuh pada hari dengan omzet melonjak (z robust harian > 5),tandai,Periksa apakah hari itu memuat pesanan borongan atau input yang menumpuk.
T01,2946,2020-06-26,LIPAO-001,LI PAO COKLAT,1.0,PACK,14000.0,14000.0,SALES FANDI,1,temporal,info,Baris jatuh pada hari dengan omzet melonjak (z robust harian > 5),tandai,Periksa apakah hari itu memuat pesanan borongan atau input yang menumpuk.
T01,2947,2020-06-26,JOF-024,JOFRANS NUGGET AYAM STICKY 500 GR X 12,1.0,PACK,17500.0,17500.0,SALES FANDI,1,temporal,info,Baris jatuh pada hari dengan omzet melonjak (z robust harian > 5),tandai,Periksa apakah hari itu memuat pesanan borongan atau input yang menumpuk.
T01,2948,2020-06-26,OKEY-001,OKEY SOSIS 500 GR X 20 PACK,1.0,PACK,18000.0,18000.0,SALES FANDI,1,temporal,info,Baris jatuh pada hari dengan omzet melonjak (z robust harian > 5),tandai,Periksa apakah hari itu memuat pesanan borongan atau input yang menumpuk.
T01,2949,2020-06-26,BAK-001,BAKSO IKAN 1 KG X 20 PACK,240.0,PACK,15000.0,3600000.0,EGI / PUTRI,2,temporal,info,Baris jatuh pada hari dengan omzet melonjak (z robust harian > 5),tandai,Periksa apakah hari itu memuat pesanan borongan atau input yang menumpuk.
T01,2950,2020-06-26,JOF-022,JOFRANS NUGGET AYAM REG. 225 GR X 24 PAK,1.0,DUS,240000.0,240000.0,KEDAI SAYUR HABIL,1,temporal,info,Baris jatuh pada hari dengan omzet melonjak (z robust harian > 5),tandai,Periksa apakah hari itu memuat pesanan borongan atau input yang menumpuk.
T01,2951,2020-06-26,BLF-001,BELFOODS SOSIS AYAM 500 GR X 12 PACK,1.0,DUS,204000.0,204000.0,KEDAI SAYUR HABIL,1,temporal,info,Baris jatuh pada hari dengan omzet melonjak (z robust harian > 5),tandai,Periksa apakah hari itu memuat pesanan borongan atau input yang menumpuk.
T01,2952,2020-06-26,JOF-024,JOFRANS NUGGET AYAM STICKY 500 GR X 12,1.0,DUS,216000.0,216000.0,TOKO SUKMA,1,temporal,info,Baris jatuh pada hari dengan omzet melonjak (z robust harian > 5),tandai,Periksa apakah hari itu memuat pesanan borongan atau input yang menumpuk.
T01,2953,2020-06-26,LIPAO-001,LI PAO COKLAT,6.0,PACK,16000.0,96000.0,TOKO SUKMA,1,temporal,info,Baris jatuh pada hari dengan omzet melonjak (z robust harian > 5),tandai,Periksa apakah hari itu memuat pesanan borongan atau input yang menumpuk.
T01,2954,2020-06-26,LIPAO-002,LI PAO KACANG MERAH,6.0,PACK,16000.0,96000.0,TOKO SUKMA,1,temporal,info,Baris jatuh pada hari dengan omzet melonjak (z robust harian > 5),tandai,Periksa apakah hari itu memuat pesanan borongan atau input yang menumpuk.
T01,2955,2020-06-26,OKEY-005,OKEY NUGGET 500 GR X 10 PACK,1.0,DUS,195000.0,195000.0,TOKO SUKMA,1,temporal,info,Baris jatuh pada hari dengan omzet melonjak (z robust harian > 5),tandai,Periksa apakah hari itu memuat pesanan borongan atau input yang menumpuk.
T01,2956,2020-06-26,BAKSO-001,ILM BAKSO ANEKA WARNA 250 GR,5.0,PACK,11000.0,55000.0,TOKO SUKMA,2,temporal,info,Baris jatuh pada hari dengan omzet melonjak (z robust harian > 5),tandai,Periksa apakah hari itu memuat pesanan borongan atau input yang menumpuk.
T01,2957,2020-06-26,BAKSO-002,ILM BAKSO BINTANG 250 GR,5.0,PACK,11000.0,55000.0,TOKO SUKMA,2,temporal,info,Baris jatuh pada hari dengan omzet melonjak (z robust harian > 5),tandai,Periksa apakah hari itu memuat pesanan borongan atau input yang menumpuk.
T01,2958,2020-06-26,BAKSO-003,ILM BAKSO IKAN OLAHAN BENTUK TAHU 200 GR,5.0,PACK,10000.0,50000.0,TOKO SUKMA,2,temporal,info,Baris jatuh pada hari dengan omzet melonjak (z robust harian > 5),tandai,Periksa apakah hari itu memuat pesanan borongan atau input yang menumpuk.
T01,2959,2020-06-26,CHA-006,CHAMP BASO 500 GR X 10 PACK,1.0,DUS,240000.0,240000.0,MAKMUR JAYA,3,temporal,info,Baris jatuh pada hari dengan omzet melonjak (z robust harian > 5),tandai,Periksa apakah hari itu memuat pesanan borongan atau input yang menumpuk.
T01,2960,2020-06-26,SUKI-001,MITRAKU SUKI TOMYAM,14.0,PACK,18000.0,252000.0,LUCKY,2,temporal,info,Baris jatuh pada hari dengan omzet melonjak (z robust harian > 5),tandai,Periksa apakah hari itu memuat pesanan borongan atau input yang menumpuk.
T01,2961,2020-06-26,MIN-010,MINAKU BOLA IKAN 500 GR X 10 PACK,3.0,DUS,210000.0,630000.0,LUCKY,1,temporal,info,Baris jatuh pada hari dengan omzet melonjak (z robust harian > 5),tandai,Periksa apakah hari itu memuat pesanan borongan atau input yang menumpuk.
T01,2962,2020-06-26,MIT-002,MITRAKU BAKSO IKAN 400 GR X 23 PACK,23.0,PACK,19000.0,437000.0,CHERISH,1,temporal,info,Baris jatuh pada hari dengan omzet melonjak (z robust harian > 5),tandai,Periksa apakah hari itu memuat pesanan borongan atau input yang menumpuk.
T01,2963,2020-06-26,BONJU-001,BONJU CIRENG SALJU KUAH RUJAK,20.0,PACK,17000.0,340000.0,CHERISH,1,temporal,info,Baris jatuh pada hari dengan omzet melonjak (z robust harian > 5),tandai,Periksa apakah hari itu memuat pesanan borongan atau input yang menumpuk.
T01,2964,2020-06-26,MIT-016,MITRAKU FISH CAKE SINGAPORE 1000 GR X 10,1.0,DUS,520000.0,520000.0,LUCKY,1,temporal,info,Baris jatuh pada hari dengan omzet melonjak (z robust harian > 5),tandai,Periksa apakah hari itu memuat pesanan borongan atau input yang menumpuk.
T01,2965,2020-06-26,MIT-009,MITRAKU FISH ROLL 500 GR X 20 PACK,23.0,PACK,24000.0,552000.0,LUCKY,1,temporal,info,Baris jatuh pada hari dengan omzet melonjak (z robust harian > 5),tandai,Periksa apakah hari itu memuat pesanan borongan atau input yang menumpuk.
T01,2966,2020-06-26,BAKSO-003,ILM BAKSO IKAN OLAHAN BENTUK TAHU 200 GR,12.0,PACK,10000.0,120000.0,LUCKY,2,temporal,info,Baris jatuh pada hari dengan omzet melonjak (z robust harian > 5),tandai,Periksa apakah hari itu memuat pesanan borongan atau input yang menumpuk.
T01,2967,2020-06-26,BAKSO-002,ILM BAKSO BINTANG 250 GR,20.0,PACK,12000.0,240000.0,LUCKY,2,temporal,info,Baris jatuh pada hari dengan omzet melonjak (z robust harian > 5),tandai,Periksa apakah hari itu memuat pesanan borongan atau input yang menumpuk.
T01,2968,2020-06-26,BAKSO-001,ILM BAKSO ANEKA WARNA 250 GR,20.0,PACK,12000.0,240000.0,LUCKY,2,temporal,info,Baris jatuh pada hari dengan omzet melonjak (z robust harian > 5),tandai,Periksa apakah hari itu memuat pesanan borongan atau input yang menumpuk.
T01,2969,2020-06-26,MIT-002,MITRAKU BAKSO IKAN 400 GR X 23 PACK,23.0,PACK,18900.0,434700.0,LUCKY,1,temporal,info,Baris jatuh pada hari dengan omzet melonjak (z robust harian > 5),tandai,Periksa apakah hari itu memuat pesanan borongan atau input yang menumpuk.
T01,2970,2020-06-26,JOF-023,JOFRANS NUGGET AYAM HATI 500 GR X 12 PAK,3.0,DUS,210000.0,630000.0,CHERISH,1,temporal,info,Baris jatuh pada hari dengan omzet melonjak (z robust harian > 5),tandai,Periksa apakah hari itu memuat pesanan borongan atau input yang menumpuk.
T01,2971,2020-06-26,JOF-024,JOFRANS NUGGET AYAM STICKY 500 GR X 12,1.0,DUS,210000.0,210000.0,CHERISH,1,temporal,info,Baris jatuh pada hari dengan omzet melonjak (z robust harian > 5),tandai,Periksa apakah hari itu memuat pesanan borongan atau input yang menumpuk.
T01,2972,2020-06-26,LUTOSA-001,LUTOSA SHOESTRING 1000 GR X 10 PACK,2.0,DUS,260000.0,520000.0,CHERISH,1,temporal,info,Baris jatuh pada hari dengan omzet melonjak (z robust harian > 5),tandai,Periksa apakah hari itu memuat pesanan borongan atau input yang menumpuk.
T01,2973,2020-06-26,LIPAO-001,LI PAO COKLAT,6.0,PACK,15000.0,90000.0,CHERISH,1,temporal,info,Baris jatuh pada hari dengan omzet melonjak (z robust harian > 5),tandai,Periksa apakah hari itu memuat pesanan borongan atau input yang menumpuk.
T01,2974,2020-06-26,LIPAO-002,LI PAO KACANG MERAH,6.0,PACK,15000.0,90000.0,CHERISH,1,temporal,info,Baris jatuh pada hari dengan omzet melonjak (z robust harian > 5),tandai,Periksa apakah hari itu memuat pesanan borongan atau input yang menumpuk.
T01,2975,2020-06-26,JOF-024,JOFRANS NUGGET AYAM STICKY 500 GR X 12,1.0,DUS,210000.0,210000.0,MELVA,1,temporal,info,Baris jatuh pada hari dengan omzet melonjak (z robust harian > 5),tandai,Periksa apakah hari itu memuat pesanan borongan atau input yang menumpuk.
T01,2976,2020-06-26,JOF-024,JOFRANS NUGGET AYAM STICKY 500 GR X 12,6.0,PACK,17500.0,105000.0,MELVA,1,temporal,info,Baris jatuh pada hari dengan omzet melonjak (z robust harian > 5),tandai,Periksa apakah hari itu memuat pesanan borongan atau input yang menumpuk.
T01,2977,2020-06-26,MIT-002,MITRAKU BAKSO IKAN 400 GR X 23 PACK,10.0,PACK,19000.0,190000.0,KIKI,1,temporal,info,Baris jatuh pada hari dengan omzet melonjak (z robust harian > 5),tandai,Periksa apakah hari itu memuat pesanan borongan atau input yang menumpuk.
T01,2978,2020-06-26,BAKSO-001,ILM BAKSO ANEKA WARNA 250 GR,6.0,PACK,12000.0,72000.0,KIKI,2,temporal,info,Baris jatuh pada hari dengan omzet melonjak (z robust harian > 5),tandai,Periksa apakah hari itu memuat pesanan borongan atau input yang menumpuk.
T01,2979,2020-06-26,JOF-024,JOFRANS NUGGET AYAM STICKY 500 GR X 12,6.0,PACK,17500.0,105000.0,KIKI,1,temporal,info,Baris jatuh pada hari dengan omzet melonjak (z robust harian > 5),tandai,Periksa apakah hari itu memuat pesanan borongan atau input yang menumpuk.
T01,2980,2020-06-26,MIN-010,MINAKU BOLA IKAN 500 GR X 10 PACK,15.0,PACK,21000.0,315000.0,MM LESTARI,1,temporal,info,Baris jatuh pada hari dengan omzet melonjak (z robust harian > 5),tandai,Periksa apakah hari itu memuat pesanan borongan atau input yang menumpuk.
T01,2981,2020-06-26,JOF-008,JOFRANS BASO SAPI 500 GR X 15 PACK,10.0,PACK,30500.0,305000.0,MM LESTARI,1,temporal,info,Baris jatuh pada hari dengan omzet melonjak (z robust harian > 5),tandai,Periksa apakah hari itu memuat pesanan borongan atau input yang menumpuk.
T01,2982,2020-06-26,LUTOSA-001,LUTOSA SHOESTRING 1000 GR X 10 PACK,1.0,DUS,260000.0,260000.0,KOPITIAM ABC (KLENTENG),1,temporal,info,Baris jatuh pada hari dengan omzet melonjak (z robust harian > 5),tandai,Periksa apakah hari itu memuat pesanan borongan atau input yang menumpuk.
T01,2983,2020-06-26,JOF-008,JOFRANS BASO SAPI 500 GR X 15 PACK,5.0,PACK,30500.0,152500.0,KOPITIAM ABC (KLENTENG),1,temporal,info,Baris jatuh pada hari dengan omzet melonjak (z robust harian > 5),tandai,Periksa apakah hari itu memuat pesanan borongan atau input yang menumpuk.
T01,2984,2020-06-26,JOF-024,JOFRANS NUGGET AYAM STICKY 500 GR X 12,1.0,DUS,210000.0,210000.0,PAK ERWIN,3,temporal,info,Baris jatuh pada hari dengan omzet melonjak (z robust harian > 5),tandai,Periksa apakah hari itu memuat pesanan borongan atau input yang menumpuk.
T01,2985,2020-06-26,MIT-009,MITRAKU FISH ROLL 500 GR X 20 PACK,17.0,PACK,23400.0,365976.0,PAK ERWIN,4,temporal,info,Baris jatuh pada hari dengan omzet melonjak (z robust harian > 5),tandai,Periksa apakah hari itu memuat pesanan borongan atau input yang menumpuk.
T01,2986,2020-06-26,MIN-010,MINAKU BOLA IKAN 500 GR X 10 PACK,5.0,PACK,21000.0,105000.0,PAK ERWIN,3,temporal,info,Baris jatuh pada hari dengan omzet melonjak (z robust harian > 5),tandai,Periksa apakah hari itu memuat pesanan borongan atau input yang menumpuk.
T01,2987,2020-06-26,JOF-007,JOFRANS SOSIS BRATW (KEJU) 500 GR X 12,2.0,PACK,28500.0,57000.0,PAK ERWIN,4,temporal,info,Baris jatuh pada hari dengan omzet melonjak (z robust harian > 5),tandai,Periksa apakah hari itu memuat pesanan borongan atau input yang menumpuk.
T01,2988,2020-06-26,JOF-016,JOFRANS SOSIS BRATW(LADA HITAM) 500GRX12,2.0,PACK,28500.0,57000.0,PAK ERWIN,4,temporal,info,Baris jatuh pada hari dengan omzet melonjak (z robust harian > 5),tandai,Periksa apakah hari itu memuat pesanan borongan atau input yang menumpuk.
T01,2989,2020-06-26,JOF-004,JOFRANS SOSIS BAKAR (ORI) 500 GR X 12,2.0,PACK,27500.0,55000.0,PAK ERWIN,3,temporal,info,Baris jatuh pada hari dengan omzet melonjak (z robust harian > 5),tandai,Periksa apakah hari itu memuat pesanan borongan atau input yang menumpuk.
T01,2990,2020-06-26,EURIAL-001,EURIAL MOZZARELLA CHEESE 4 X 2.5 KG,3.0,DUS,960000.0,2880000.0,HARUM MANIS,3,temporal,info,Baris jatuh pada hari dengan omzet melonjak (z robust harian > 5),tandai,Periksa apakah hari itu memuat pesanan borongan atau input yang menumpuk.
T01,2991,2020-06-26,MI-005,MIAMI 8 LTR VANILLA,1.0,PAIL,125000.0,125000.0,MIAMI - PAK ERI,1,temporal,info,Baris jatuh pada hari dengan omzet melonjak (z robust harian > 5),tandai,Periksa apakah hari itu memuat pesanan borongan atau input yang menumpuk.
T01,2992,2020-06-26,JOF-024,JOFRANS NUGGET AYAM STICKY 500 GR X 12,4.0,DUS,222000.0,888000.0,ADEK FROZEN,1,temporal,info,Baris jatuh pada hari dengan omzet melonjak (z robust harian > 5),tandai,Periksa apakah hari itu memuat pesanan borongan atau input yang menumpuk.
T01,2993,2020-06-26,JOF-023,JOFRANS NUGGET AYAM HATI 500 GR X 12 PAK,20.0,DUS,222000.0,4440000.0,ADEK FROZEN,1,temporal,info,Baris jatuh pada hari dengan omzet melonjak (z robust harian > 5),tandai,Periksa apakah hari itu memuat pesanan borongan atau input yang menumpuk.
T01,2994,2020-06-26,JOF-002,JOFRANS NUGGET AYAM REG. 500 GR X 12 PAK,26.0,DUS,222000.0,5772000.0,ADEK FROZEN,1,temporal,info,Baris jatuh pada hari dengan omzet melonjak (z robust harian > 5),tandai,Periksa apakah hari itu memuat pesanan borongan atau input yang menumpuk.
T01,2995,2020-06-26,JOF-019,JOFRANS BASO SAPI 200 GR X 34 PACK,9.0,DUS,493000.0,4437000.0,ADEK FROZEN,1,temporal,info,Baris jatuh pada hari dengan omzet melonjak (z robust harian > 5),tandai,Periksa apakah hari itu memuat pesanan borongan atau input yang menumpuk.
T01,2996,2020-06-26,JOF-008,JOFRANS BASO SAPI 500 GR X 15 PACK,11.0,DUS,472500.0,5197500.0,ADEK FROZEN,1,temporal,info,Baris jatuh pada hari dengan omzet melonjak (z robust harian > 5),tandai,Periksa apakah hari itu memuat pesanan borongan atau input yang menumpuk.
T01,2997,2020-06-26,JOF-006,JOFRANS BASO AYAM 500 GR X 15 PACK,5.0,DUS,382500.0,1912500.0,ADEK FROZEN,1,temporal,info,Baris jatuh pada hari dengan omzet melonjak (z robust harian > 5),tandai,Periksa apakah hari itu memuat pesanan borongan atau input yang menumpuk.
T01,2998,2020-06-26,JOF-013,JOFRANS SOSIS AYAM 360 GR X 24 PACK,4.0,DUS,324000.0,1296000.0,ADEK FROZEN,1,temporal,info,Baris jatuh pada hari dengan omzet melonjak (z robust harian > 5),tandai,Periksa apakah hari itu memuat pesanan borongan atau input yang menumpuk.
T01,2999,2020-06-26,MIT-002,MITRAKU BAKSO IKAN 400 GR X 23 PACK,3.0,DUS,443900.0,1331700.0,ADEK FROZEN,1,temporal,info,Baris jatuh pada hari dengan omzet melonjak (z robust harian > 5),tandai,Periksa apakah hari itu memuat pesanan borongan atau input yang menumpuk.
T01,3000,2020-06-26,MIT-019,MITRAKU BAKSO IKAN ISI AYAM 500 GR X 20,1.0,DUS,560000.0,560000.0,ADEK FROZEN,1,temporal,info,Baris jatuh pada hari dengan omzet melonjak (z robust harian > 5),tandai,Periksa apakah hari itu memuat pesanan borongan atau input yang menumpuk.
T01,3001,2020-06-26,MIT-017,MITRAKU BAKSO IKAN ISI KEJU 500 GR X 20,1.0,DUS,560000.0,560000.0,ADEK FROZEN,1,temporal,info,Baris jatuh pada hari dengan omzet melonjak (z robust harian > 5),tandai,Periksa apakah hari itu memuat pesanan borongan atau input yang menumpuk.
T01,3002,2020-06-26,MIT-018,MITRAKU BAKSO IKAN ISI TUNA 500 GR X 20,1.0,DUS,560000.0,560000.0,ADEK FROZEN,1,temporal,info,Baris jatuh pada hari dengan omzet melonjak (z robust harian > 5),tandai,Periksa apakah hari itu memuat pesanan borongan atau input yang menumpuk.
T01,3003,2020-06-26,MIT-012,MITRAKU FISH TOFU 500 GR X 20 PACK,2.0,DUS,498000.0,996000.0,ADEK FROZEN,1,temporal,info,Baris jatuh pada hari dengan omzet melonjak (z robust harian > 5),tandai,Periksa apakah hari itu memuat pesanan borongan atau input yang menumpuk.
T01,3004,2020-06-26,MIN-013,MINAKU BOLA LOBSTER 500 GR X 10 PACK,1.0,DUS,240000.0,240000.0,ADEK FROZEN,1,temporal,info,Baris jatuh pada hari dengan omzet melonjak (z robust harian > 5),tandai,Periksa apakah hari itu memuat pesanan borongan atau input yang menumpuk.
T01,3005,2020-06-26,MIN-014,MINAKU BOLA KEPITING 500 GR X 10 PACK,2.0,DUS,240000.0,480000.0,ADEK FROZEN,1,temporal,info,Baris jatuh pada hari dengan omzet melonjak (z robust harian > 5),tandai,Periksa apakah hari itu memuat pesanan borongan atau input yang menumpuk.
T01,3006,2020-06-26,MIN-001,MINAKU OTAK OTAK 500 GR X 20 PACK,30.0,DUS,310000.0,9300000.0,ADEK FROZEN,2,temporal,info,Baris jatuh pada hari dengan omzet melonjak (z robust harian > 5),tandai,Periksa apakah hari itu memuat pesanan borongan atau input yang menumpuk.
T01,3007,2020-06-26,BF-009,BF LUMPIA UDANG 210 GR X 32 PACK,1.0,DUS,768000.0,768000.0,ADEK FROZEN,1,temporal,info,Baris jatuh pada hari dengan omzet melonjak (z robust harian > 5),tandai,Periksa apakah hari itu memuat pesanan borongan atau input yang menumpuk.
T01,3008,2020-06-26,BONJU-001,BONJU CIRENG SALJU KUAH RUJAK,100.0,PACK,17500.0,1750000.0,ADEK FROZEN,2,temporal,info,Baris jatuh pada hari dengan omzet melonjak (z robust harian > 5),tandai,Periksa apakah hari itu memuat pesanan borongan atau input yang menumpuk.
T01,3009,2020-06-26,CIR-002,PK TAHU KRIYUK X 30 PACK,2.0,BAL,345000.0,690000.0,ADEK FROZEN,1,temporal,info,Baris jatuh pada hari dengan omzet melonjak (z robust harian > 5),tandai,Periksa apakah hari itu memuat pesanan borongan atau input yang menumpuk.
T01,3010,2020-06-26,BAKSO-001,ILM BAKSO ANEKA WARNA 250 GR,20.0,PACK,11500.0,230000.0,ADEK FROZEN,2,temporal,info,Baris jatuh pada hari dengan omzet melonjak (z robust harian > 5),tandai,Periksa apakah hari itu memuat pesanan borongan atau input yang menumpuk.
T01,3011,2020-06-26,BAKSO-002,ILM BAKSO BINTANG 250 GR,20.0,PACK,11500.0,230000.0,ADEK FROZEN,2,temporal,info,Baris jatuh pada hari dengan omzet melonjak (z robust harian > 5),tandai,Periksa apakah hari itu memuat pesanan borongan atau input yang menumpuk.
T01,3012,2020-06-26,BAKSO-003,ILM BAKSO IKAN OLAHAN BENTUK TAHU 200 GR,20.0,PACK,10500.0,210000.0,ADEK FROZEN,2,temporal,info,Baris jatuh pada hari dengan omzet melonjak (z robust harian > 5),tandai,Periksa apakah hari itu memuat pesanan borongan atau input yang menumpuk.
T01,3013,2020-06-26,JUR-001,JURAGAN SOSIS SAPI BAKAR ORI 1000 GR X10,2.0,DUS,535000.0,1070000.0,ADEK FROZEN,1,temporal,info,Baris jatuh pada hari dengan omzet melonjak (z robust harian > 5),tandai,Periksa apakah hari itu memuat pesanan borongan atau input yang menumpuk.
T01,3014,2020-06-26,LUTOSA-002,LUTOSA SHOESTRING 2.5 KG X 4 PACK,3.0,DUS,235000.0,705000.0,ADEK FROZEN,3,temporal,info,Baris jatuh pada hari dengan omzet melonjak (z robust harian > 5),tandai,Periksa apakah hari itu memuat pesanan borongan atau input yang menumpuk.
T01,3015,2020-06-26,FOODY-002,FOODY NUGGET KIPAS 500 GR X 20 PACK,1.0,DUS,270000.0,270000.0,ADEK FROZEN,1,temporal,info,Baris jatuh pada hari dengan omzet melonjak (z robust harian > 5),tandai,Periksa apakah hari itu memuat pesanan borongan atau input yang menumpuk.
T01,3016,2020-06-26,JOF-023,JOFRANS NUGGET AYAM HATI 500 GR X 12 PAK,1.0,DUS,222000.0,222000.0,ADEK FROZEN,1,temporal,info,Baris jatuh pada hari dengan omzet melonjak (z robust harian > 5),tandai,Periksa apakah hari itu memuat pesanan borongan atau input yang menumpuk.
T01,3017,2020-06-26,JOF-013,JOFRANS SOSIS AYAM 360 GR X 24 PACK,1.0,DUS,324000.0,324000.0,ADEK FROZEN,1,temporal,info,Baris jatuh pada hari dengan omzet melonjak (z robust harian > 5),tandai,Periksa apakah hari itu memuat pesanan borongan atau input yang menumpuk.
T01,3018,2020-06-26,MIN-001,MINAKU OTAK OTAK 500 GR X 20 PACK,1.0,DUS,310000.0,310000.0,ADEK FROZEN,1,temporal,info,Baris jatuh pada hari dengan omzet melonjak (z robust harian > 5),tandai,Periksa apakah hari itu memuat pesanan borongan atau input yang menumpuk.
T01,3019,2020-06-26,BLF-016,BELFOODS FAV.AYAM GORENG RENYAH 500GRX12,2.0,DUS,436800.0,873600.0,ADEK FROZEN,2,temporal,info,Baris jatuh pada hari dengan omzet melonjak (z robust harian > 5),tandai,Periksa apakah hari itu memuat pesanan borongan atau input yang menumpuk.
T01,3020,2020-06-26,LUTOSA-002,LUTOSA SHOESTRING 2.5 KG X 4 PACK,2.0,DUS,235000.0,470000.0,ADEK FROZEN,3,temporal,info,Baris jatuh pada hari dengan omzet melonjak (z robust harian > 5),tandai,Periksa apakah hari itu memuat pesanan borongan atau input yang menumpuk.
T01,3021,2020-06-26,MIN-014,MINAKU BOLA KEPITING 500 GR X 10 PACK,1.0,DUS,240000.0,240000.0,ADEK FROZEN,1,temporal,info,Baris jatuh pada hari dengan omzet melonjak (z robust harian > 5),tandai,Periksa apakah hari itu memuat pesanan borongan atau input yang menumpuk.
T01,3022,2020-06-26,MIN-013,MINAKU BOLA LOBSTER 500 GR X 10 PACK,1.0,DUS,240000.0,240000.0,ADEK FROZEN,6,temporal,info,Baris jatuh pada hari dengan omzet melonjak (z robust harian > 5),tandai,Periksa apakah hari itu memuat pesanan borongan atau input yang menumpuk.
T01,3023,2020-06-26,JOF-002,JOFRANS NUGGET AYAM REG. 500 GR X 12 PAK,1.0,DUS,222000.0,222000.0,ADEK FROZEN,1,temporal,info,Baris jatuh pada hari dengan omzet melonjak (z robust harian > 5),tandai,Periksa apakah hari itu memuat pesanan borongan atau input yang menumpuk.
T01,3024,2020-06-26,JOF-008,JOFRANS BASO SAPI 500 GR X 15 PACK,2.0,DUS,472500.0,945000.0,ADEK FROZEN,1,temporal,info,Baris jatuh pada hari dengan omzet melonjak (z robust harian > 5),tandai,Periksa apakah hari itu memuat pesanan borongan atau input yang menumpuk.
T01,3025,2020-06-26,MIN-009,MINAKU FISH TOFU 500 GR X 20 PACK,1.0,DUS,450000.0,450000.0,ADEK FROZEN,1,temporal,info,Baris jatuh pada hari dengan omzet melonjak (z robust harian > 5),tandai,Periksa apakah hari itu memuat pesanan borongan atau input yang menumpuk.
T01,3026,2020-06-26,MIT-009,MITRAKU FISH ROLL 500 GR X 20 PACK,1.0,DUS,468000.0,449280.0,ADEK FROZEN,2,temporal,info,Baris jatuh pada hari dengan omzet melonjak (z robust harian > 5),tandai,Periksa apakah hari itu memuat pesanan borongan atau input yang menumpuk.
T01,3027,2020-06-26,LUTOSA-002,LUTOSA SHOESTRING 2.5 KG X 4 PACK,2.0,PACK,58750.0,117500.0,CASH,3,temporal,info,Baris jatuh pada hari dengan omzet melonjak (z robust harian > 5),tandai,Periksa apakah hari itu memuat pesanan borongan atau input yang menumpuk.
T01,3028,2020-06-26,MIN-001,MINAKU OTAK OTAK 500 GR X 20 PACK,20.0,DUS,315000.0,6300000.0,MALINDO BUKIT TINGGI,1,temporal,info,Baris jatuh pada hari dengan omzet melonjak (z robust harian > 5),tandai,Periksa apakah hari itu memuat pesanan borongan atau input yang menumpuk.
T01,3029,2020-06-26,MIN-001,MINAKU OTAK OTAK 500 GR X 20 PACK,20.0,DUS,315000.0,6300000.0,MALINDO PADANG,1,temporal,info,Baris jatuh pada hari dengan omzet melonjak (z robust harian > 5),tandai,Periksa apakah hari itu memuat pesanan borongan atau input yang menumpuk.
T01,3030,2020-06-26,MIN-001,MINAKU OTAK OTAK 500 GR X 20 PACK,10.0,DUS,320000.0,3200000.0,BRAGA FROZEN FOOD,1,temporal,info,Baris jatuh pada hari dengan omzet melonjak (z robust harian > 5),tandai,Periksa apakah hari itu memuat pesanan borongan atau input yang menumpuk.
T01,3031,2020-06-26,TORTILA-002,TORTILA SEDANG,25.0,PACK,27500.0,687500.0,BRAGA FROZEN FOOD,1,temporal,info,Baris jatuh pada hari dengan omzet melonjak (z robust harian > 5),tandai,Periksa apakah hari itu memuat pesanan borongan atau input yang menumpuk.
T01,3032,2020-06-26,MIN-001,MINAKU OTAK OTAK 500 GR X 20 PACK,30.0,DUS,316000.0,9480000.0,RUMAH SOSIS,2,temporal,info,Baris jatuh pada hari dengan omzet melonjak (z robust harian > 5),tandai,Periksa apakah hari itu memuat pesanan borongan atau input yang menumpuk.
T01,3033,2020-06-26,HOME-001,KULIT LUMPIA HOMEMADE,30.0,BKS,9000.0,270000.0,RUMAH SOSIS,1,temporal,info,Baris jatuh pada hari dengan omzet melonjak (z robust harian > 5),tandai,Periksa apakah hari itu memuat pesanan borongan atau input yang menumpuk.
T01,3034,2020-06-26,TORTILA-001,TORTILA KECIL,18.0,PACK,25250.0,454500.0,RUMAH SOSIS,2,temporal,info,Baris jatuh pada hari dengan omzet melonjak (z robust harian > 5),tandai,Periksa apakah hari itu memuat pesanan borongan atau input yang menumpuk.
T01,3035,2020-06-26,TORTILA-002,TORTILA SEDANG,25.0,PACK,27250.0,681250.0,RUMAH SOSIS,1,temporal,info,Baris jatuh pada hari dengan omzet melonjak (z robust harian > 5),tandai,Periksa apakah hari itu memuat pesanan borongan atau input yang menumpuk.
T01,3036,2020-06-26,JOF-023,JOFRANS NUGGET AYAM HATI 500 GR X 12 PAK,5.0,DUS,210000.0,1050000.0,ANTON,1,temporal,info,Baris jatuh pada hari dengan omzet melonjak (z robust harian > 5),tandai,Periksa apakah hari itu memuat pesanan borongan atau input yang menumpuk.
T01,3037,2020-06-26,JOF-008,JOFRANS BASO SAPI 500 GR X 15 PACK,3.0,DUS,472500.0,1417500.0,ANTON,1,temporal,info,Baris jatuh pada hari dengan omzet melonjak (z robust harian > 5),tandai,Periksa apakah hari itu memuat pesanan borongan atau input yang menumpuk.
T01,3038,2020-06-26,INDO-002,INDOESKRIM 8 LTR VANILLA,10.0,PAIL,150000.0,1500000.0,ANTON,1,temporal,info,Baris jatuh pada hari dengan omzet melonjak (z robust harian > 5),tandai,Periksa apakah hari itu memuat pesanan borongan atau input yang menumpuk.
T01,3039,2020-06-26,LUTOSA-002,LUTOSA SHOESTRING 2.5 KG X 4 PACK,34.0,DUS,240000.0,8160000.0,ANTON,4,temporal,info,Baris jatuh pada hari dengan omzet melonjak (z robust harian > 5),tandai,Periksa apakah hari itu memuat pesanan borongan atau input yang menumpuk.
T01,3040,2020-06-26,EURIAL-001,EURIAL MOZZARELLA CHEESE 4 X 2.5 KG,15.0,DUS,880000.0,13200000.0,ANTON,2,temporal,info,Baris jatuh pada hari dengan omzet melonjak (z robust harian > 5),tandai,Periksa apakah hari itu memuat pesanan borongan atau input yang menumpuk.
T01,3041,2020-06-26,DLL-002,MIX 4 WAY FROZEN 1 KG X 10 PACK,1.0,DUS,310000.0,310000.0,ANTON,1,temporal,info,Baris jatuh pada hari dengan omzet melonjak (z robust harian > 5),tandai,Periksa apakah hari itu memuat pesanan borongan atau input yang menumpuk.
T01,3042,2020-06-26,MIN-001,MINAKU OTAK OTAK 500 GR X 20 PACK,50.0,DUS,310000.0,15500000.0,ANTON,2,temporal,info,Baris jatuh pada hari dengan omzet melonjak (z robust harian > 5),tandai,Periksa apakah hari itu memuat pesanan borongan atau input yang menumpuk.
T01,3043,2020-06-26,LIPAO-002,LI PAO KACANG MERAH,5.0,DUS,168000.0,840000.0,ANTON,1,temporal,info,Baris jatuh pada hari dengan omzet melonjak (z robust harian > 5),tandai,Periksa apakah hari itu memuat pesanan borongan atau input yang menumpuk.
T01,3044,2020-06-26,BAKSO-001,ILM BAKSO ANEKA WARNA 250 GR,10.0,PACK,11800.0,118000.0,ANTON,2,temporal,info,Baris jatuh pada hari dengan omzet melonjak (z robust harian > 5),tandai,Periksa apakah hari itu memuat pesanan borongan atau input yang menumpuk.
T01,3045,2020-06-26,BAKSO-002,ILM BAKSO BINTANG 250 GR,10.0,PACK,11800.0,118000.0,ANTON,2,temporal,info,Baris jatuh pada hari dengan omzet melonjak (z robust harian > 5),tandai,Periksa apakah hari itu memuat pesanan borongan atau input yang menumpuk.
T01,3046,2020-06-26,BAKSO-003,ILM BAKSO IKAN OLAHAN BENTUK TAHU 200 GR,7.0,PACK,10500.0,73500.0,ANTON,2,temporal,info,Baris jatuh pada hari dengan omzet melonjak (z robust harian > 5),tandai,Periksa apakah hari itu memuat pesanan borongan atau input yang menumpuk.
T01,3047,2020-06-26,MIN-001,MINAKU OTAK OTAK 500 GR X 20 PACK,70.0,DUS,310000.0,21700000.0,FIRDON,2,temporal,info,Baris jatuh pada hari dengan omzet melonjak (z robust harian > 5),tandai,Periksa apakah hari itu memuat pesanan borongan atau input yang menumpuk.
T01,3048,2020-06-26,MIN-001,MINAKU OTAK OTAK 500 GR X 20 PACK,10.0,DUS,316000.0,3160000.0,YUKABI,1,temporal,info,Baris jatuh pada hari dengan omzet melonjak (z robust harian > 5),tandai,Periksa apakah hari itu memuat pesanan borongan atau input yang menumpuk.
T01,3049,2020-06-26,MAMAYO-001,MAMAYO ORIGINAL 1000 GR X 12,1.0,DUS,306000.0,306000.0,YUKABI,1,temporal,info,Baris jatuh pada hari dengan omzet melonjak (z robust harian > 5),tandai,Periksa apakah hari itu memuat pesanan borongan atau input yang menumpuk.
T01,3050,2020-06-26,MIN-001,MINAKU OTAK OTAK 500 GR X 20 PACK,30.0,DUS,316000.0,9480000.0,GRAHA SANDENI,2,temporal,info,Baris jatuh pada hari dengan omzet melonjak (z robust harian > 5),tandai,Periksa apakah hari itu memuat pesanan borongan atau input yang menumpuk.
T01,3051,2020-06-26,MIN-001,MINAKU OTAK OTAK 500 GR X 20 PACK,20.0,DUS,300000.0,6000000.0,TOKO CITA RASA BARU,1,temporal,info,Baris jatuh pada hari dengan omzet melonjak (z robust harian > 5),tandai,Periksa apakah hari itu memuat pesanan borongan atau input yang menumpuk.
T01,3052,2020-06-26,INDO-001,INDOESKRIM 8 LTR COKLAT,3.0,PAIL,142000.0,426000.0,TOKO CITA RASA BARU,1,temporal,info,Baris jatuh pada hari dengan omzet melonjak (z robust harian > 5),tandai,Periksa apakah hari itu memuat pesanan borongan atau input yang menumpuk.
T01,3053,2020-06-26,INDO-004,INDOESKRIM 8 LTR NEOPOLITAN,2.0,PAIL,142000.0,284000.0,TOKO CITA RASA BARU,1,temporal,info,Baris jatuh pada hari dengan omzet melonjak (z robust harian > 5),tandai,Periksa apakah hari itu memuat pesanan borongan atau input yang menumpuk.
T01,3054,2020-06-26,INDO-003,INDOESKRIM 8 LTR STRAWBERRY,3.0,PAIL,142000.0,426000.0,TOKO CITA RASA BARU,1,temporal,info,Baris jatuh pada hari dengan omzet melonjak (z robust harian > 5),tandai,Periksa apakah hari itu memuat pesanan borongan atau input yang menumpuk.
T01,3055,2020-06-26,INDO-002,INDOESKRIM 8 LTR VANILLA,10.0,PAIL,142000.0,1420000.0,TOKO CITA RASA BARU,1,temporal,info,Baris jatuh pada hari dengan omzet melonjak (z robust harian > 5),tandai,Periksa apakah hari itu memuat pesanan borongan atau input yang menumpuk.
T01,3056,2020-06-26,MAES-002,MAESTRO LIGHT MAYO 180 GR,72.0,PCS,7500.0,540000.0,TOKO CITA RASA BARU,2,temporal,info,Baris jatuh pada hari dengan omzet melonjak (z robust harian > 5),tandai,Periksa apakah hari itu memuat pesanan borongan atau input yang menumpuk.
T01,3057,2020-06-26,MAES-001,MAESTRO LIGHT MAYO PCH 1 KG X 10,50.0,PCS,24750.0,1237500.0,TOKO CITA RASA BARU,1,temporal,info,Baris jatuh pada hari dengan omzet melonjak (z robust harian > 5),tandai,Periksa apakah hari itu memuat pesanan borongan atau input yang menumpuk.
T01,3058,2020-06-26,MAES-003,MAESTRO LIGHT MAYO SCH 100 GR,40.0,PACK,4700.0,188000.0,TOKO CITA RASA BARU,2,temporal,info,Baris jatuh pada hari dengan omzet melonjak (z robust harian > 5),tandai,Periksa apakah hari itu memuat pesanan borongan atau input yang menumpuk.
T01,3059,2020-06-26,DIA-004,DIAMOND 8 LTR STRAWBERRY,1.0,PAIL,170000.0,170000.0,TOKO CITA RASA BARU,1,temporal,info,Baris jatuh pada hari dengan omzet melonjak (z robust harian > 5),tandai,Periksa apakah hari itu memuat pesanan borongan atau input yang menumpuk.
T01,3060,2020-06-26,YUMMI-001,YUMMI ES KRIM X 25 PCS,10.0,PACK,18750.0,187500.0,TOKO CITA RASA BARU,1,temporal,info,Baris jatuh pada hari dengan omzet melonjak (z robust harian > 5),tandai,Periksa apakah hari itu memuat pesanan borongan atau input yang menumpuk.
T01,3061,2020-06-26,LIPAO-001,LI PAO COKLAT,2.0,DUS,156000.0,312000.0,TOKO CITA RASA BARU,1,temporal,info,Baris jatuh pada hari dengan omzet melonjak (z robust harian > 5),tandai,Periksa apakah hari itu memuat pesanan borongan atau input yang menumpuk.
T01,3062,2020-06-26,CIR-009,PK LOLIPOP CRISPY X 30 PACK,24.0,PACK,10000.0,240000.0,TOKO CITA RASA BARU,1,temporal,info,Baris jatuh pada hari dengan omzet melonjak (z robust harian > 5),tandai,Periksa apakah hari itu memuat pesanan borongan atau input yang menumpuk.
T01,3063,2020-06-26,MIT-016,MITRAKU FISH CAKE SINGAPORE 1000 GR X 10,7.0,PACK,48000.0,336000.0,TOKO CITA RASA BARU,1,temporal,info,Baris jatuh pada hari dengan omzet melonjak (z robust harian > 5),tandai,Periksa apakah hari itu memuat pesanan borongan atau input yang menumpuk.
T01,3064,2020-06-26,MIT-009,MITRAKU FISH ROLL 500 GR X 20 PACK,5.0,PACK,20000.0,100000.0,TOKO CITA RASA BARU,2,temporal,info,Baris jatuh pada hari dengan omzet melonjak (z robust harian > 5),tandai,Periksa apakah hari itu memuat pesanan borongan atau input yang menumpuk.
T01,3065,2020-06-26,DEN-008,DEN BAGUS BUNGA ISI 13 X 40 PACK,2.0,BAL,160000.0,320000.0,TOKO CITA RASA BARU,1,temporal,info,Baris jatuh pada hari dengan omzet melonjak (z robust harian > 5),tandai,Periksa apakah hari itu memuat pesanan borongan atau input yang menumpuk.
T01,3066,2020-06-26,DEN-003,DEN BAGUS AYAM ISI 13 X 50 PACK,2.0,BAL,200000.0,400000.0,TOKO CITA RASA BARU,1,temporal,info,Baris jatuh pada hari dengan omzet melonjak (z robust harian > 5),tandai,Periksa apakah hari itu memuat pesanan borongan atau input yang menumpuk.
T01,3067,2020-06-26,DEN-010,DEN BAGUS ES KRIM ISI 32 X 20 PACK,1.0,BAL,200000.0,200000.0,TOKO CITA RASA BARU,1,temporal,info,Baris jatuh pada hari dengan omzet melonjak (z robust harian > 5),tandai,Periksa apakah hari itu memuat pesanan borongan atau input yang menumpuk.
T01,3068,2020-06-26,DEN-009,DEN BAGUS TOMBAK ISI 32 X 20 PACK,1.0,BAL,200000.0,200000.0,TOKO CITA RASA BARU,1,temporal,info,Baris jatuh pada hari dengan omzet melonjak (z robust harian > 5),tandai,Periksa apakah hari itu memuat pesanan borongan atau input yang menumpuk.
T01,3069,2020-06-26,DEN-007,DEN BAGUS BEBEK ISI 21 X 20 PACK,2.0,BAL,160000.0,320000.0,TOKO CITA RASA BARU,1,temporal,info,Baris jatuh pada hari dengan omzet melonjak (z robust harian > 5),tandai,Periksa apakah hari itu memuat pesanan borongan atau input yang menumpuk.
T01,3070,2020-06-26,BAK-002,BAKSO MIE X 40 PACK,20.0,PACK,7000.0,140000.0,TOKO CITA RASA BARU,1,temporal,info,Baris jatuh pada hari dengan omzet melonjak (z robust harian > 5),tandai,Periksa apakah hari itu memuat pesanan borongan atau input yang menumpuk.
T01,3071,2020-06-26,HOME-001,KULIT LUMPIA HOMEMADE,28.0,BKS,8000.0,224000.0,TOKO CITA RASA BARU,1,temporal,info,Baris jatuh pada hari dengan omzet melonjak (z robust harian > 5),tandai,Periksa apakah hari itu memuat pesanan borongan atau input yang menumpuk.
T01,3072,2020-06-26,MI-003,MIAMI 8 LTR NEAPOLITAN,50.0,PAIL,115000.0,5750000.0,CASH,2,temporal,info,Baris jatuh pada hari dengan omzet melonjak (z robust harian > 5),tandai,Periksa apakah hari itu memuat pesanan borongan atau input yang menumpuk.
T01,4376,2020-07-29,MIN-001,MINAKU OTAK OTAK 500 GR X 20 PACK,20.0,DUS,310000.0,6200000.0,DOHAR,1,temporal,info,Baris jatuh pada hari dengan omzet melonjak (z robust harian > 5),tandai,Periksa apakah hari itu memuat pesanan borongan atau input yang menumpuk.
T01,4377,2020-07-29,JUL-001,STAR JULIENNE SHOESTRING 2.5 KG X 5 PACK,2.0,DUS,300000.0,600000.0,ADEK FROZEN,1,temporal,info,Baris jatuh pada hari dengan omzet melonjak (z robust harian > 5),tandai,Periksa apakah hari itu memuat pesanan borongan atau input yang menumpuk.
T01,4378,2020-07-29,JOF-008,JOFRANS BASO SAPI 500 GR X 15 PACK,1.0,DUS,472500.0,472500.0,ADEK FROZEN,1,temporal,info,Baris jatuh pada hari dengan omzet melonjak (z robust harian > 5),tandai,Periksa apakah hari itu memuat pesanan borongan atau input yang menumpuk.
T01,4379,2020-07-29,JOF-003,JOFRANS SPICY WING 500 GR X 12 PACK,2.0,DUS,522000.0,1044000.0,ADEK FROZEN,1,temporal,info,Baris jatuh pada hari dengan omzet melonjak (z robust harian > 5),tandai,Periksa apakah hari itu memuat pesanan borongan atau input yang menumpuk.
T01,4380,2020-07-29,BF-004,BF DIMSUM SIOMAY REG-NEW 200 GR X 48 PAK,10.0,PACK,17200.0,172000.0,ADEK FROZEN,1,temporal,info,Baris jatuh pada hari dengan omzet melonjak (z robust harian > 5),tandai,Periksa apakah hari itu memuat pesanan borongan atau input yang menumpuk.
T01,4381,2020-07-29,SUN-006,SUNFISH DUMPLING CHEESE 500 GR X 12 PACK,1.0,DUS,288000.0,288000.0,ADEK FROZEN,1,temporal,info,Baris jatuh pada hari dengan omzet melonjak (z robust harian > 5),tandai,Periksa apakah hari itu memuat pesanan borongan atau input yang menumpuk.
T01,4382,2020-07-29,MIT-012,MITRAKU FISH TOFU 500 GR X 20 PACK,1.0,DUS,498000.0,498000.0,ADEK FROZEN,1,temporal,info,Baris jatuh pada hari dengan omzet melonjak (z robust harian > 5),tandai,Periksa apakah hari itu memuat pesanan borongan atau input yang menumpuk.
T01,4383,2020-07-29,MIN-011,MINAKU BOLA UDANG 500 GR X 10 PACK,1.0,DUS,240000.0,240000.0,ADEK FROZEN,1,temporal,info,Baris jatuh pada hari dengan omzet melonjak (z robust harian > 5),tandai,Periksa apakah hari itu memuat pesanan borongan atau input yang menumpuk.
T01,4384,2020-07-29,MIN-012,MINAKU BOLA SALMON 500 GR X 10 PACK,1.0,DUS,240000.0,240000.0,ADEK FROZEN,1,temporal,info,Baris jatuh pada hari dengan omzet melonjak (z robust harian > 5),tandai,Periksa apakah hari itu memuat pesanan borongan atau input yang menumpuk.
T01,4385,2020-07-29,MIN-016,MINAKU KENTANG 7X7 500 GR X 20 PACK,1.0,DUS,290000.0,290000.0,ADEK FROZEN,1,temporal,info,Baris jatuh pada hari dengan omzet melonjak (z robust harian > 5),tandai,Periksa apakah hari itu memuat pesanan borongan atau input yang menumpuk.
T01,4386,2020-07-29,JOF-026,JOFRANS SOSIS SAPI 300 GR X 32 PACK,1.0,DUS,560000.0,560000.0,ADEK FROZEN,1,temporal,info,Baris jatuh pada hari dengan omzet melonjak (z robust harian > 5),tandai,Periksa apakah hari itu memuat pesanan borongan atau input yang menumpuk.
T01,4387,2020-07-29,MIT-017,MITRAKU BAKSO IKAN ISI KEJU 500 GR X 20,1.0,DUS,560000.0,560000.0,ADEK FROZEN,1,temporal,info,Baris jatuh pada hari dengan omzet melonjak (z robust harian > 5),tandai,Periksa apakah hari itu memuat pesanan borongan atau input yang menumpuk.
T01,4388,2020-07-29,MIN-019,MINAKU SISIK NAGA 500 GR X 20 PACK,1.0,DUS,280000.0,280000.0,ADEK FROZEN,1,temporal,info,Baris jatuh pada hari dengan omzet melonjak (z robust harian > 5),tandai,Periksa apakah hari itu memuat pesanan borongan atau input yang menumpuk.
T01,4389,2020-07-29,MIN-001,MINAKU OTAK OTAK 500 GR X 20 PACK,50.0,DUS,310000.0,15500000.0,ADEK FROZEN,2,temporal,info,Baris jatuh pada hari dengan omzet melonjak (z robust harian > 5),tandai,Periksa apakah hari itu memuat pesanan borongan atau input yang menumpuk.
T01,4390,2020-07-29,MIN-016,MINAKU KENTANG 7X7 500 GR X 20 PACK,5.0,DUS,290000.0,1450000.0,ADEK FROZEN,1,temporal,info,Baris jatuh pada hari dengan omzet melonjak (z robust harian > 5),tandai,Periksa apakah hari itu memuat pesanan borongan atau input yang menumpuk.
T01,4391,2020-07-29,JOF-003,JOFRANS SPICY WING 500 GR X 12 PACK,5.0,DUS,522000.0,2610000.0,ADEK FROZEN,1,temporal,info,Baris jatuh pada hari dengan omzet melonjak (z robust harian > 5),tandai,Periksa apakah hari itu memuat pesanan borongan atau input yang menumpuk.
T01,4392,2020-07-29,JOF-008,JOFRANS BASO SAPI 500 GR X 15 PACK,5.0,DUS,472500.0,2362500.0,ADEK FROZEN,1,temporal,info,Baris jatuh pada hari dengan omzet melonjak (z robust harian > 5),tandai,Periksa apakah hari itu memuat pesanan borongan atau input yang menumpuk.
T01,4393,2020-07-29,JOF-023,JOFRANS NUGGET AYAM HATI 500 GR X 12 PAK,6.0,DUS,222000.0,1332000.0,ADEK FROZEN,1,temporal,info,Baris jatuh pada hari dengan omzet melonjak (z robust harian > 5),tandai,Periksa apakah hari itu memuat pesanan borongan atau input yang menumpuk.
T01,4394,2020-07-29,JOF-002,JOFRANS NUGGET AYAM REG. 500 GR X 12 PAK,6.0,DUS,222000.0,1332000.0,ADEK FROZEN,1,temporal,info,Baris jatuh pada hari dengan omzet melonjak (z robust harian > 5),tandai,Periksa apakah hari itu memuat pesanan borongan atau input yang menumpuk.
T01,4395,2020-07-29,JOF-024,JOFRANS NUGGET AYAM STICKY 500 GR X 12,8.0,DUS,222000.0,1776000.0,ADEK FROZEN,1,temporal,info,Baris jatuh pada hari dengan omzet melonjak (z robust harian > 5),tandai,Periksa apakah hari itu memuat pesanan borongan atau input yang menumpuk.
T01,4396,2020-07-29,SHIF-005,SHIFUDO CHIKUWA 500 GR X 16 PACK,13.0,DUS,384000.0,4992000.0,ADEK FROZEN,2,temporal,info,Baris jatuh pada hari dengan omzet melonjak (z robust harian > 5),tandai,Periksa apakah hari itu memuat pesanan borongan atau input yang menumpuk.
T01,4397,2020-07-29,JUL-001,STAR JULIENNE SHOESTRING 2.5 KG X 5 PACK,20.0,DUS,300000.0,6000000.0,ADEK FROZEN,1,temporal,info,Baris jatuh pada hari dengan omzet melonjak (z robust harian > 5),tandai,Periksa apakah hari itu memuat pesanan borongan atau input yang menumpuk.
T01,4398,2020-07-29,BONJU-001,BONJU CIRENG SALJU KUAH RUJAK,200.0,PACK,17500.0,3500000.0,ADEK FROZEN,2,temporal,info,Baris jatuh pada hari dengan omzet melonjak (z robust harian > 5),tandai,Periksa apakah hari itu memuat pesanan borongan atau input yang menumpuk.
T01,4399,2020-07-29,FINNA-001,FINNA KULIT LUMPIA 125 MM X 36 PACK,21.0,DUS,432000.0,9072000.0,ADEK FROZEN,1,temporal,info,Baris jatuh pada hari dengan omzet melonjak (z robust harian > 5),tandai,Periksa apakah hari itu memuat pesanan borongan atau input yang menumpuk.
T01,4400,2020-07-29,JOF-001,JOFRANS SOSIS AYAM MADU 500 GR X 20 PACK,1.0,DUS,370000.0,370000.0,ADEK FROZEN,1,temporal,info,Baris jatuh pada hari dengan omzet melonjak (z robust harian > 5),tandai,Periksa apakah hari itu memuat pesanan borongan atau input yang menumpuk.
T01,4401,2020-07-29,SHIF-001,SHIFUDO BAKSO IKAN 500 GR X 20 PACK,5.0,DUS,360000.0,1800000.0,ADEK FROZEN,1,temporal,info,Baris jatuh pada hari dengan omzet melonjak (z robust harian > 5),tandai,Periksa apakah hari itu memuat pesanan borongan atau input yang menumpuk.
T01,4402,2020-07-29,SUN-004,SUNFISH CHIKUWA MINI 500 GR X 12,5.0,DUS,288000.0,1440000.0,ADEK FROZEN,1,temporal,info,Baris jatuh pada hari dengan omzet melonjak (z robust harian > 5),tandai,Periksa apakah hari itu memuat pesanan borongan atau input yang menumpuk.
T01,4403,2020-07-29,SUN-006,SUNFISH DUMPLING CHEESE 500 GR X 12 PACK,1.0,PACK,0.0,0.0,ADEK FROZEN,11,temporal,info,Baris jatuh pada hari dengan omzet melonjak (z robust harian > 5),tandai,Periksa apakah hari itu memuat pesanan borongan atau input yang menumpuk.
T01,4404,2020-07-29,MIN-001,MINAKU OTAK OTAK 500 GR X 20 PACK,30.0,DUS,316000.0,9480000.0,RUMAH SOSIS,2,temporal,info,Baris jatuh pada hari dengan omzet melonjak (z robust harian > 5),tandai,Periksa apakah hari itu memuat pesanan borongan atau input yang menumpuk.
T01,4405,2020-07-29,BAKSO-004,ILM SUKOI 500 GR,20.0,PACK,13000.0,260000.0,RUMAH SOSIS,1,temporal,info,Baris jatuh pada hari dengan omzet melonjak (z robust harian > 5),tandai,Periksa apakah hari itu memuat pesanan borongan atau input yang menumpuk.
T01,4406,2020-07-29,TORTILA-001,TORTILA KECIL,21.0,PACK,25250.0,530250.0,RUMAH SOSIS,2,temporal,info,Baris jatuh pada hari dengan omzet melonjak (z robust harian > 5),tandai,Periksa apakah hari itu memuat pesanan borongan atau input yang menumpuk.
T01,4407,2020-07-29,IJABAH-001,IJABAH SOSIS GULUNG,30.0,PACK,15000.0,450000.0,RUMAH SOSIS,1,temporal,info,Baris jatuh pada hari dengan omzet melonjak (z robust harian > 5),tandai,Periksa apakah hari itu memuat pesanan borongan atau input yang menumpuk.
T01,4408,2020-07-29,MAES-001,MAESTRO LIGHT MAYO PCH 1 KG X 10,2.0,DUS,255000.0,510000.0,RUMAH SOSIS,1,temporal,info,Baris jatuh pada hari dengan omzet melonjak (z robust harian > 5),tandai,Periksa apakah hari itu memuat pesanan borongan atau input yang menumpuk.
T01,4409,2020-07-29,MAES-002,MAESTRO LIGHT MAYO 180 GR,48.0,PCS,8500.0,408000.0,RUMAH SOSIS,2,temporal,info,Baris jatuh pada hari dengan omzet melonjak (z robust harian > 5),tandai,Periksa apakah hari itu memuat pesanan borongan atau input yang menumpuk.
T01,4410,2020-07-29,MIN-001,MINAKU OTAK OTAK 500 GR X 20 PACK,10.0,DUS,320000.0,3200000.0,BRAGA FROZEN FOOD,1,temporal,info,Baris jatuh pada hari dengan omzet melonjak (z robust harian > 5),tandai,Periksa apakah hari itu memuat pesanan borongan atau input yang menumpuk.
T01,4411,2020-07-29,MIN-008,MINAKU FISH ROLL 1000 GR X 10,3.0,DUS,420000.0,1260000.0,BRAGA FROZEN FOOD,1,temporal,info,Baris jatuh pada hari dengan omzet melonjak (z robust harian > 5),tandai,Periksa apakah hari itu memuat pesanan borongan atau input yang menumpuk.
T01,4412,2020-07-29,MIN-013,MINAKU BOLA LOBSTER 500 GR X 10 PACK,2.0,DUS,240000.0,480000.0,BRAGA FROZEN FOOD,1,temporal,info,Baris jatuh pada hari dengan omzet melonjak (z robust harian > 5),tandai,Periksa apakah hari itu memuat pesanan borongan atau input yang menumpuk.
T01,4413,2020-07-29,SHIF-005,SHIFUDO CHIKUWA 500 GR X 16 PACK,2.0,DUS,376000.0,752000.0,BRAGA FROZEN FOOD,2,temporal,info,Baris jatuh pada hari dengan omzet melonjak (z robust harian > 5),tandai,Periksa apakah hari itu memuat pesanan borongan atau input yang menumpuk.
T01,4414,2020-07-29,MIN-001,MINAKU OTAK OTAK 500 GR X 20 PACK,65.0,DUS,310000.0,20150000.0,FIRDON,2,temporal,info,Baris jatuh pada hari dengan omzet melonjak (z robust harian > 5),tandai,Periksa apakah hari itu memuat pesanan borongan atau input yang menumpuk.
T01,4415,2020-07-29,MIN-001,MINAKU OTAK OTAK 500 GR X 20 PACK,20.0,DUS,310000.0,6200000.0,ANTON,1,temporal,info,Baris jatuh pada hari dengan omzet melonjak (z robust harian > 5),tandai,Periksa apakah hari itu memuat pesanan borongan atau input yang menumpuk.
T01,4416,2020-07-29,DEN-007,DEN BAGUS BEBEK ISI 21 X 20 PACK,10.0,PACK,8700.0,87000.0,ANTON,1,temporal,info,Baris jatuh pada hari dengan omzet melonjak (z robust harian > 5),tandai,Periksa apakah hari itu memuat pesanan borongan atau input yang menumpuk.
T01,4417,2020-07-29,DEN-001,DEN BAGUS IKAN ISI 32 X 20 PACK,1.0,BAL,240000.0,240000.0,ANTON,1,temporal,info,Baris jatuh pada hari dengan omzet melonjak (z robust harian > 5),tandai,Periksa apakah hari itu memuat pesanan borongan atau input yang menumpuk.
T01,4418,2020-07-29,INDO-002,INDOESKRIM 8 LTR VANILLA,5.0,PAIL,150000.0,750000.0,ANTON,1,temporal,info,Baris jatuh pada hari dengan omzet melonjak (z robust harian > 5),tandai,Periksa apakah hari itu memuat pesanan borongan atau input yang menumpuk.
T01,4419,2020-07-29,MIN-001,MINAKU OTAK OTAK 500 GR X 20 PACK,40.0,DUS,316000.0,12640000.0,GRAHA SANDENI,2,temporal,info,Baris jatuh pada hari dengan omzet melonjak (z robust harian > 5),tandai,Periksa apakah hari itu memuat pesanan borongan atau input yang menumpuk.
T01,4420,2020-07-29,JOF-003,JOFRANS SPICY WING 500 GR X 12 PACK,10.0,DUS,522000.0,5220000.0,GRAHA SANDENI,1,temporal,info,Baris jatuh pada hari dengan omzet melonjak (z robust harian > 5),tandai,Periksa apakah hari itu memuat pesanan borongan atau input yang menumpuk.
T01,4421,2020-07-29,MI-001,MIAMI 8 LTR NEAPOLITAN CHOCO CHIPS,10.0,PAIL,125000.0,1250000.0,GRAHA SANDENI,1,temporal,info,Baris jatuh pada hari dengan omzet melonjak (z robust harian > 5),tandai,Periksa apakah hari itu memuat pesanan borongan atau input yang menumpuk.
T01,4422,2020-07-29,MC-001,MC LEWIS CHILI SAUCE POUCH 1 KG X 12 PCS,10.0,DUS,146400.0,1464000.0,GRAHA SANDENI,1,temporal,info,Baris jatuh pada hari dengan omzet melonjak (z robust harian > 5),tandai,Periksa apakah hari itu memuat pesanan borongan atau input yang menumpuk.
T01,4423,2020-07-29,DEL-003,DELMONTE EXT HOT JRG 5.7 KG,10.0,JRG,97000.0,970000.0,GRAHA SANDENI,1,temporal,info,Baris jatuh pada hari dengan omzet melonjak (z robust harian > 5),tandai,Periksa apakah hari itu memuat pesanan borongan atau input yang menumpuk.
T01,4424,2020-07-29,MAES-001,MAESTRO LIGHT MAYO PCH 1 KG X 10,5.0,DUS,255000.0,1275000.0,GRAHA SANDENI,1,temporal,info,Baris jatuh pada hari dengan omzet melonjak (z robust harian > 5),tandai,Periksa apakah hari itu memuat pesanan borongan atau input yang menumpuk.
T01,4425,2020-07-29,MAES-002,MAESTRO LIGHT MAYO 180 GR,72.0,PCS,8500.0,612000.0,GRAHA SANDENI,2,temporal,info,Baris jatuh pada hari dengan omzet melonjak (z robust harian > 5),tandai,Periksa apakah hari itu memuat pesanan borongan atau input yang menumpuk.
T01,4426,2020-07-29,MAES-003,MAESTRO LIGHT MAYO SCH 100 GR,80.0,PACK,5500.0,440000.0,GRAHA SANDENI,2,temporal,info,Baris jatuh pada hari dengan omzet melonjak (z robust harian > 5),tandai,Periksa apakah hari itu memuat pesanan borongan atau input yang menumpuk.
T01,4427,2020-07-29,MIN-001,MINAKU OTAK OTAK 500 GR X 20 PACK,15.0,DUS,310000.0,4650000.0,TOKO CITA RASA BARU,1,temporal,info,Baris jatuh pada hari dengan omzet melonjak (z robust harian > 5),tandai,Periksa apakah hari itu memuat pesanan borongan atau input yang menumpuk.
T01,4428,2020-07-29,MC-001,MC LEWIS CHILI SAUCE POUCH 1 KG X 12 PCS,1.0,DUS,135348.0,135348.0,TOKO CITA RASA BARU,1,temporal,info,Baris jatuh pada hari dengan omzet melonjak (z robust harian > 5),tandai,Periksa apakah hari itu memuat pesanan borongan atau input yang menumpuk.
T01,4429,2020-07-29,TORTILA-002,TORTILA SEDANG,50.0,PACK,25500.0,1275000.0,TOKO CITA RASA BARU,1,temporal,info,Baris jatuh pada hari dengan omzet melonjak (z robust harian > 5),tandai,Periksa apakah hari itu memuat pesanan borongan atau input yang menumpuk.
T01,4430,2020-07-29,IJABAH-001,IJABAH SOSIS GULUNG,20.0,PACK,14000.0,280000.0,TOKO CITA RASA BARU,1,temporal,info,Baris jatuh pada hari dengan omzet melonjak (z robust harian > 5),tandai,Periksa apakah hari itu memuat pesanan borongan atau input yang menumpuk.
T01,4431,2020-07-29,MAES-003,MAESTRO LIGHT MAYO SCH 100 GR,120.0,PACK,5200.0,624000.0,TOKO CITA RASA BARU,2,temporal,info,Baris jatuh pada hari dengan omzet melonjak (z robust harian > 5),tandai,Periksa apakah hari itu memuat pesanan borongan atau input yang menumpuk.
T01,4432,2020-07-29,LUTOSA-001,LUTOSA SHOESTRING 1000 GR X 10 PACK,20.0,PACK,24000.0,480000.0,TOKO CITA RASA BARU,2,temporal,info,Baris jatuh pada hari dengan omzet melonjak (z robust harian > 5),tandai,Periksa apakah hari itu memuat pesanan borongan atau input yang menumpuk.
T01,4433,2020-07-29,INDO-002,INDOESKRIM 8 LTR VANILLA,20.0,PAIL,142000.0,2840000.0,TOKO CITA RASA BARU,1,temporal,info,Baris jatuh pada hari dengan omzet melonjak (z robust harian > 5),tandai,Periksa apakah hari itu memuat pesanan borongan atau input yang menumpuk.
T01,4434,2020-07-29,TUSUK-001,TUSUK SATE 500 X 60,60.0,PACK,11000.0,660000.0,TOKO CITA RASA BARU,1,temporal,info,Baris jatuh pada hari dengan omzet melonjak (z robust harian > 5),tandai,Periksa apakah hari itu memuat pesanan borongan atau input yang menumpuk.
T01,4435,2020-07-29,MAES-002,MAESTRO LIGHT MAYO 180 GR,53.0,PCS,7500.0,397500.0,TOKO CITA RASA BARU,2,temporal,info,Baris jatuh pada hari dengan omzet melonjak (z robust harian > 5),tandai,Periksa apakah hari itu memuat pesanan borongan atau input yang menumpuk.
T01,4436,2020-07-29,FOODY-001,FOODY BASO IKAN 500 GR X 20 PACK,2.0,DUS,285000.0,570000.0,TOKO CITA RASA BARU,2,temporal,info,Baris jatuh pada hari dengan omzet melonjak (z robust harian > 5),tandai,Periksa apakah hari itu memuat pesanan borongan atau input yang menumpuk.
T01,4437,2020-07-29,CHOP-001,CHOP BURGER SAPI ISI 10 250GR X 24 PACK,3.0,DUS,163200.0,489600.0,TOKO CITA RASA BARU,1,temporal,info,Baris jatuh pada hari dengan omzet melonjak (z robust harian > 5),tandai,Periksa apakah hari itu memuat pesanan borongan atau input yang menumpuk.
T01,4438,2020-07-29,OKEY-001,OKEY SOSIS 500 GR X 20 PACK,2.0,DUS,330000.0,660000.0,TOKO CITA RASA BARU,1,temporal,info,Baris jatuh pada hari dengan omzet melonjak (z robust harian > 5),tandai,Periksa apakah hari itu memuat pesanan borongan atau input yang menumpuk.
T01,4439,2020-07-29,MIN-001,MINAKU OTAK OTAK 500 GR X 20 PACK,5.0,DUS,310000.0,1550000.0,KUBANG JAYA FOOD,1,temporal,info,Baris jatuh pada hari dengan omzet melonjak (z robust harian > 5),tandai,Periksa apakah hari itu memuat pesanan borongan atau input yang menumpuk.
T01,4440,2020-07-29,MIN-001,MINAKU OTAK OTAK 500 GR X 20 PACK,25.0,DUS,310000.0,7750000.0,PAK SLAMET / MBAH BEJO,1,temporal,info,Baris jatuh pada hari dengan omzet melonjak (z robust harian > 5),tandai,Periksa apakah hari itu memuat pesanan borongan atau input yang menumpuk.
T01,4441,2020-07-29,LIPAO-002,LI PAO KACANG MERAH,2.0,DUS,168000.0,336000.0,PAK SLAMET / MBAH BEJO,1,temporal,info,Baris jatuh pada hari dengan omzet melonjak (z robust harian > 5),tandai,Periksa apakah hari itu memuat pesanan borongan atau input yang menumpuk.
T01,4442,2020-07-29,SUN-004,SUNFISH CHIKUWA MINI 500 GR X 12,1.0,DUS,300000.0,300000.0,PAK SLAMET / MBAH BEJO,1,temporal,info,Baris jatuh pada hari dengan omzet melonjak (z robust harian > 5),tandai,Periksa apakah hari itu memuat pesanan borongan atau input yang menumpuk.
T01,4443,2020-07-29,MIN-001,MINAKU OTAK OTAK 500 GR X 20 PACK,3.0,DUS,316000.0,948000.0,YUKABI,1,temporal,info,Baris jatuh pada hari dengan omzet melonjak (z robust harian > 5),tandai,Periksa apakah hari itu memuat pesanan borongan atau input yang menumpuk.
T01,4444,2020-07-29,LUTOSA-001,LUTOSA SHOESTRING 1000 GR X 10 PACK,50.0,PACK,26000.0,1300000.0,YUKABI,2,temporal,info,Baris jatuh pada hari dengan omzet melonjak (z robust harian > 5),tandai,Periksa apakah hari itu memuat pesanan borongan atau input yang menumpuk.
T01,4445,2020-07-29,MIN-001,MINAKU OTAK OTAK 500 GR X 20 PACK,8.0,DUS,310000.0,2480000.0,KUBANG JAYA FOOD,1,temporal,info,Baris jatuh pada hari dengan omzet melonjak (z robust harian > 5),tandai,Periksa apakah hari itu memuat pesanan borongan atau input yang menumpuk.
T01,4446,2020-07-29,JUL-001,STAR JULIENNE SHOESTRING 2.5 KG X 5 PACK,3.0,DUS,300000.0,900000.0,KUBANG JAYA FOOD,1,temporal,info,Baris jatuh pada hari dengan omzet melonjak (z robust harian > 5),tandai,Periksa apakah hari itu memuat pesanan borongan atau input yang menumpuk.
T01,4447,2020-07-29,MI-001,MIAMI 8 LTR NEAPOLITAN CHOCO CHIPS,5.0,PAIL,125000.0,625000.0,CASH,1,temporal,info,Baris jatuh pada hari dengan omzet melonjak (z robust harian > 5),tandai,Periksa apakah hari itu memuat pesanan borongan atau input yang menumpuk.
T01,4448,2020-07-29,MI-003,MIAMI 8 LTR NEAPOLITAN,1.0,PAIL,120000.0,120000.0,AMANAH FROZEN,1,temporal,info,Baris jatuh pada hari dengan omzet melonjak (z robust harian > 5),tandai,Periksa apakah hari itu memuat pesanan borongan atau input yang menumpuk.
T01,4449,2020-07-29,JOF-002,JOFRANS NUGGET AYAM REG. 500 GR X 12 PAK,3.0,PACK,17500.0,52500.0,AMANAH FROZEN,1,temporal,info,Baris jatuh pada hari dengan omzet melonjak (z robust harian > 5),tandai,Periksa apakah hari itu memuat pesanan borongan atau input yang menumpuk.
T01,4450,2020-07-29,CHA-007,CHAMP BURGER 315 GR X 10 PACK,3.0,PACK,15000.0,45000.0,AMANAH FROZEN,1,temporal,info,Baris jatuh pada hari dengan omzet melonjak (z robust harian > 5),tandai,Periksa apakah hari itu memuat pesanan borongan atau input yang menumpuk.
T01,4451,2020-07-29,KRD-001,KORANDA BASO AYAM 500 GR X 20 PACK,3.0,PACK,17500.0,52500.0,AMANAH FROZEN,1,temporal,info,Baris jatuh pada hari dengan omzet melonjak (z robust harian > 5),tandai,Periksa apakah hari itu memuat pesanan borongan atau input yang menumpuk.
T01,4452,2020-07-29,DEN-001,DEN BAGUS IKAN ISI 32 X 20 PACK,1.0,PACK,12000.0,12000.0,CASH,1,temporal,info,Baris jatuh pada hari dengan omzet melonjak (z robust harian > 5),tandai,Periksa apakah hari itu memuat pesanan borongan atau input yang menumpuk.
T01,4453,2020-07-29,JOF-002,JOFRANS NUGGET AYAM REG. 500 GR X 12 PAK,2.0,PACK,18000.0,36000.0,CASH,1,temporal,info,Baris jatuh pada hari dengan omzet melonjak (z robust harian > 5),tandai,Periksa apakah hari itu memuat pesanan borongan atau input yang menumpuk.
T01,4454,2020-07-29,JOF-024,JOFRANS NUGGET AYAM STICKY 500 GR X 12,2.0,PACK,18000.0,36000.0,CASH,1,temporal,info,Baris jatuh pada hari dengan omzet melonjak (z robust harian > 5),tandai,Periksa apakah hari itu memuat pesanan borongan atau input yang menumpuk.
T01,4541,2020-08-03,CAV-001,CAVENDISH SHOESTRING 2.94 KG X 6 PACK,3.0,DUS,441000.0,1323000.0,FUN MART,2,temporal,info,Baris jatuh pada hari dengan omzet melonjak (z robust harian > 5),tandai,Periksa apakah hari itu memuat pesanan borongan atau input yang menumpuk.
T01,4542,2020-08-03,JUL-001,STAR JULIENNE SHOESTRING 2.5 KG X 5 PACK,3.0,DUS,300000.0,900000.0,FUN MART,1,temporal,info,Baris jatuh pada hari dengan omzet melonjak (z robust harian > 5),tandai,Periksa apakah hari itu memuat pesanan borongan atau input yang menumpuk.
T01,4543,2020-08-03,JUL-001,STAR JULIENNE SHOESTRING 2.5 KG X 5 PACK,5.0,DUS,300000.0,1500000.0,HARUM MANIS,3,temporal,info,Baris jatuh pada hari dengan omzet melonjak (z robust harian > 5),tandai,Periksa apakah hari itu memuat pesanan borongan atau input yang menumpuk.
T01,4544,2020-08-03,JOF-002,JOFRANS NUGGET AYAM REG. 500 GR X 12 PAK,1.0,DUS,216000.0,216000.0,HARUM MANIS,3,temporal,info,Baris jatuh pada hari dengan omzet melonjak (z robust harian > 5),tandai,Periksa apakah hari itu memuat pesanan borongan atau input yang menumpuk.
T01,4545,2020-08-03,MIT-009,MITRAKU FISH ROLL 500 GR X 20 PACK,6.0,PACK,23400.0,140400.0,HARUM MANIS,3,temporal,info,Baris jatuh pada hari dengan omzet melonjak (z robust harian > 5),tandai,Periksa apakah hari itu memuat pesanan borongan atau input yang menumpuk.
T01,4546,2020-08-03,MIT-018,MITRAKU BAKSO IKAN ISI TUNA 500 GR X 20,3.0,PACK,28000.0,84000.0,HARUM MANIS,3,temporal,info,Baris jatuh pada hari dengan omzet melonjak (z robust harian > 5),tandai,Periksa apakah hari itu memuat pesanan borongan atau input yang menumpuk.
T01,4547,2020-08-03,MIT-019,MITRAKU BAKSO IKAN ISI AYAM 500 GR X 20,3.0,PACK,28000.0,84000.0,HARUM MANIS,3,temporal,info,Baris jatuh pada hari dengan omzet melonjak (z robust harian > 5),tandai,Periksa apakah hari itu memuat pesanan borongan atau input yang menumpuk.
T01,4548,2020-08-03,SUKI-001,MITRAKU SUKI TOMYAM,10.0,PCS,18000.0,180000.0,HARUM MANIS,4,temporal,info,Baris jatuh pada hari dengan omzet melonjak (z robust harian > 5),tandai,Periksa apakah hari itu memuat pesanan borongan atau input yang menumpuk.
T01,4549,2020-08-03,DEN-001,DEN BAGUS IKAN ISI 32 X 20 PACK,1.0,BAL,260000.0,260000.0,BARNI,1,temporal,info,Baris jatuh pada hari dengan omzet melonjak (z robust harian > 5),tandai,Periksa apakah hari itu memuat pesanan borongan atau input yang menumpuk.
T01,4550,2020-08-03,JOF-023,JOFRANS NUGGET AYAM HATI 500 GR X 12 PAK,1.0,DUS,216000.0,216000.0,BARNI,1,temporal,info,Baris jatuh pada hari dengan omzet melonjak (z robust harian > 5),tandai,Periksa apakah hari itu memuat pesanan borongan atau input yang menumpuk.
T01,4551,2020-08-03,JOF-024,JOFRANS NUGGET AYAM STICKY 500 GR X 12,1.0,DUS,216000.0,216000.0,BARNI,1,temporal,info,Baris jatuh pada hari dengan omzet melonjak (z robust harian > 5),tandai,Periksa apakah hari itu memuat pesanan borongan atau input yang menumpuk.
T01,4552,2020-08-03,CHA-007,CHAMP BURGER 315 GR X 10 PACK,5.0,PACK,15000.0,75000.0,AMANAH FROZEN,1,temporal,info,Baris jatuh pada hari dengan omzet melonjak (z robust harian > 5),tandai,Periksa apakah hari itu memuat pesanan borongan atau input yang menumpuk.
T01,4553,2020-08-03,OKEY-002,OKEY SOSIS 1000 GR X 10 PACK,3.0,PACK,34000.0,102000.0,AMANAH FROZEN,1,temporal,info,Baris jatuh pada hari dengan omzet melonjak (z robust harian > 5),tandai,Periksa apakah hari itu memuat pesanan borongan atau input yang menumpuk.
T01,4554,2020-08-03,MI-003,MIAMI 8 LTR NEAPOLITAN,2.0,PAIL,120000.0,240000.0,AMANAH FROZEN,1,temporal,info,Baris jatuh pada hari dengan omzet melonjak (z robust harian > 5),tandai,Periksa apakah hari itu memuat pesanan borongan atau input yang menumpuk.
T01,4555,2020-08-03,CHA-006,CHAMP BASO 500 GR X 10 PACK,3.0,PACK,22000.0,66000.0,AMANAH FROZEN,1,temporal,info,Baris jatuh pada hari dengan omzet melonjak (z robust harian > 5),tandai,Periksa apakah hari itu memuat pesanan borongan atau input yang menumpuk.
T01,4556,2020-08-03,MI-001,MIAMI 8 LTR NEAPOLITAN CHOCO CHIPS,1.0,PAIL,125000.0,125000.0,AMANAH FROZEN,1,temporal,info,Baris jatuh pada hari dengan omzet melonjak (z robust harian > 5),tandai,Periksa apakah hari itu memuat pesanan borongan atau input yang menumpuk.
T01,4557,2020-08-03,CIR-008,PK BOLA BOLA CRISPY X 30 PACK,10.0,PACK,11000.0,110000.0,AMANAH FROZEN,1,temporal,info,Baris jatuh pada hari dengan omzet melonjak (z robust harian > 5),tandai,Periksa apakah hari itu memuat pesanan borongan atau input yang menumpuk.
T01,4558,2020-08-03,CIR-002,PK TAHU KRIYUK X 30 PACK,10.0,PACK,11000.0,110000.0,AMANAH FROZEN,1,temporal,info,Baris jatuh pada hari dengan omzet melonjak (z robust harian > 5),tandai,Periksa apakah hari itu memuat pesanan borongan atau input yang menumpuk.
T01,4559,2020-08-03,MIT-005,MITRAKU CHILI&CELERY FISHCAKE 500GR X 20,27.0,PACK,28900.0,390150.0,PAK ERWIN,5,temporal,info,Baris jatuh pada hari dengan omzet melonjak (z robust harian > 5),tandai,Periksa apakah hari itu memuat pesanan borongan atau input yang menumpuk.
T01,4560,2020-08-03,MIT-013,MITRAKU SCALLOP 200 GR X 40 PACK,51.0,PACK,9900.0,252450.0,PAK ERWIN,5,temporal,info,Baris jatuh pada hari dengan omzet melonjak (z robust harian > 5),tandai,Periksa apakah hari itu memuat pesanan borongan atau input yang menumpuk.
T01,4561,2020-08-03,MIT-016,MITRAKU FISH CAKE SINGAPORE 1000 GR X 10,2.0,PACK,52000.0,95680.0,PAK ERWIN,4,temporal,info,Baris jatuh pada hari dengan omzet melonjak (z robust harian > 5),tandai,Periksa apakah hari itu memuat pesanan borongan atau input yang menumpuk.
T01,4562,2020-08-03,KRD-001,KORANDA BASO AYAM 500 GR X 20 PACK,20.0,PACK,17000.0,340000.0,PAK ERWIN,3,temporal,info,Baris jatuh pada hari dengan omzet melonjak (z robust harian > 5),tandai,Periksa apakah hari itu memuat pesanan borongan atau input yang menumpuk.
T01,4563,2020-08-03,BAKSO-002,ILM BAKSO BINTANG 250 GR,6.0,PACK,11500.0,69000.0,PAK ERWIN,4,temporal,info,Baris jatuh pada hari dengan omzet melonjak (z robust harian > 5),tandai,Periksa apakah hari itu memuat pesanan borongan atau input yang menumpuk.
T01,4564,2020-08-03,MIN-001,MINAKU OTAK OTAK 500 GR X 20 PACK,15.0,DUS,310000.0,4650000.0,DOHAR,1,temporal,info,Baris jatuh pada hari dengan omzet melonjak (z robust harian > 5),tandai,Periksa apakah hari itu memuat pesanan borongan atau input yang menumpuk.
T01,4565,2020-08-03,MIN-001,MINAKU OTAK OTAK 500 GR X 20 PACK,150.0,DUS,305000.0,45750000.0,MAS ROHMAT,2,temporal,info,Baris jatuh pada hari dengan omzet melonjak (z robust harian > 5),tandai,Periksa apakah hari itu memuat pesanan borongan atau input yang menumpuk.
T01,4566,2020-08-03,MIN-001,MINAKU OTAK OTAK 500 GR X 20 PACK,200.0,DUS,316000.0,63200000.0,PAK SUTARMUJI,3,temporal,info,Baris jatuh pada hari dengan omzet melonjak (z robust harian > 5),tandai,Periksa apakah hari itu memuat pesanan borongan atau input yang menumpuk.
T01,4567,2020-08-03,SHIF-001,SHIFUDO BAKSO IKAN 500 GR X 20 PACK,3.0,DUS,356600.0,1069800.0,ANJANI FROZEN FOOD,1,temporal,info,Baris jatuh pada hari dengan omzet melonjak (z robust harian > 5),tandai,Periksa apakah hari itu memuat pesanan borongan atau input yang menumpuk.
T01,4568,2020-08-03,JUL-001,STAR JULIENNE SHOESTRING 2.5 KG X 5 PACK,4.0,DUS,300000.0,1200000.0,PAK ADEK,1,temporal,info,Baris jatuh pada hari dengan omzet melonjak (z robust harian > 5),tandai,Periksa apakah hari itu memuat pesanan borongan atau input yang menumpuk.
T01,4569,2020-08-03,MIT-018,MITRAKU BAKSO IKAN ISI TUNA 500 GR X 20,3.0,DUS,560000.0,1596000.0,AMANAH FROZEN,2,temporal,info,Baris jatuh pada hari dengan omzet melonjak (z robust harian > 5),tandai,Periksa apakah hari itu memuat pesanan borongan atau input yang menumpuk.
T01,4570,2020-08-03,MIT-019,MITRAKU BAKSO IKAN ISI AYAM 500 GR X 20,3.0,DUS,560000.0,1596000.0,AMANAH FROZEN,2,temporal,info,Baris jatuh pada hari dengan omzet melonjak (z robust harian > 5),tandai,Periksa apakah hari itu memuat pesanan borongan atau input yang menumpuk.
T01,4571,2020-08-03,MIT-017,MITRAKU BAKSO IKAN ISI KEJU 500 GR X 20,3.0,DUS,560000.0,1596000.0,AMANAH FROZEN,2,temporal,info,Baris jatuh pada hari dengan omzet melonjak (z robust harian > 5),tandai,Periksa apakah hari itu memuat pesanan borongan atau input yang menumpuk.
T01,4572,2020-08-03,MIT-012,MITRAKU FISH TOFU 500 GR X 20 PACK,2.0,DUS,498000.0,916320.0,AMANAH FROZEN,2,temporal,info,Baris jatuh pada hari dengan omzet melonjak (z robust harian > 5),tandai,Periksa apakah hari itu memuat pesanan borongan atau input yang menumpuk.
T01,4573,2020-08-03,LUTOSA-001,LUTOSA SHOESTRING 1000 GR X 10 PACK,2.0,PACK,26000.0,52000.0,SALES FANDI,1,temporal,info,Baris jatuh pada hari dengan omzet melonjak (z robust harian > 5),tandai,Periksa apakah hari itu memuat pesanan borongan atau input yang menumpuk.
T01,4574,2020-08-03,BLF-002,BELFOODS SOSIS AYAM 1000 GR X 6 PACK,6.0,PACK,31000.0,186000.0,SALES FANDI,1,temporal,info,Baris jatuh pada hari dengan omzet melonjak (z robust harian > 5),tandai,Periksa apakah hari itu memuat pesanan borongan atau input yang menumpuk.
T01,4575,2020-08-03,MI-003,MIAMI 8 LTR NEAPOLITAN,1.0,PAIL,125000.0,125000.0,CASH,1,temporal,info,Baris jatuh pada hari dengan omzet melonjak (z robust harian > 5),tandai,Periksa apakah hari itu memuat pesanan borongan atau input yang menumpuk.
T01,5015,2020-08-18,BF-002,BF CRISPY MIX SEAFOOD 210 GR X 26 PACK,12.0,PACK,27500.0,330000.0,PT. DINAMIKA BUAH N.,1,temporal,info,Baris jatuh pada hari dengan omzet melonjak (z robust harian > 5),tandai,Periksa apakah hari itu memuat pesanan borongan atau input yang menumpuk.
T01,5016,2020-08-18,BF-007,BF LUMPIA AYAM 210 GR X 32 PACK,6.0,PACK,24000.0,144000.0,PT. DINAMIKA BUAH N.,1,temporal,info,Baris jatuh pada hari dengan omzet melonjak (z robust harian > 5),tandai,Periksa apakah hari itu memuat pesanan borongan atau input yang menumpuk.
T01,5017,2020-08-18,BF-008,BF LUMPIA SAYUR 210 GR X 32 PACK,6.0,PACK,22000.0,132000.0,PT. DINAMIKA BUAH N.,1,temporal,info,Baris jatuh pada hari dengan omzet melonjak (z robust harian > 5),tandai,Periksa apakah hari itu memuat pesanan borongan atau input yang menumpuk.
T01,5018,2020-08-18,JOF-011,JOFRANS SOSIS BRATW (ORI) 500 GR X 12,4.0,DUS,330000.0,1320000.0,ANGWEN,2,temporal,info,Baris jatuh pada hari dengan omzet melonjak (z robust harian > 5),tandai,Periksa apakah hari itu memuat pesanan borongan atau input yang menumpuk.
T01,5019,2020-08-18,MI-003,MIAMI 8 LTR NEAPOLITAN,12.0,PAIL,125000.0,1500000.0,CASH,1,temporal,info,Baris jatuh pada hari dengan omzet melonjak (z robust harian > 5),tandai,Periksa apakah hari itu memuat pesanan borongan atau input yang menumpuk.
T01,5020,2020-08-18,MI-005,MIAMI 8 LTR VANILLA,1.0,PAIL,125000.0,125000.0,CASH,1,temporal,info,Baris jatuh pada hari dengan omzet melonjak (z robust harian > 5),tandai,Periksa apakah hari itu memuat pesanan borongan atau input yang menumpuk.
T01,5021,2020-08-18,DEN-007,DEN BAGUS BEBEK ISI 21 X 20 PACK,1.0,BAL,180000.0,180000.0,CASH,1,temporal,info,Baris jatuh pada hari dengan omzet melonjak (z robust harian > 5),tandai,Periksa apakah hari itu memuat pesanan borongan atau input yang menumpuk.
T01,5022,2020-08-18,OKEY-001,OKEY SOSIS 500 GR X 20 PACK,5.0,DUS,350000.0,1750000.0,PAK SOLEH,1,temporal,info,Baris jatuh pada hari dengan omzet melonjak (z robust harian > 5),tandai,Periksa apakah hari itu memuat pesanan borongan atau input yang menumpuk.
T01,5023,2020-08-18,JOF-024,JOFRANS NUGGET AYAM STICKY 500 GR X 12,2.0,DUS,216000.0,432000.0,PAK SOLEH,1,temporal,info,Baris jatuh pada hari dengan omzet melonjak (z robust harian > 5),tandai,Periksa apakah hari itu memuat pesanan borongan atau input yang menumpuk.
T01,5024,2020-08-18,MIN-001,MINAKU OTAK OTAK 500 GR X 20 PACK,1.0,DUS,320000.0,320000.0,PAK SOLEH,1,temporal,info,Baris jatuh pada hari dengan omzet melonjak (z robust harian > 5),tandai,Periksa apakah hari itu memuat pesanan borongan atau input yang menumpuk.
T01,5025,2020-08-18,OKEY-004,OKEY STICK 1000 GR X 5 PACK,2.0,DUS,182500.0,365000.0,PAK SOLEH,1,temporal,info,Baris jatuh pada hari dengan omzet melonjak (z robust harian > 5),tandai,Periksa apakah hari itu memuat pesanan borongan atau input yang menumpuk.
T01,5026,2020-08-18,MI-003,MIAMI 8 LTR NEAPOLITAN,1.0,PAIL,120000.0,120000.0,AMANAH FROZEN,1,temporal,info,Baris jatuh pada hari dengan omzet melonjak (z robust harian > 5),tandai,Periksa apakah hari itu memuat pesanan borongan atau input yang menumpuk.
T01,5027,2020-08-18,BART-001,BART'S SHOESTRING 2.5 KG X 4 PACK,5.0,DUS,245000.0,1225000.0,FUN MART,1,temporal,info,Baris jatuh pada hari dengan omzet melonjak (z robust harian > 5),tandai,Periksa apakah hari itu memuat pesanan borongan atau input yang menumpuk.
T01,5028,2020-08-18,BART-002,BART'S SHOESTRING 1 KG X 10 PACK,1.0,DUS,250000.0,250000.0,FUN MART,1,temporal,info,Baris jatuh pada hari dengan omzet melonjak (z robust harian > 5),tandai,Periksa apakah hari itu memuat pesanan borongan atau input yang menumpuk.
T01,5029,2020-08-18,BART-001,BART'S SHOESTRING 2.5 KG X 4 PACK,5.0,DUS,245000.0,1225000.0,FUN MART,6,temporal,info,Baris jatuh pada hari dengan omzet melonjak (z robust harian > 5),tandai,Periksa apakah hari itu memuat pesanan borongan atau input yang menumpuk.
T01,5030,2020-08-18,CIR-002,PK TAHU KRIYUK X 30 PACK,2.0,PACK,13000.0,26000.0,CASH,1,temporal,info,Baris jatuh pada hari dengan omzet melonjak (z robust harian > 5),tandai,Periksa apakah hari itu memuat pesanan borongan atau input yang menumpuk.
T01,5031,2020-08-18,DEN-003,DEN BAGUS AYAM ISI 13 X 50 PACK,2.0,PACK,6000.0,12000.0,CASH,1,temporal,info,Baris jatuh pada hari dengan omzet melonjak (z robust harian > 5),tandai,Periksa apakah hari itu memuat pesanan borongan atau input yang menumpuk.
T01,5032,2020-08-18,BLF-002,BELFOODS SOSIS AYAM 1000 GR X 6 PACK,2.0,PACK,31500.0,63000.0,CASH,1,temporal,info,Baris jatuh pada hari dengan omzet melonjak (z robust harian > 5),tandai,Periksa apakah hari itu memuat pesanan borongan atau input yang menumpuk.
T01,5033,2020-08-18,CHA-007,CHAMP BURGER 315 GR X 10 PACK,1.0,PACK,16500.0,16500.0,CASH,1,temporal,info,Baris jatuh pada hari dengan omzet melonjak (z robust harian > 5),tandai,Periksa apakah hari itu memuat pesanan borongan atau input yang menumpuk.
T01,5034,2020-08-18,JOF-024,JOFRANS NUGGET AYAM STICKY 500 GR X 12,2.0,PACK,18000.0,36000.0,CASH,1,temporal,info,Baris jatuh pada hari dengan omzet melonjak (z robust harian > 5),tandai,Periksa apakah hari itu memuat pesanan borongan atau input yang menumpuk.
T01,5035,2020-08-18,SUN-003,SUNFISH OTAK OTAK ISI 40 500 GR X 12,1.0,PACK,19000.0,19000.0,CASH,2,temporal,info,Baris jatuh pada hari dengan omzet melonjak (z robust harian > 5),tandai,Periksa apakah hari itu memuat pesanan borongan atau input yang menumpuk.
T01,5036,2020-08-18,MIN-001,MINAKU OTAK OTAK 500 GR X 20 PACK,1.0,PACK,18000.0,18000.0,CASH,1,temporal,info,Baris jatuh pada hari dengan omzet melonjak (z robust harian > 5),tandai,Periksa apakah hari itu memuat pesanan borongan atau input yang menumpuk.
T01,5037,2020-08-18,SUN-004,SUNFISH CHIKUWA MINI 500 GR X 12,1.0,PACK,26000.0,26000.0,CASH,1,temporal,info,Baris jatuh pada hari dengan omzet melonjak (z robust harian > 5),tandai,Periksa apakah hari itu memuat pesanan borongan atau input yang menumpuk.
T01,5038,2020-08-18,OKEY-001,OKEY SOSIS 500 GR X 20 PACK,10.0,DUS,360000.0,3600000.0,EGI / PUTRI,1,temporal,info,Baris jatuh pada hari dengan omzet melonjak (z robust harian > 5),tandai,Periksa apakah hari itu memuat pesanan borongan atau input yang menumpuk.
T01,5039,2020-08-18,OKEY-003,OKEY STICK 500 GR X 10 PACK,19.0,DUS,185000.0,3515000.0,EGI / PUTRI,2,temporal,info,Baris jatuh pada hari dengan omzet melonjak (z robust harian > 5),tandai,Periksa apakah hari itu memuat pesanan borongan atau input yang menumpuk.
T01,5040,2020-08-18,MIN-001,MINAKU OTAK OTAK 500 GR X 20 PACK,3.0,DUS,330000.0,990000.0,EGI / PUTRI,1,temporal,info,Baris jatuh pada hari dengan omzet melonjak (z robust harian > 5),tandai,Periksa apakah hari itu memuat pesanan borongan atau input yang menumpuk.
T01,5041,2020-08-18,DEN-007,DEN BAGUS BEBEK ISI 21 X 20 PACK,1.0,BAL,180000.0,180000.0,EGI / PUTRI,1,temporal,info,Baris jatuh pada hari dengan omzet melonjak (z robust harian > 5),tandai,Periksa apakah hari itu memuat pesanan borongan atau input yang menumpuk.
T01,5042,2020-08-18,CIR-008,PK BOLA BOLA CRISPY X 30 PACK,1.0,BAL,345000.0,345000.0,EGI / PUTRI,1,temporal,info,Baris jatuh pada hari dengan omzet melonjak (z robust harian > 5),tandai,Periksa apakah hari itu memuat pesanan borongan atau input yang menumpuk.
T01,5043,2020-08-18,JOF-001,JOFRANS SOSIS AYAM MADU 500 GR X 20 PACK,5.0,DUS,370000.0,1850000.0,ADEK FROZEN,1,temporal,info,Baris jatuh pada hari dengan omzet melonjak (z robust harian > 5),tandai,Periksa apakah hari itu memuat pesanan borongan atau input yang menumpuk.
T01,5044,2020-08-18,JOF-002,JOFRANS NUGGET AYAM REG. 500 GR X 12 PAK,5.0,DUS,222000.0,1110000.0,ADEK FROZEN,1,temporal,info,Baris jatuh pada hari dengan omzet melonjak (z robust harian > 5),tandai,Periksa apakah hari itu memuat pesanan borongan atau input yang menumpuk.
T01,5045,2020-08-18,JOF-024,JOFRANS NUGGET AYAM STICKY 500 GR X 12,5.0,DUS,222000.0,1110000.0,ADEK FROZEN,1,temporal,info,Baris jatuh pada hari dengan omzet melonjak (z robust harian > 5),tandai,Periksa apakah hari itu memuat pesanan borongan atau input yang menumpuk.
T01,5046,2020-08-18,JOF-023,JOFRANS NUGGET AYAM HATI 500 GR X 12 PAK,5.0,DUS,222000.0,1110000.0,ADEK FROZEN,1,temporal,info,Baris jatuh pada hari dengan omzet melonjak (z robust harian > 5),tandai,Periksa apakah hari itu memuat pesanan borongan atau input yang menumpuk.
T01,5047,2020-08-18,JOF-010,JOFRANS NUGGET AYAM HATI 1000 GR X 10,2.0,DUS,335000.0,670000.0,ADEK FROZEN,1,temporal,info,Baris jatuh pada hari dengan omzet melonjak (z robust harian > 5),tandai,Periksa apakah hari itu memuat pesanan borongan atau input yang menumpuk.
T01,5048,2020-08-18,JOF-003,JOFRANS SPICY WING 500 GR X 12 PACK,3.0,DUS,522000.0,1566000.0,ADEK FROZEN,1,temporal,info,Baris jatuh pada hari dengan omzet melonjak (z robust harian > 5),tandai,Periksa apakah hari itu memuat pesanan borongan atau input yang menumpuk.
T01,5049,2020-08-18,JOF-008,JOFRANS BASO SAPI 500 GR X 15 PACK,10.0,DUS,472500.0,4725000.0,ADEK FROZEN,1,temporal,info,Baris jatuh pada hari dengan omzet melonjak (z robust harian > 5),tandai,Periksa apakah hari itu memuat pesanan borongan atau input yang menumpuk.
T01,5050,2020-08-18,JOF-006,JOFRANS BASO AYAM 500 GR X 15 PACK,5.0,DUS,382500.0,1912500.0,ADEK FROZEN,1,temporal,info,Baris jatuh pada hari dengan omzet melonjak (z robust harian > 5),tandai,Periksa apakah hari itu memuat pesanan borongan atau input yang menumpuk.
T01,5051,2020-08-18,MIN-013,MINAKU BOLA LOBSTER 500 GR X 10 PACK,2.0,DUS,240000.0,480000.0,ADEK FROZEN,1,temporal,info,Baris jatuh pada hari dengan omzet melonjak (z robust harian > 5),tandai,Periksa apakah hari itu memuat pesanan borongan atau input yang menumpuk.
T01,5052,2020-08-18,MIN-014,MINAKU BOLA KEPITING 500 GR X 10 PACK,2.0,DUS,240000.0,480000.0,ADEK FROZEN,1,temporal,info,Baris jatuh pada hari dengan omzet melonjak (z robust harian > 5),tandai,Periksa apakah hari itu memuat pesanan borongan atau input yang menumpuk.
T01,5053,2020-08-18,MIN-011,MINAKU BOLA UDANG 500 GR X 10 PACK,1.0,DUS,240000.0,240000.0,ADEK FROZEN,1,temporal,info,Baris jatuh pada hari dengan omzet melonjak (z robust harian > 5),tandai,Periksa apakah hari itu memuat pesanan borongan atau input yang menumpuk.
T01,5054,2020-08-18,MIN-015,MINAKU BOLA CUMI 500 GR X 10 PACK,1.0,DUS,240000.0,240000.0,ADEK FROZEN,1,temporal,info,Baris jatuh pada hari dengan omzet melonjak (z robust harian > 5),tandai,Periksa apakah hari itu memuat pesanan borongan atau input yang menumpuk.
T01,5055,2020-08-18,MIN-016,MINAKU KENTANG 7X7 500 GR X 20 PACK,8.0,DUS,290000.0,2320000.0,ADEK FROZEN,1,temporal,info,Baris jatuh pada hari dengan omzet melonjak (z robust harian > 5),tandai,Periksa apakah hari itu memuat pesanan borongan atau input yang menumpuk.
T01,5056,2020-08-18,MIN-001,MINAKU OTAK OTAK 500 GR X 20 PACK,20.0,DUS,310000.0,6200000.0,ADEK FROZEN,1,temporal,info,Baris jatuh pada hari dengan omzet melonjak (z robust harian > 5),tandai,Periksa apakah hari itu memuat pesanan borongan atau input yang menumpuk.
T01,5057,2020-08-18,BONJU-001,BONJU CIRENG SALJU KUAH RUJAK,50.0,PACK,17500.0,875000.0,ADEK FROZEN,1,temporal,info,Baris jatuh pada hari dengan omzet melonjak (z robust harian > 5),tandai,Periksa apakah hari itu memuat pesanan borongan atau input yang menumpuk.
T01,5058,2020-08-18,SUKI-001,MITRAKU SUKI TOMYAM,30.0,PCS,17000.0,510000.0,ADEK FROZEN,2,temporal,info,Baris jatuh pada hari dengan omzet melonjak (z robust harian > 5),tandai,Periksa apakah hari itu memuat pesanan borongan atau input yang menumpuk.
T01,5059,2020-08-18,MIT-012,MITRAKU FISH TOFU 500 GR X 20 PACK,3.0,DUS,498000.0,1494000.0,ADEK FROZEN,1,temporal,info,Baris jatuh pada hari dengan omzet melonjak (z robust harian > 5),tandai,Periksa apakah hari itu memuat pesanan borongan atau input yang menumpuk.
T01,5060,2020-08-18,JOF-027,JOFRANS BURGER AYAM (PATTIES) 900GR X 12,1.0,DUS,480000.0,480000.0,ADEK FROZEN,1,temporal,info,Baris jatuh pada hari dengan omzet melonjak (z robust harian > 5),tandai,Periksa apakah hari itu memuat pesanan borongan atau input yang menumpuk.
T01,5061,2020-08-18,JOF-009,JOFRANS BURGER SAPI (PATTIES) 900GR X 12,1.0,DUS,576000.0,576000.0,ADEK FROZEN,1,temporal,info,Baris jatuh pada hari dengan omzet melonjak (z robust harian > 5),tandai,Periksa apakah hari itu memuat pesanan borongan atau input yang menumpuk.
T01,5062,2020-08-18,SHIF-005,SHIFUDO CHIKUWA 500 GR X 16 PACK,20.0,DUS,384000.0,7680000.0,ADEK FROZEN,2,temporal,info,Baris jatuh pada hari dengan omzet melonjak (z robust harian > 5),tandai,Periksa apakah hari itu memuat pesanan borongan atau input yang menumpuk.
T01,5063,2020-08-18,DEN-003,DEN BAGUS AYAM ISI 13 X 50 PACK,1.0,BAL,250000.0,250000.0,ADEK FROZEN,1,temporal,info,Baris jatuh pada hari dengan omzet melonjak (z robust harian > 5),tandai,Periksa apakah hari itu memuat pesanan borongan atau input yang menumpuk.
T01,5064,2020-08-18,DEN-013,DEN BAGUS BUNGA ISI 13 X 50 PACK,1.0,BAL,250000.0,250000.0,ADEK FROZEN,1,temporal,info,Baris jatuh pada hari dengan omzet melonjak (z robust harian > 5),tandai,Periksa apakah hari itu memuat pesanan borongan atau input yang menumpuk.
T01,5065,2020-08-18,JUR-002,JURAGAN SOSIS SAPI BAKAR ORI 500 GR X 20,2.0,DUS,550000.0,1100000.0,ADEK FROZEN,2,temporal,info,Baris jatuh pada hari dengan omzet melonjak (z robust harian > 5),tandai,Periksa apakah hari itu memuat pesanan borongan atau input yang menumpuk.
T01,5066,2020-08-18,BESTO-002,BESTO BRATWURST BAKAR ORI 500 GRX20 PAK,2.0,DUS,600000.0,1200000.0,ADEK FROZEN,2,temporal,info,Baris jatuh pada hari dengan omzet melonjak (z robust harian > 5),tandai,Periksa apakah hari itu memuat pesanan borongan atau input yang menumpuk.
T01,5067,2020-08-18,BLF-017,BELFOODS AYAM GORENG RENYAH PDS 500GRX12,5.0,DUS,472800.0,2364000.0,ADEK FROZEN,1,temporal,info,Baris jatuh pada hari dengan omzet melonjak (z robust harian > 5),tandai,Periksa apakah hari itu memuat pesanan borongan atau input yang menumpuk.
T01,5068,2020-08-18,BLF-016,BELFOODS FAV.AYAM GORENG RENYAH 500GRX12,5.0,DUS,436800.0,2184000.0,ADEK FROZEN,2,temporal,info,Baris jatuh pada hari dengan omzet melonjak (z robust harian > 5),tandai,Periksa apakah hari itu memuat pesanan borongan atau input yang menumpuk.
T01,5069,2020-08-18,CHOP-001,CHOP BURGER SAPI ISI 10 250GR X 24 PACK,1.0,DUS,216000.0,216000.0,ADEK FROZEN,1,temporal,info,Baris jatuh pada hari dengan omzet melonjak (z robust harian > 5),tandai,Periksa apakah hari itu memuat pesanan borongan atau input yang menumpuk.
T01,5070,2020-08-18,BAKSO-004,ILM SUKOI 500 GR,30.0,PACK,13000.0,390000.0,RUMAH SOSIS,1,temporal,info,Baris jatuh pada hari dengan omzet melonjak (z robust harian > 5),tandai,Periksa apakah hari itu memuat pesanan borongan atau input yang menumpuk.
T01,5071,2020-08-18,CHOP-001,CHOP BURGER SAPI ISI 10 250GR X 24 PACK,3.0,DUS,204000.0,612000.0,RUMAH SOSIS,1,temporal,info,Baris jatuh pada hari dengan omzet melonjak (z robust harian > 5),tandai,Periksa apakah hari itu memuat pesanan borongan atau input yang menumpuk.
T01,5072,2020-08-18,CHOP-002,CHOP BURGER SAPI ISI 20 280GR X 25 PACK,5.0,DUS,267500.0,1337500.0,RUMAH SOSIS,1,temporal,info,Baris jatuh pada hari dengan omzet melonjak (z robust harian > 5),tandai,Periksa apakah hari itu memuat pesanan borongan atau input yang menumpuk.
T01,5073,2020-08-18,IJABAH-002,IJABAH KULIT PANSIT BIRU,30.0,PACK,7750.0,232500.0,RUMAH SOSIS,1,temporal,info,Baris jatuh pada hari dengan omzet melonjak (z robust harian > 5),tandai,Periksa apakah hari itu memuat pesanan borongan atau input yang menumpuk.
T01,5074,2020-08-18,IJABAH-003,IJABAH KILIT PANSIT MERAH,15.0,PACK,10300.0,154500.0,RUMAH SOSIS,1,temporal,info,Baris jatuh pada hari dengan omzet melonjak (z robust harian > 5),tandai,Periksa apakah hari itu memuat pesanan borongan atau input yang menumpuk.
T01,5075,2020-08-18,MIN-001,MINAKU OTAK OTAK 500 GR X 20 PACK,15.0,DUS,316000.0,4740000.0,RUMAH SOSIS,1,temporal,info,Baris jatuh pada hari dengan omzet melonjak (z robust harian > 5),tandai,Periksa apakah hari itu memuat pesanan borongan atau input yang menumpuk.
T01,5076,2020-08-18,TORTILA-002,TORTILA SEDANG,20.0,PACK,27250.0,545000.0,RUMAH SOSIS,1,temporal,info,Baris jatuh pada hari dengan omzet melonjak (z robust harian > 5),tandai,Periksa apakah hari itu memuat pesanan borongan atau input yang menumpuk.
T01,5077,2020-08-18,INDO-001,INDOESKRIM 8 LTR COKLAT,1.0,PAIL,150000.0,150000.0,RUMAH SOSIS,1,temporal,info,Baris jatuh pada hari dengan omzet melonjak (z robust harian > 5),tandai,Periksa apakah hari itu memuat pesanan borongan atau input yang menumpuk.
T01,5078,2020-08-18,JOF-023,JOFRANS NUGGET AYAM HATI 500 GR X 12 PAK,10.0,DUS,207000.0,2070000.0,ANTON,1,temporal,info,Baris jatuh pada hari dengan omzet melonjak (z robust harian > 5),tandai,Periksa apakah hari itu memuat pesanan borongan atau input yang menumpuk.
T01,5079,2020-08-18,JOF-011,JOFRANS SOSIS BRATW (ORI) 500 GR X 12,5.0,DUS,330000.0,1650000.0,ANTON,2,temporal,info,Baris jatuh pada hari dengan omzet melonjak (z robust harian > 5),tandai,Periksa apakah hari itu memuat pesanan borongan atau input yang menumpuk.
T01,5080,2020-08-18,DEN-007,DEN BAGUS BEBEK ISI 21 X 20 PACK,5.0,BAL,174000.0,870000.0,ANTON,1,temporal,info,Baris jatuh pada hari dengan omzet melonjak (z robust harian > 5),tandai,Periksa apakah hari itu memuat pesanan borongan atau input yang menumpuk.
T01,5081,2020-08-18,JOF-003,JOFRANS SPICY WING 500 GR X 12 PACK,3.0,DUS,510000.0,1530000.0,ANTON,1,temporal,info,Baris jatuh pada hari dengan omzet melonjak (z robust harian > 5),tandai,Periksa apakah hari itu memuat pesanan borongan atau input yang menumpuk.
T01,5082,2020-08-18,SHIF-005,SHIFUDO CHIKUWA 500 GR X 16 PACK,10.0,DUS,368000.0,3680000.0,ANTON,2,temporal,info,Baris jatuh pada hari dengan omzet melonjak (z robust harian > 5),tandai,Periksa apakah hari itu memuat pesanan borongan atau input yang menumpuk.
T01,5083,2020-08-18,BAK-002,BAKSO MIE X 40 PACK,400.0,PACK,9000.0,3600000.0,ANTON,2,temporal,info,Baris jatuh pada hari dengan omzet melonjak (z robust harian > 5),tandai,Periksa apakah hari itu memuat pesanan borongan atau input yang menumpuk.
T01,5084,2020-08-18,SUN-004,SUNFISH CHIKUWA MINI 500 GR X 12,5.0,DUS,279600.0,1398000.0,ANTON,1,temporal,info,Baris jatuh pada hari dengan omzet melonjak (z robust harian > 5),tandai,Periksa apakah hari itu memuat pesanan borongan atau input yang menumpuk.
T01,5085,2020-08-18,SUN-003,SUNFISH OTAK OTAK ISI 40 500 GR X 12,5.0,DUS,206400.0,1032000.0,ANTON,2,temporal,info,Baris jatuh pada hari dengan omzet melonjak (z robust harian > 5),tandai,Periksa apakah hari itu memuat pesanan borongan atau input yang menumpuk.
T01,5086,2020-08-18,SUN-006,SUNFISH DUMPLING CHEESE 500 GR X 12 PACK,3.0,DUS,276000.0,828000.0,ANTON,1,temporal,info,Baris jatuh pada hari dengan omzet melonjak (z robust harian > 5),tandai,Periksa apakah hari itu memuat pesanan borongan atau input yang menumpuk.
T01,5087,2020-08-18,SUN-002,SUNFISH FISH SOY 500 GR X 12 PACK,2.0,DUS,206400.0,412800.0,ANTON,1,temporal,info,Baris jatuh pada hari dengan omzet melonjak (z robust harian > 5),tandai,Periksa apakah hari itu memuat pesanan borongan atau input yang menumpuk.
T01,5088,2020-08-18,SINGKONG-001,SINGKONG KEJU 500 GR,125.0,PACK,8750.0,1093750.0,ANTON,2,temporal,info,Baris jatuh pada hari dengan omzet melonjak (z robust harian > 5),tandai,Periksa apakah hari itu memuat pesanan borongan atau input yang menumpuk.
T01,5089,2020-08-18,BF-010,BF MINI WONTON 350 GR X 18 PACK,3.0,DUS,660600.0,1981800.0,ANTON,1,temporal,info,Baris jatuh pada hari dengan omzet melonjak (z robust harian > 5),tandai,Periksa apakah hari itu memuat pesanan borongan atau input yang menumpuk.
T01,5090,2020-08-18,DORI-002,DORI FILLET NBL SIZE 3 1 KG X 10 PACK,20.0,DUS,460000.0,9200000.0,ANTON,1,temporal,info,Baris jatuh pada hari dengan omzet melonjak (z robust harian > 5),tandai,Periksa apakah hari itu memuat pesanan borongan atau input yang menumpuk.
T01,5091,2020-08-18,MIN-001,MINAKU OTAK OTAK 500 GR X 20 PACK,20.0,DUS,310000.0,6200000.0,FIRDON,1,temporal,info,Baris jatuh pada hari dengan omzet melonjak (z robust harian > 5),tandai,Periksa apakah hari itu memuat pesanan borongan atau input yang menumpuk.
T01,5092,2020-08-18,MIN-001,MINAKU OTAK OTAK 500 GR X 20 PACK,2.0,DUS,310000.0,620000.0,ADEK FROZEN,1,temporal,info,Baris jatuh pada hari dengan omzet melonjak (z robust harian > 5),tandai,Periksa apakah hari itu memuat pesanan borongan atau input yang menumpuk.
T01,5093,2020-08-18,JOF-003,JOFRANS SPICY WING 500 GR X 12 PACK,1.0,DUS,522000.0,522000.0,ADEK FROZEN,1,temporal,info,Baris jatuh pada hari dengan omzet melonjak (z robust harian > 5),tandai,Periksa apakah hari itu memuat pesanan borongan atau input yang menumpuk.
T01,5094,2020-08-18,JOF-001,JOFRANS SOSIS AYAM MADU 500 GR X 20 PACK,1.0,DUS,370000.0,370000.0,ADEK FROZEN,1,temporal,info,Baris jatuh pada hari dengan omzet melonjak (z robust harian > 5),tandai,Periksa apakah hari itu memuat pesanan borongan atau input yang menumpuk.
T01,5095,2020-08-18,BART-001,BART'S SHOESTRING 2.5 KG X 4 PACK,1.0,DUS,240000.0,240000.0,ADEK FROZEN,1,temporal,info,Baris jatuh pada hari dengan omzet melonjak (z robust harian > 5),tandai,Periksa apakah hari itu memuat pesanan borongan atau input yang menumpuk.
T01,5096,2020-08-18,MIN-020,MINAKU CRAB STIK 1 KG X 6 PACK,1.0,DUS,254400.0,254400.0,ADEK FROZEN,1,temporal,info,Baris jatuh pada hari dengan omzet melonjak (z robust harian > 5),tandai,Periksa apakah hari itu memuat pesanan borongan atau input yang menumpuk.
T01,5097,2020-08-18,SUN-004,SUNFISH CHIKUWA MINI 500 GR X 12,1.0,DUS,288000.0,288000.0,ADEK FROZEN,1,temporal,info,Baris jatuh pada hari dengan omzet melonjak (z robust harian > 5),tandai,Periksa apakah hari itu memuat pesanan borongan atau input yang menumpuk.
T01,5098,2020-08-18,BART-001,BART'S SHOESTRING 2.5 KG X 4 PACK,10.0,DUS,250000.0,2500000.0,PT. DINAMIKA BUAH N.,1,temporal,info,Baris jatuh pada hari dengan omzet melonjak (z robust harian > 5),tandai,Periksa apakah hari itu memuat pesanan borongan atau input yang menumpuk.
T01,5099,2020-08-18,MI-003,MIAMI 8 LTR NEAPOLITAN,1.0,PAIL,125000.0,125000.0,MIAMI - PAK ERI,1,temporal,info,Baris jatuh pada hari dengan omzet melonjak (z robust harian > 5),tandai,Periksa apakah hari itu memuat pesanan borongan atau input yang menumpuk.
T01,5100,2020-08-18,BONJU-001,BONJU CIRENG SALJU KUAH RUJAK,10.0,PACK,15000.0,150000.0,AMANAH FROZEN,1,temporal,info,Baris jatuh pada hari dengan omzet melonjak (z robust harian > 5),tandai,Periksa apakah hari itu memuat pesanan borongan atau input yang menumpuk.
T01,5101,2020-08-18,SAKANA-001,SAKANA SIOMAY 500 GR,3.0,PACK,24000.0,72000.0,AMANAH FROZEN,1,temporal,info,Baris jatuh pada hari dengan omzet melonjak (z robust harian > 5),tandai,Periksa apakah hari itu memuat pesanan borongan atau input yang menumpuk.
T01,5102,2020-08-18,SAKANA-002,SAKANA SIOMAY MINI 250 GR,2.0,PACK,16000.0,32000.0,AMANAH FROZEN,1,temporal,info,Baris jatuh pada hari dengan omzet melonjak (z robust harian > 5),tandai,Periksa apakah hari itu memuat pesanan borongan atau input yang menumpuk.
T01,5103,2020-08-18,JOF-024,JOFRANS NUGGET AYAM STICKY 500 GR X 12,6.0,PACK,17500.0,105000.0,AMANAH FROZEN,1,temporal,info,Baris jatuh pada hari dengan omzet melonjak (z robust harian > 5),tandai,Periksa apakah hari itu memuat pesanan borongan atau input yang menumpuk.
T01,5104,2020-08-18,BLF-001,BELFOODS SOSIS AYAM 500 GR X 12 PACK,3.0,PACK,15500.0,46500.0,AMANAH FROZEN,1,temporal,info,Baris jatuh pada hari dengan omzet melonjak (z robust harian > 5),tandai,Periksa apakah hari itu memuat pesanan borongan atau input yang menumpuk.
T01,5105,2020-08-18,MI-004,MIAMI 8 LTR CHOCOLATE,1.0,PAIL,120000.0,120000.0,AMANAH FROZEN,1,temporal,info,Baris jatuh pada hari dengan omzet melonjak (z robust harian > 5),tandai,Periksa apakah hari itu memuat pesanan borongan atau input yang menumpuk.
T01,5106,2020-08-18,JOF-002,JOFRANS NUGGET AYAM REG. 500 GR X 12 PAK,2.0,PACK,17500.0,35000.0,AMANAH FROZEN,1,temporal,info,Baris jatuh pada hari dengan omzet melonjak (z robust harian > 5),tandai,Periksa apakah hari itu memuat pesanan borongan atau input yang menumpuk.
T01,5107,2020-08-18,OKEY-002,OKEY SOSIS 1000 GR X 10 PACK,1.0,PACK,34000.0,34000.0,AMANAH FROZEN,1,temporal,info,Baris jatuh pada hari dengan omzet melonjak (z robust harian > 5),tandai,Periksa apakah hari itu memuat pesanan borongan atau input yang menumpuk.
T01,5108,2020-08-18,BART-001,BART'S SHOESTRING 2.5 KG X 4 PACK,2.0,DUS,260000.0,520000.0,INDAH CAFE,1,temporal,info,Baris jatuh pada hari dengan omzet melonjak (z robust harian > 5),tandai,Periksa apakah hari itu memuat pesanan borongan atau input yang menumpuk.
T01,5109,2020-08-18,MANTUL-001,MANTUL BAKSO IKAN 500 GR X 20 PACK,10.0,PACK,18000.0,180000.0,INDAH CAFE,1,temporal,info,Baris jatuh pada hari dengan omzet melonjak (z robust harian > 5),tandai,Periksa apakah hari itu memuat pesanan borongan atau input yang menumpuk.
T01,5110,2020-08-18,OKEY-004,OKEY STICK 1000 GR X 5 PACK,1.0,DUS,180000.0,180000.0,INDAH CAFE,1,temporal,info,Baris jatuh pada hari dengan omzet melonjak (z robust harian > 5),tandai,Periksa apakah hari itu memuat pesanan borongan atau input yang menumpuk.
T01,5111,2020-08-18,OKEY-001,OKEY SOSIS 500 GR X 20 PACK,10.0,PACK,18250.0,182500.0,INDAH CAFE,1,temporal,info,Baris jatuh pada hari dengan omzet melonjak (z robust harian > 5),tandai,Periksa apakah hari itu memuat pesanan borongan atau input yang menumpuk.
T01,5112,2020-08-18,CHA-006,CHAMP BASO 500 GR X 10 PACK,5.0,PACK,22000.0,110000.0,INDAH CAFE,1,temporal,info,Baris jatuh pada hari dengan omzet melonjak (z robust harian > 5),tandai,Periksa apakah hari itu memuat pesanan borongan atau input yang menumpuk.
T01,5113,2020-08-18,KANZ-002,KANZLER SINGLES KEJU MINI 1 PAC X 12 PCS,4.0,PACK,95000.0,380000.0,TOKO CITA RASA BARU,2,temporal,info,Baris jatuh pada hari dengan omzet melonjak (z robust harian > 5),tandai,Periksa apakah hari itu memuat pesanan borongan atau input yang menumpuk.
T01,5114,2020-08-18,KANZ-003,KANZLER SINGLES MINI 1 PAC X 12 PCS,4.0,PACK,95000.0,380000.0,TOKO CITA RASA BARU,1,temporal,info,Baris jatuh pada hari dengan omzet melonjak (z robust harian > 5),tandai,Periksa apakah hari itu memuat pesanan borongan atau input yang menumpuk.
T01,5115,2020-08-18,EURO-003,EURO GOURMET BBQ SAUCE 500 GR X 24,20.0,PCS,19000.0,380000.0,TOKO CITA RASA BARU,1,temporal,info,Baris jatuh pada hari dengan omzet melonjak (z robust harian > 5),tandai,Periksa apakah hari itu memuat pesanan borongan atau input yang menumpuk.
T01,5116,2020-08-18,EURO-005,EURO GOURMET EXTRA PEDAS 1000 GR X 12,12.0,PCS,14500.0,174000.0,TOKO CITA RASA BARU,1,temporal,info,Baris jatuh pada hari dengan omzet melonjak (z robust harian > 5),tandai,Periksa apakah hari itu memuat pesanan borongan atau input yang menumpuk.
T01,5117,2020-08-18,CIR-008,PK BOLA BOLA CRISPY X 30 PACK,2.0,BAL,300000.0,600000.0,TOKO CITA RASA BARU,1,temporal,info,Baris jatuh pada hari dengan omzet melonjak (z robust harian > 5),tandai,Periksa apakah hari itu memuat pesanan borongan atau input yang menumpuk.
T01,5118,2020-08-18,TORTILA-001,TORTILA KECIL,20.0,PACK,24500.0,490000.0,TOKO CITA RASA BARU,2,temporal,info,Baris jatuh pada hari dengan omzet melonjak (z robust harian > 5),tandai,Periksa apakah hari itu memuat pesanan borongan atau input yang menumpuk.
T01,5119,2020-08-18,TORTILA-002,TORTILA SEDANG,20.0,PACK,25500.0,510000.0,TOKO CITA RASA BARU,1,temporal,info,Baris jatuh pada hari dengan omzet melonjak (z robust harian > 5),tandai,Periksa apakah hari itu memuat pesanan borongan atau input yang menumpuk.
T01,5120,2020-08-18,CHOP-002,CHOP BURGER SAPI ISI 20 280GR X 25 PACK,4.0,DUS,220000.0,880000.0,TOKO CITA RASA BARU,1,temporal,info,Baris jatuh pada hari dengan omzet melonjak (z robust harian > 5),tandai,Periksa apakah hari itu memuat pesanan borongan atau input yang menumpuk.
T01,5121,2020-08-18,SUN-003,SUNFISH OTAK OTAK ISI 40 500 GR X 12,2.0,DUS,210000.0,420000.0,TOKO CITA RASA BARU,2,temporal,info,Baris jatuh pada hari dengan omzet melonjak (z robust harian > 5),tandai,Periksa apakah hari itu memuat pesanan borongan atau input yang menumpuk.
T01,5122,2020-08-18,WEI-001,WEI WANG COKLAT X 12 PACK,4.0,DUS,160000.0,640000.0,TOKO CITA RASA BARU,2,temporal,info,Baris jatuh pada hari dengan omzet melonjak (z robust harian > 5),tandai,Periksa apakah hari itu memuat pesanan borongan atau input yang menumpuk.
T01,5123,2020-08-18,CIR-002,PK TAHU KRIYUK X 30 PACK,1.0,BAL,300000.0,300000.0,TOKO CITA RASA BARU,1,temporal,info,Baris jatuh pada hari dengan omzet melonjak (z robust harian > 5),tandai,Periksa apakah hari itu memuat pesanan borongan atau input yang menumpuk.
T01,5124,2020-08-18,BLF-002,BELFOODS SOSIS AYAM 1000 GR X 6 PACK,10.0,DUS,183000.0,1830000.0,YUKABI,1,temporal,info,Baris jatuh pada hari dengan omzet melonjak (z robust harian > 5),tandai,Periksa apakah hari itu memuat pesanan borongan atau input yang menumpuk.
T01,5125,2020-08-18,BAKSO-004,ILM SUKOI 500 GR,40.0,PACK,13000.0,520000.0,YUKABI,1,temporal,info,Baris jatuh pada hari dengan omzet melonjak (z robust harian > 5),tandai,Periksa apakah hari itu memuat pesanan borongan atau input yang menumpuk.
T01,5126,2020-08-18,BAKSO-002,ILM BAKSO BINTANG 250 GR,40.0,PACK,11500.0,460000.0,YUKABI,2,temporal,info,Baris jatuh pada hari dengan omzet melonjak (z robust harian > 5),tandai,Periksa apakah hari itu memuat pesanan borongan atau input yang menumpuk.
T01,5127,2020-08-18,MIN-001,MINAKU OTAK OTAK 500 GR X 20 PACK,1.0,DUS,360000.0,360000.0,UD. SARI MINANG,1,temporal,info,Baris jatuh pada hari dengan omzet melonjak (z robust harian > 5),tandai,Periksa apakah hari itu memuat pesanan borongan atau input yang menumpuk.
T01,5128,2020-08-18,JOF-022,JOFRANS NUGGET AYAM REG. 225 GR X 24 PAK,1.0,DUS,240000.0,240000.0,UD. SARI MINANG,1,temporal,info,Baris jatuh pada hari dengan omzet melonjak (z robust harian > 5),tandai,Periksa apakah hari itu memuat pesanan borongan atau input yang menumpuk.
T01,5129,2020-08-18,JOF-002,JOFRANS NUGGET AYAM REG. 500 GR X 12 PAK,1.0,DUS,216000.0,216000.0,UD. SARI MINANG,1,temporal,info,Baris jatuh pada hari dengan omzet melonjak (z robust harian > 5),tandai,Periksa apakah hari itu memuat pesanan borongan atau input yang menumpuk.
T01,5130,2020-08-18,BLF-001,BELFOODS SOSIS AYAM 500 GR X 12 PACK,1.0,DUS,204000.0,204000.0,UD. SARI MINANG,1,temporal,info,Baris jatuh pada hari dengan omzet melonjak (z robust harian > 5),tandai,Periksa apakah hari itu memuat pesanan borongan atau input yang menumpuk.
T01,5131,2020-08-18,WEI-001,WEI WANG COKLAT X 12 PACK,7.0,PACK,16000.0,112000.0,UD. SARI MINANG,2,temporal,info,Baris jatuh pada hari dengan omzet melonjak (z robust harian > 5),tandai,Periksa apakah hari itu memuat pesanan borongan atau input yang menumpuk.
T01,5132,2020-08-18,OKEY-001,OKEY SOSIS 500 GR X 20 PACK,10.0,DUS,340000.0,3400000.0,ARIS FOOD,1,temporal,info,Baris jatuh pada hari dengan omzet melonjak (z robust harian > 5),tandai,Periksa apakah hari itu memuat pesanan borongan atau input yang menumpuk.
T01,5133,2020-08-18,BART-002,BART'S SHOESTRING 1 KG X 10 PACK,2.0,DUS,250000.0,500000.0,ARIS FOOD,1,temporal,info,Baris jatuh pada hari dengan omzet melonjak (z robust harian > 5),tandai,Periksa apakah hari itu memuat pesanan borongan atau input yang menumpuk.
T01,5134,2020-08-18,OKEY-001,OKEY SOSIS 500 GR X 20 PACK,3.0,DUS,340000.0,1020000.0,HITE,1,temporal,info,Baris jatuh pada hari dengan omzet melonjak (z robust harian > 5),tandai,Periksa apakah hari itu memuat pesanan borongan atau input yang menumpuk.
T01,5135,2020-08-18,OKEY-002,OKEY SOSIS 1000 GR X 10 PACK,40.0,DUS,330000.0,13200000.0,HITE,2,temporal,info,Baris jatuh pada hari dengan omzet melonjak (z robust harian > 5),tandai,Periksa apakah hari itu memuat pesanan borongan atau input yang menumpuk.
T01,5136,2020-08-18,OKEY-004,OKEY STICK 1000 GR X 5 PACK,10.0,DUS,185000.0,1800000.0,HITE,2,temporal,info,Baris jatuh pada hari dengan omzet melonjak (z robust harian > 5),tandai,Periksa apakah hari itu memuat pesanan borongan atau input yang menumpuk.
T01,5137,2020-08-18,JOF-024,JOFRANS NUGGET AYAM STICKY 500 GR X 12,10.0,DUS,210000.0,2100000.0,HITE,1,temporal,info,Baris jatuh pada hari dengan omzet melonjak (z robust harian > 5),tandai,Periksa apakah hari itu memuat pesanan borongan atau input yang menumpuk.
T01,5138,2020-08-18,MIN-001,MINAKU OTAK OTAK 500 GR X 20 PACK,1.0,DUS,320000.0,320000.0,HITE,1,temporal,info,Baris jatuh pada hari dengan omzet melonjak (z robust harian > 5),tandai,Periksa apakah hari itu memuat pesanan borongan atau input yang menumpuk.
T01,5139,2020-08-18,CHOP-001,CHOP BURGER SAPI ISI 10 250GR X 24 PACK,21.0,PACK,8000.0,168000.0,ANJANI FROZEN FOOD,2,temporal,info,Baris jatuh pada hari dengan omzet melonjak (z robust harian > 5),tandai,Periksa apakah hari itu memuat pesanan borongan atau input yang menumpuk.
T01,5140,2020-08-18,JOF-010,JOFRANS NUGGET AYAM HATI 1000 GR X 10,1.0,DUS,335000.0,335000.0,ANJANI FROZEN FOOD,1,temporal,info,Baris jatuh pada hari dengan omzet melonjak (z robust harian > 5),tandai,Periksa apakah hari itu memuat pesanan borongan atau input yang menumpuk.
T01,5141,2020-08-18,SHIF-002,SHIFUDO BAKSO UDANG 500 GR X 20 PACK,3.0,DUS,363580.0,1090740.0,ANJANI FROZEN FOOD,1,temporal,info,Baris jatuh pada hari dengan omzet melonjak (z robust harian > 5),tandai,Periksa apakah hari itu memuat pesanan borongan atau input yang menumpuk.
D01,225,2020-04-06,CHA-006,CHAMP BASO 500 GR X 10 PACK,1.0,DUS,220000.0,220000.0,TOKO DENIS,5,duplikasi,kritis,Duplikat persis (kemunculan ke-2 dan seterusnya),keluarkan,Hapus salinan berlebih; pertahankan kemunculan pertama.
D01,530,2020-04-16,MI-003,MIAMI 8 LTR NEAPOLITAN,1.0,PAIL,125000.0,125000.0,CASH,5,duplikasi,kritis,Duplikat persis (kemunculan ke-2 dan seterusnya),keluarkan,Hapus salinan berlebih; pertahankan kemunculan pertama.
D01,645,2020-04-18,CONE-005,CONE TP 17 ISI 20 ( SEDANG ),2.0,BKS,5000.0,10000.0,CASH,5,duplikasi,kritis,Duplikat persis (kemunculan ke-2 dan seterusnya),keluarkan,Hapus salinan berlebih; pertahankan kemunculan pertama.
D01,658,2020-04-20,MI-003,MIAMI 8 LTR NEAPOLITAN,1.0,PAIL,125000.0,125000.0,CASH,5,duplikasi,kritis,Duplikat persis (kemunculan ke-2 dan seterusnya),keluarkan,Hapus salinan berlebih; pertahankan kemunculan pertama.
D01,689,2020-04-20,MI-003,MIAMI 8 LTR NEAPOLITAN,1.0,PAIL,125000.0,125000.0,CASH,5,duplikasi,kritis,Duplikat persis (kemunculan ke-2 dan seterusnya),keluarkan,Hapus salinan berlebih; pertahankan kemunculan pertama.
D01,765,2020-04-23,LUTOSA-003,LUTOSA SHOESTRING 500 GR X 20 PACK,1.0,DUS,280000.0,280000.0,KIKI TORA,5,duplikasi,kritis,Duplikat persis (kemunculan ke-2 dan seterusnya),keluarkan,Hapus salinan berlebih; pertahankan kemunculan pertama.
D01,853,2020-04-24,JOF-023,JOFRANS NUGGET AYAM HATI 500 GR X 12 PAK,1.0,DUS,210000.0,210000.0,KIKI TORA,5,duplikasi,kritis,Duplikat persis (kemunculan ke-2 dan seterusnya),keluarkan,Hapus salinan berlebih; pertahankan kemunculan pertama.
D01,911,2020-04-28,JOF-023,JOFRANS NUGGET AYAM HATI 500 GR X 12 PAK,24.0,PACK,17500.0,420000.0,OKE MART,5,duplikasi,kritis,Duplikat persis (kemunculan ke-2 dan seterusnya),keluarkan,Hapus salinan berlebih; pertahankan kemunculan pertama.
D01,913,2020-04-28,JOF-013,JOFRANS SOSIS AYAM 360 GR X 24 PACK,12.0,PACK,12500.0,150000.0,OKE MART,5,duplikasi,kritis,Duplikat persis (kemunculan ke-2 dan seterusnya),keluarkan,Hapus salinan berlebih; pertahankan kemunculan pertama.
D01,914,2020-04-28,JOF-002,JOFRANS NUGGET AYAM REG. 500 GR X 12 PAK,24.0,PACK,17500.0,420000.0,OKE MART,5,duplikasi,kritis,Duplikat persis (kemunculan ke-2 dan seterusnya),keluarkan,Hapus salinan berlebih; pertahankan kemunculan pertama.
D01,916,2020-04-28,JOF-008,JOFRANS BASO SAPI 500 GR X 15 PACK,15.0,PACK,30500.0,457500.0,OKE MART,5,duplikasi,kritis,Duplikat persis (kemunculan ke-2 dan seterusnya),keluarkan,Hapus salinan berlebih; pertahankan kemunculan pertama.
D01,917,2020-04-28,CHA-006,CHAMP BASO 500 GR X 10 PACK,5.0,PACK,22000.0,110000.0,OKE MART,5,duplikasi,kritis,Duplikat persis (kemunculan ke-2 dan seterusnya),keluarkan,Hapus salinan berlebih; pertahankan kemunculan pertama.
D01,918,2020-04-28,CHA-007,CHAMP BURGER 315 GR X 10 PACK,5.0,PACK,15500.0,77500.0,OKE MART,5,duplikasi,kritis,Duplikat persis (kemunculan ke-2 dan seterusnya),keluarkan,Hapus salinan berlebih; pertahankan kemunculan pertama.
D01,1117,2020-05-04,OKEY-001,OKEY SOSIS 500 GR X 20 PACK,2.0,DUS,380000.0,760000.0,ACHIKA JAYA,5,duplikasi,kritis,Duplikat persis (kemunculan ke-2 dan seterusnya),keluarkan,Hapus salinan berlebih; pertahankan kemunculan pertama.
D01,1118,2020-05-04,JOF-022,JOFRANS NUGGET AYAM REG. 225 GR X 24 PAK,1.0,DUS,240000.0,240000.0,ACHIKA JAYA,5,duplikasi,kritis,Duplikat persis (kemunculan ke-2 dan seterusnya),keluarkan,Hapus salinan berlebih; pertahankan kemunculan pertama.
D01,1136,2020-05-04,JOF-023,JOFRANS NUGGET AYAM HATI 500 GR X 12 PAK,1.0,PACK,17500.0,17500.0,FADIL ANAK BOS,5,duplikasi,kritis,Duplikat persis (kemunculan ke-2 dan seterusnya),keluarkan,Hapus salinan berlebih; pertahankan kemunculan pertama.
D01,1382,2020-05-12,OKEY-001,OKEY SOSIS 500 GR X 20 PACK,20.0,PACK,17000.0,340000.0,OKE MART,6,duplikasi,kritis,Duplikat persis (kemunculan ke-2 dan seterusnya),keluarkan,Hapus salinan berlebih; pertahankan kemunculan pertama.
D01,1472,2020-05-15,MI-003,MIAMI 8 LTR NEAPOLITAN,1.0,PAIL,120000.0,120000.0,SUCI,5,duplikasi,kritis,Duplikat persis (kemunculan ke-2 dan seterusnya),keluarkan,Hapus salinan berlebih; pertahankan kemunculan pertama.
D01,1605,2020-05-18,OKEY-003,OKEY STICK 500 GR X 10 PACK,2.0,DUS,185000.0,370000.0,MAK ITAM,5,duplikasi,kritis,Duplikat persis (kemunculan ke-2 dan seterusnya),keluarkan,Hapus salinan berlebih; pertahankan kemunculan pertama.
D01,1766,2020-05-27,MI-007,MIAMI 8 LTR,1.0,PAIL,120000.0,120000.0,SUCI,5,duplikasi,kritis,Duplikat persis (kemunculan ke-2 dan seterusnya),keluarkan,Hapus salinan berlebih; pertahankan kemunculan pertama.
D01,1778,2020-05-27,MI-007,MIAMI 8 LTR,1.0,PAIL,125000.0,125000.0,CASH,5,duplikasi,kritis,Duplikat persis (kemunculan ke-2 dan seterusnya),keluarkan,Hapus salinan berlebih; pertahankan kemunculan pertama.
D01,1798,2020-05-27,MI-007,MIAMI 8 LTR,1.0,PAIL,125000.0,125000.0,CASH,5,duplikasi,kritis,Duplikat persis (kemunculan ke-2 dan seterusnya),keluarkan,Hapus salinan berlebih; pertahankan kemunculan pertama.
D01,1938,2020-05-30,OKEY-003,OKEY STICK 500 GR X 10 PACK,2.0,PACK,19500.0,39000.0,CASH,5,duplikasi,kritis,Duplikat persis (kemunculan ke-2 dan seterusnya),keluarkan,Hapus salinan berlebih; pertahankan kemunculan pertama.
D01,1939,2020-05-30,BLF-002,BELFOODS SOSIS AYAM 1000 GR X 6 PACK,1.0,PACK,30000.0,30000.0,CASH,5,duplikasi,kritis,Duplikat persis (kemunculan ke-2 dan seterusnya),keluarkan,Hapus salinan berlebih; pertahankan kemunculan pertama.
D01,1941,2020-05-30,DEN-002,DEN BAGUS BINTANG ISI 13 X 50 PACK,2.0,PACK,6000.0,12000.0,CASH,5,duplikasi,kritis,Duplikat persis (kemunculan ke-2 dan seterusnya),keluarkan,Hapus salinan berlebih; pertahankan kemunculan pertama.
D01,1981,2020-05-30,MI-007,MIAMI 8 LTR,1.0,PAIL,120000.0,120000.0,SUCI,5,duplikasi,kritis,Duplikat persis (kemunculan ke-2 dan seterusnya),keluarkan,Hapus salinan berlebih; pertahankan kemunculan pertama.
D01,2135,2020-06-04,OKEY-001,OKEY SOSIS 500 GR X 20 PACK,10.0,PACK,19000.0,190000.0,PASAR MINI MD 2,5,duplikasi,kritis,Duplikat persis (kemunculan ke-2 dan seterusnya),keluarkan,Hapus salinan berlebih; pertahankan kemunculan pertama.
D01,2741,2020-06-20,BAK-001,BAKSO IKAN 1 KG X 20 PACK,2.0,PACK,16000.0,32000.0,CASH,5,duplikasi,kritis,Duplikat persis (kemunculan ke-2 dan seterusnya),keluarkan,Hapus salinan berlebih; pertahankan kemunculan pertama.
D01,2742,2020-06-20,BLF-002,BELFOODS SOSIS AYAM 1000 GR X 6 PACK,2.0,PACK,31000.0,62000.0,CASH,5,duplikasi,kritis,Duplikat persis (kemunculan ke-2 dan seterusnya),keluarkan,Hapus salinan berlebih; pertahankan kemunculan pertama.
D01,2787,2020-06-20,OKEY-004,OKEY STICK 1000 GR X 5 PACK,1.0,PACK,38000.0,38000.0,CASH,5,duplikasi,kritis,Duplikat persis (kemunculan ke-2 dan seterusnya),keluarkan,Hapus salinan berlebih; pertahankan kemunculan pertama.
D01,2851,2020-06-23,DEN-007,DEN BAGUS BEBEK ISI 21 X 20 PACK,10.0,PACK,9000.0,90000.0,SALES FANDI,5,duplikasi,kritis,Duplikat persis (kemunculan ke-2 dan seterusnya),keluarkan,Hapus salinan berlebih; pertahankan kemunculan pertama.
D01,2853,2020-06-23,PAKDEN-001,PAK DEN OTAK IKAN GORENG 500 GR,1.0,PACK,15000.0,15000.0,SALES FANDI,5,duplikasi,kritis,Duplikat persis (kemunculan ke-2 dan seterusnya),keluarkan,Hapus salinan berlebih; pertahankan kemunculan pertama.
D01,3022,2020-06-26,MIN-013,MINAKU BOLA LOBSTER 500 GR X 10 PACK,1.0,DUS,240000.0,240000.0,ADEK FROZEN,6,duplikasi,kritis,Duplikat persis (kemunculan ke-2 dan seterusnya),keluarkan,Hapus salinan berlebih; pertahankan kemunculan pertama.
D01,3085,2020-06-27,MIN-001,MINAKU OTAK OTAK 500 GR X 20 PACK,3.0,PACK,16000.0,48000.0,PAK ADEK,5,duplikasi,kritis,Duplikat persis (kemunculan ke-2 dan seterusnya),keluarkan,Hapus salinan berlebih; pertahankan kemunculan pertama.
D01,3093,2020-06-27,MIN-001,MINAKU OTAK OTAK 500 GR X 20 PACK,1.0,PACK,17000.0,17000.0,SALES FANDI,5,duplikasi,kritis,Duplikat persis (kemunculan ke-2 dan seterusnya),keluarkan,Hapus salinan berlebih; pertahankan kemunculan pertama.
D01,3100,2020-06-29,MI-003,MIAMI 8 LTR NEAPOLITAN,2.0,PAIL,120000.0,240000.0,SUCI,5,duplikasi,kritis,Duplikat persis (kemunculan ke-2 dan seterusnya),keluarkan,Hapus salinan berlebih; pertahankan kemunculan pertama.
D01,3336,2020-07-04,JOF-023,JOFRANS NUGGET AYAM HATI 500 GR X 12 PAK,1.0,PACK,17500.0,17500.0,FADIL ANAK BOS,5,duplikasi,kritis,Duplikat persis (kemunculan ke-2 dan seterusnya),keluarkan,Hapus salinan berlebih; pertahankan kemunculan pertama.
D01,3539,2020-07-10,JOF-023,JOFRANS NUGGET AYAM HATI 500 GR X 12 PAK,1.0,PACK,18000.0,18000.0,CASH,5,duplikasi,kritis,Duplikat persis (kemunculan ke-2 dan seterusnya),keluarkan,Hapus salinan berlebih; pertahankan kemunculan pertama.
D01,3540,2020-07-10,JOF-024,JOFRANS NUGGET AYAM STICKY 500 GR X 12,1.0,PACK,18000.0,18000.0,CASH,5,duplikasi,kritis,Duplikat persis (kemunculan ke-2 dan seterusnya),keluarkan,Hapus salinan berlebih; pertahankan kemunculan pertama.
D01,3681,2020-07-13,SUN-003,SUNFISH OTAK OTAK ISI 40 500 GR X 12,1.0,PACK,20000.0,20000.0,CASH,6,duplikasi,kritis,Duplikat persis (kemunculan ke-2 dan seterusnya),keluarkan,Hapus salinan berlebih; pertahankan kemunculan pertama.
D01,3685,2020-07-13,JOF-023,JOFRANS NUGGET AYAM HATI 500 GR X 12 PAK,1.0,PACK,18000.0,18000.0,CASH,5,duplikasi,kritis,Duplikat persis (kemunculan ke-2 dan seterusnya),keluarkan,Hapus salinan berlebih; pertahankan kemunculan pertama.
D01,3686,2020-07-13,JOF-024,JOFRANS NUGGET AYAM STICKY 500 GR X 12,1.0,PACK,18000.0,18000.0,CASH,5,duplikasi,kritis,Duplikat persis (kemunculan ke-2 dan seterusnya),keluarkan,Hapus salinan berlebih; pertahankan kemunculan pertama.
D01,3693,2020-07-14,BF-004,BF DIMSUM SIOMAY REG-NEW 200 GR X 48 PAK,12.0,PACK,20000.0,240000.0,PT. DINAMIKA BUAH N.,5,duplikasi,kritis,Duplikat persis (kemunculan ke-2 dan seterusnya),keluarkan,Hapus salinan berlebih; pertahankan kemunculan pertama.
D01,3756,2020-07-16,JOF-001,JOFRANS SOSIS AYAM MADU 500 GR X 20 PACK,1.0,DUS,370000.0,370000.0,ADEK FROZEN,5,duplikasi,kritis,Duplikat persis (kemunculan ke-2 dan seterusnya),keluarkan,Hapus salinan berlebih; pertahankan kemunculan pertama.
D01,3935,2020-07-21,JOF-024,JOFRANS NUGGET AYAM STICKY 500 GR X 12,1.0,PACK,18000.0,18000.0,CASH,5,duplikasi,kritis,Duplikat persis (kemunculan ke-2 dan seterusnya),keluarkan,Hapus salinan berlebih; pertahankan kemunculan pertama.
D01,3986,2020-07-21,JOF-023,JOFRANS NUGGET AYAM HATI 500 GR X 12 PAK,1.0,PACK,18000.0,18000.0,CASH,5,duplikasi,kritis,Duplikat persis (kemunculan ke-2 dan seterusnya),keluarkan,Hapus salinan berlebih; pertahankan kemunculan pertama.
D01,4230,2020-07-25,MIN-006,MINAKU KAKI NAGA 500 GR X 20 PACK,1.0,PACK,15000.0,15000.0,CASH,5,duplikasi,kritis,Duplikat persis (kemunculan ke-2 dan seterusnya),keluarkan,Hapus salinan berlebih; pertahankan kemunculan pertama.
D01,4232,2020-07-25,JOF-024,JOFRANS NUGGET AYAM STICKY 500 GR X 12,1.0,PACK,18000.0,18000.0,CASH,5,duplikasi,kritis,Duplikat persis (kemunculan ke-2 dan seterusnya),keluarkan,Hapus salinan berlebih; pertahankan kemunculan pertama.
D01,4235,2020-07-25,JOF-024,JOFRANS NUGGET AYAM STICKY 500 GR X 12,1.0,PACK,18000.0,18000.0,CASH,5,duplikasi,kritis,Duplikat persis (kemunculan ke-2 dan seterusnya),keluarkan,Hapus salinan berlebih; pertahankan kemunculan pertama.
D01,4350,2020-07-28,JUL-001,STAR JULIENNE SHOESTRING 2.5 KG X 5 PACK,8.0,DUS,300000.0,2400000.0,PT. DINAMIKA BUAH N.,5,duplikasi,kritis,Duplikat persis (kemunculan ke-2 dan seterusnya),keluarkan,Hapus salinan berlebih; pertahankan kemunculan pertama.
D01,4509,2020-07-30,JOF-024,JOFRANS NUGGET AYAM STICKY 500 GR X 12,1.0,PACK,18000.0,18000.0,CASH,5,duplikasi,kritis,Duplikat persis (kemunculan ke-2 dan seterusnya),keluarkan,Hapus salinan berlebih; pertahankan kemunculan pertama.
D01,4527,2020-07-30,BLF-002,BELFOODS SOSIS AYAM 1000 GR X 6 PACK,1.0,PACK,31500.0,31500.0,CASH,5,duplikasi,kritis,Duplikat persis (kemunculan ke-2 dan seterusnya),keluarkan,Hapus salinan berlebih; pertahankan kemunculan pertama.
D01,4528,2020-07-30,AKU-002,AKUMO STICK 1000 GR X 5 PACK,1.0,PACK,38000.0,38000.0,CASH,5,duplikasi,kritis,Duplikat persis (kemunculan ke-2 dan seterusnya),keluarkan,Hapus salinan berlebih; pertahankan kemunculan pertama.
D01,4531,2020-07-30,DEN-001,DEN BAGUS IKAN ISI 32 X 20 PACK,2.0,PACK,13000.0,26000.0,CASH,5,duplikasi,kritis,Duplikat persis (kemunculan ke-2 dan seterusnya),keluarkan,Hapus salinan berlebih; pertahankan kemunculan pertama.
D01,4703,2020-08-07,WEI-001,WEI WANG COKLAT X 12 PACK,1.0,PACK,15000.0,15000.0,CASH,6,duplikasi,kritis,Duplikat persis (kemunculan ke-2 dan seterusnya),keluarkan,Hapus salinan berlebih; pertahankan kemunculan pertama.
D01,4705,2020-08-07,MIN-019,MINAKU SISIK NAGA 500 GR X 20 PACK,1.0,PACK,14000.0,14000.0,CASH,5,duplikasi,kritis,Duplikat persis (kemunculan ke-2 dan seterusnya),keluarkan,Hapus salinan berlebih; pertahankan kemunculan pertama.
D01,4707,2020-08-07,MIT-018,MITRAKU BAKSO IKAN ISI TUNA 500 GR X 20,1.0,PACK,28000.0,28000.0,CASH,5,duplikasi,kritis,Duplikat persis (kemunculan ke-2 dan seterusnya),keluarkan,Hapus salinan berlebih; pertahankan kemunculan pertama.
D01,4708,2020-08-07,MIT-015,MITRAKU SIOMAY 500 GR X 15 PACK,1.0,PACK,44500.0,44500.0,CASH,5,duplikasi,kritis,Duplikat persis (kemunculan ke-2 dan seterusnya),keluarkan,Hapus salinan berlebih; pertahankan kemunculan pertama.
D01,4764,2020-08-07,OKEY-001,OKEY SOSIS 500 GR X 20 PACK,1.0,DUS,360000.0,360000.0,SALES FANDI,5,duplikasi,kritis,Duplikat persis (kemunculan ke-2 dan seterusnya),keluarkan,Hapus salinan berlebih; pertahankan kemunculan pertama.
D01,4890,2020-08-11,BF-002,BF CRISPY MIX SEAFOOD 210 GR X 26 PACK,12.0,PACK,27500.0,330000.0,PT. DINAMIKA BUAH N.,5,duplikasi,kritis,Duplikat persis (kemunculan ke-2 dan seterusnya),keluarkan,Hapus salinan berlebih; pertahankan kemunculan pertama.
D01,4892,2020-08-11,BF-007,BF LUMPIA AYAM 210 GR X 32 PACK,6.0,PACK,24000.0,144000.0,PT. DINAMIKA BUAH N.,5,duplikasi,kritis,Duplikat persis (kemunculan ke-2 dan seterusnya),keluarkan,Hapus salinan berlebih; pertahankan kemunculan pertama.
D01,4932,2020-08-12,BLF-002,BELFOODS SOSIS AYAM 1000 GR X 6 PACK,1.0,PACK,31500.0,31500.0,CASH,5,duplikasi,kritis,Duplikat persis (kemunculan ke-2 dan seterusnya),keluarkan,Hapus salinan berlebih; pertahankan kemunculan pertama.
D01,4933,2020-08-12,OKEY-004,OKEY STICK 1000 GR X 5 PACK,1.0,PACK,38000.0,38000.0,CASH,5,duplikasi,kritis,Duplikat persis (kemunculan ke-2 dan seterusnya),keluarkan,Hapus salinan berlebih; pertahankan kemunculan pertama.
D01,5029,2020-08-18,BART-001,BART'S SHOESTRING 2.5 KG X 4 PACK,5.0,DUS,245000.0,1225000.0,FUN MART,6,duplikasi,kritis,Duplikat persis (kemunculan ke-2 dan seterusnya),keluarkan,Hapus salinan berlebih; pertahankan kemunculan pertama.
D01,5545,2020-08-29,SHIF-001,SHIFUDO BAKSO IKAN 500 GR X 20 PACK,2.0,DUS,356600.0,713200.0,ANJANI FROZEN FOOD,5,duplikasi,kritis,Duplikat persis (kemunculan ke-2 dan seterusnya),keluarkan,Hapus salinan berlebih; pertahankan kemunculan pertama.
D01,5603,2020-08-31,BLF-001,BELFOODS SOSIS AYAM 500 GR X 12 PACK,1.0,PACK,17000.0,17000.0,CASH,5,duplikasi,kritis,Duplikat persis (kemunculan ke-2 dan seterusnya),keluarkan,Hapus salinan berlebih; pertahankan kemunculan pertama.
D01,5710,2020-09-03,MIN-001,MINAKU OTAK OTAK 500 GR X 20 PACK,1.0,PACK,18000.0,18000.0,CASH,5,duplikasi,kritis,Duplikat persis (kemunculan ke-2 dan seterusnya),keluarkan,Hapus salinan berlebih; pertahankan kemunculan pertama.
D01,6099,2020-09-16,JOF-011,JOFRANS SOSIS BRATW (ORI) 500 GR X 12,1.0,DUS,360000.0,360000.0,ARRAFA MART,6,duplikasi,kritis,Duplikat persis (kemunculan ke-2 dan seterusnya),keluarkan,Hapus salinan berlebih; pertahankan kemunculan pertama.
D01,6736,2020-09-30,BLF-001,BELFOODS SOSIS AYAM 500 GR X 12 PACK,1.0,DUS,210000.0,210000.0,ARRAFA MART,5,duplikasi,kritis,Duplikat persis (kemunculan ke-2 dan seterusnya),keluarkan,Hapus salinan berlebih; pertahankan kemunculan pertama.
D01,6744,2020-09-30,JOF-003,JOFRANS SPICY WING 500 GR X 12 PACK,6.0,PACK,43500.0,261000.0,ARRAFA MART,5,duplikasi,kritis,Duplikat persis (kemunculan ke-2 dan seterusnya),keluarkan,Hapus salinan berlebih; pertahankan kemunculan pertama.
D01,6752,2020-09-30,JOF-022,JOFRANS NUGGET AYAM REG. 225 GR X 24 PAK,1.0,DUS,252000.0,252000.0,ARRAFA MART,5,duplikasi,kritis,Duplikat persis (kemunculan ke-2 dan seterusnya),keluarkan,Hapus salinan berlebih; pertahankan kemunculan pertama.
D01,6754,2020-09-30,JOF-023,JOFRANS NUGGET AYAM HATI 500 GR X 12 PAK,1.0,DUS,222000.0,222000.0,ARRAFA MART,5,duplikasi,kritis,Duplikat persis (kemunculan ke-2 dan seterusnya),keluarkan,Hapus salinan berlebih; pertahankan kemunculan pertama.
D01,6776,2020-09-30,OKEY-004,OKEY STICK 1000 GR X 5 PACK,1.0,DUS,190000.0,190000.0,ARRAFA MART,5,duplikasi,kritis,Duplikat persis (kemunculan ke-2 dan seterusnya),keluarkan,Hapus salinan berlebih; pertahankan kemunculan pertama.
K03,60,2020-04-02,MIT-010,MITRAKU FISH ROLL 250 GR X 25 PACK,1.0,PACK,0.0,0.0,MAJU JAYA,10,validitas,kritis,HARGA = 0 sehingga JUMLAH = 0,keluarkan,"Barang keluar tanpa nilai jual: sampling/bonus. Keluarkan dari omzet, pertahankan bila menganalisis kuantitas keluar."
K03,78,2020-04-02,MIT-010,MITRAKU FISH ROLL 250 GR X 25 PACK,1.0,PACK,0.0,0.0,RETRO,10,validitas,kritis,HARGA = 0 sehingga JUMLAH = 0,keluarkan,"Barang keluar tanpa nilai jual: sampling/bonus. Keluarkan dari omzet, pertahankan bila menganalisis kuantitas keluar."
K03,585,2020-04-18,MIT-019,MITRAKU BAKSO IKAN ISI AYAM 500 GR X 20,2.0,PACK,0.0,0.0,SAMPLING MITRAKU,10,validitas,kritis,HARGA = 0 sehingga JUMLAH = 0,keluarkan,"Barang keluar tanpa nilai jual: sampling/bonus. Keluarkan dari omzet, pertahankan bila menganalisis kuantitas keluar."
K03,586,2020-04-18,MIT-006,MITRAKU DUMPLING 500 GR X 20 PACK,1.0,PACK,0.0,0.0,SAMPLING MITRAKU,10,validitas,kritis,HARGA = 0 sehingga JUMLAH = 0,keluarkan,"Barang keluar tanpa nilai jual: sampling/bonus. Keluarkan dari omzet, pertahankan bila menganalisis kuantitas keluar."
K03,590,2020-04-18,DEN-003,DEN BAGUS AYAM ISI 13 X 50 PACK,1.0,PACK,0.0,0.0,DEFRIADI,10,validitas,kritis,HARGA = 0 sehingga JUMLAH = 0,keluarkan,"Barang keluar tanpa nilai jual: sampling/bonus. Keluarkan dari omzet, pertahankan bila menganalisis kuantitas keluar."
K03,637,2020-04-18,DEN-001,DEN BAGUS IKAN ISI 32 X 20 PACK,1.0,PACK,0.0,0.0,FIRDON,10,validitas,kritis,HARGA = 0 sehingga JUMLAH = 0,keluarkan,"Barang keluar tanpa nilai jual: sampling/bonus. Keluarkan dari omzet, pertahankan bila menganalisis kuantitas keluar."
K03,638,2020-04-18,DEN-002,DEN BAGUS BINTANG ISI 13 X 50 PACK,1.0,PACK,0.0,0.0,FIRDON,10,validitas,kritis,HARGA = 0 sehingga JUMLAH = 0,keluarkan,"Barang keluar tanpa nilai jual: sampling/bonus. Keluarkan dari omzet, pertahankan bila menganalisis kuantitas keluar."
K03,639,2020-04-18,DEN-003,DEN BAGUS AYAM ISI 13 X 50 PACK,1.0,PACK,0.0,0.0,FIRDON,10,validitas,kritis,HARGA = 0 sehingga JUMLAH = 0,keluarkan,"Barang keluar tanpa nilai jual: sampling/bonus. Keluarkan dari omzet, pertahankan bila menganalisis kuantitas keluar."
K03,640,2020-04-18,DEN-004,DEN BAGUS STICK ISI 32 X 30 PACK,1.0,PACK,0.0,0.0,FIRDON,10,validitas,kritis,HARGA = 0 sehingga JUMLAH = 0,keluarkan,"Barang keluar tanpa nilai jual: sampling/bonus. Keluarkan dari omzet, pertahankan bila menganalisis kuantitas keluar."
K03,641,2020-04-18,DEN-005,DEN BAGUS STICK PANJANG X 50 PACK,1.0,PACK,0.0,0.0,FIRDON,10,validitas,kritis,HARGA = 0 sehingga JUMLAH = 0,keluarkan,"Barang keluar tanpa nilai jual: sampling/bonus. Keluarkan dari omzet, pertahankan bila menganalisis kuantitas keluar."
K03,844,2020-04-24,DEN-001,DEN BAGUS IKAN ISI 32 X 20 PACK,1.0,PACK,0.0,0.0,FIRDON,10,validitas,kritis,HARGA = 0 sehingga JUMLAH = 0,keluarkan,"Barang keluar tanpa nilai jual: sampling/bonus. Keluarkan dari omzet, pertahankan bila menganalisis kuantitas keluar."
K03,845,2020-04-24,DEN-002,DEN BAGUS BINTANG ISI 13 X 50 PACK,1.0,PACK,0.0,0.0,FIRDON,10,validitas,kritis,HARGA = 0 sehingga JUMLAH = 0,keluarkan,"Barang keluar tanpa nilai jual: sampling/bonus. Keluarkan dari omzet, pertahankan bila menganalisis kuantitas keluar."
K03,846,2020-04-24,DEN-003,DEN BAGUS AYAM ISI 13 X 50 PACK,1.0,PACK,0.0,0.0,FIRDON,10,validitas,kritis,HARGA = 0 sehingga JUMLAH = 0,keluarkan,"Barang keluar tanpa nilai jual: sampling/bonus. Keluarkan dari omzet, pertahankan bila menganalisis kuantitas keluar."
K03,860,2020-04-25,LUTOSA-002,LUTOSA SHOESTRING 2.5 KG X 4 PACK,106.0,DUS,0.0,0.0,CASH,13,validitas,kritis,HARGA = 0 sehingga JUMLAH = 0,keluarkan,"Barang keluar tanpa nilai jual: sampling/bonus. Keluarkan dari omzet, pertahankan bila menganalisis kuantitas keluar."
K03,861,2020-04-25,BF-005,BF DIMSUM SIOMAY UDANG 246 GR X 35 PACK,1.0,PACK,0.0,0.0,CASH,10,validitas,kritis,HARGA = 0 sehingga JUMLAH = 0,keluarkan,"Barang keluar tanpa nilai jual: sampling/bonus. Keluarkan dari omzet, pertahankan bila menganalisis kuantitas keluar."
K03,1156,2020-05-04,LUTOSA-002,LUTOSA SHOESTRING 2.5 KG X 4 PACK,13.0,DUS,0.0,0.0,CASH,12,validitas,kritis,HARGA = 0 sehingga JUMLAH = 0,keluarkan,"Barang keluar tanpa nilai jual: sampling/bonus. Keluarkan dari omzet, pertahankan bila menganalisis kuantitas keluar."
K03,1331,2020-05-11,BONJU-001,BONJU CIRENG SALJU KUAH RUJAK,1.0,PACK,0.0,0.0,KUBANG JAYA FOOD,10,validitas,kritis,HARGA = 0 sehingga JUMLAH = 0,keluarkan,"Barang keluar tanpa nilai jual: sampling/bonus. Keluarkan dari omzet, pertahankan bila menganalisis kuantitas keluar."
K03,1566,2020-05-16,SUKI-001,MITRAKU SUKI TOMYAM,1.0,PACK,0.0,0.0,TANJUNG GADING,11,validitas,kritis,HARGA = 0 sehingga JUMLAH = 0,keluarkan,"Barang keluar tanpa nilai jual: sampling/bonus. Keluarkan dari omzet, pertahankan bila menganalisis kuantitas keluar."
K03,1576,2020-05-16,BONJU-001,BONJU CIRENG SALJU KUAH RUJAK,1.0,PACK,0.0,0.0,MAJU JAYA,10,validitas,kritis,HARGA = 0 sehingga JUMLAH = 0,keluarkan,"Barang keluar tanpa nilai jual: sampling/bonus. Keluarkan dari omzet, pertahankan bila menganalisis kuantitas keluar."
K03,2013,2020-05-30,JUL-003,JULIENNE SHOESTRING 2.5 KG X 4 PACK,43.0,DUS,0.0,0.0,CASH,10,validitas,kritis,HARGA = 0 sehingga JUMLAH = 0,keluarkan,"Barang keluar tanpa nilai jual: sampling/bonus. Keluarkan dari omzet, pertahankan bila menganalisis kuantitas keluar."
K03,2289,2020-06-08,LUTOSA-003,LUTOSA SHOESTRING 500 GR X 20 PACK,8.0,PACK,0.0,0.0,CASH,10,validitas,kritis,HARGA = 0 sehingga JUMLAH = 0,keluarkan,"Barang keluar tanpa nilai jual: sampling/bonus. Keluarkan dari omzet, pertahankan bila menganalisis kuantitas keluar."
K03,2290,2020-06-08,JUL-003,JULIENNE SHOESTRING 2.5 KG X 4 PACK,6.0,DUS,0.0,0.0,CASH,10,validitas,kritis,HARGA = 0 sehingga JUMLAH = 0,keluarkan,"Barang keluar tanpa nilai jual: sampling/bonus. Keluarkan dari omzet, pertahankan bila menganalisis kuantitas keluar."
K03,2291,2020-06-08,ARTHUR-001,ARTHUR SHOESTRING 2.5 KG X 4 PACK,75.0,DUS,0.0,0.0,CASH,12,validitas,kritis,HARGA = 0 sehingga JUMLAH = 0,keluarkan,"Barang keluar tanpa nilai jual: sampling/bonus. Keluarkan dari omzet, pertahankan bila menganalisis kuantitas keluar."
K03,2292,2020-06-08,AVIKO-001,AVIKO SHOESTRING 2.5 KG X 4 PACK,7.0,DUS,0.0,0.0,CASH,10,validitas,kritis,HARGA = 0 sehingga JUMLAH = 0,keluarkan,"Barang keluar tanpa nilai jual: sampling/bonus. Keluarkan dari omzet, pertahankan bila menganalisis kuantitas keluar."
K03,2293,2020-06-08,AVIKO-001,AVIKO SHOESTRING 2.5 KG X 4 PACK,2.0,PACK,0.0,0.0,CASH,10,validitas,kritis,HARGA = 0 sehingga JUMLAH = 0,keluarkan,"Barang keluar tanpa nilai jual: sampling/bonus. Keluarkan dari omzet, pertahankan bila menganalisis kuantitas keluar."
K03,2294,2020-06-08,LUTOSA-002,LUTOSA SHOESTRING 2.5 KG X 4 PACK,52.0,DUS,0.0,0.0,CASH,13,validitas,kritis,HARGA = 0 sehingga JUMLAH = 0,keluarkan,"Barang keluar tanpa nilai jual: sampling/bonus. Keluarkan dari omzet, pertahankan bila menganalisis kuantitas keluar."
K03,2338,2020-06-09,BLF-002,BELFOODS SOSIS AYAM 1000 GR X 6 PACK,10.0,PACK,0.0,0.0,CASH,10,validitas,kritis,HARGA = 0 sehingga JUMLAH = 0,keluarkan,"Barang keluar tanpa nilai jual: sampling/bonus. Keluarkan dari omzet, pertahankan bila menganalisis kuantitas keluar."
K03,3309,2020-07-04,LUTOSA-002,LUTOSA SHOESTRING 2.5 KG X 4 PACK,20.0,DUS,0.0,0.0,CASH,12,validitas,kritis,HARGA = 0 sehingga JUMLAH = 0,keluarkan,"Barang keluar tanpa nilai jual: sampling/bonus. Keluarkan dari omzet, pertahankan bila menganalisis kuantitas keluar."
K03,3310,2020-07-04,CAV-001,CAVENDISH SHOESTRING 2.94 KG X 6 PACK,16.0,DUS,0.0,0.0,CASH,11,validitas,kritis,HARGA = 0 sehingga JUMLAH = 0,keluarkan,"Barang keluar tanpa nilai jual: sampling/bonus. Keluarkan dari omzet, pertahankan bila menganalisis kuantitas keluar."
K03,3311,2020-07-04,JUL-001,STAR JULIENNE SHOESTRING 2.5 KG X 5 PACK,5.0,DUS,0.0,0.0,CASH,10,validitas,kritis,HARGA = 0 sehingga JUMLAH = 0,keluarkan,"Barang keluar tanpa nilai jual: sampling/bonus. Keluarkan dari omzet, pertahankan bila menganalisis kuantitas keluar."
K03,3312,2020-07-04,JUL-001,STAR JULIENNE SHOESTRING 2.5 KG X 5 PACK,2.0,PACK,0.0,0.0,CASH,10,validitas,kritis,HARGA = 0 sehingga JUMLAH = 0,keluarkan,"Barang keluar tanpa nilai jual: sampling/bonus. Keluarkan dari omzet, pertahankan bila menganalisis kuantitas keluar."
K03,4002,2020-07-21,DEN-006,DEN BAGUS NANO NANO X 20 PACK,38.0,PACK,0.0,0.0,CASH,12,validitas,kritis,HARGA = 0 sehingga JUMLAH = 0,keluarkan,"Barang keluar tanpa nilai jual: sampling/bonus. Keluarkan dari omzet, pertahankan bila menganalisis kuantitas keluar."
K03,4003,2020-07-21,DEN-001,DEN BAGUS IKAN ISI 32 X 20 PACK,57.0,PACK,0.0,0.0,CASH,11,validitas,kritis,HARGA = 0 sehingga JUMLAH = 0,keluarkan,"Barang keluar tanpa nilai jual: sampling/bonus. Keluarkan dari omzet, pertahankan bila menganalisis kuantitas keluar."
K03,4026,2020-07-22,CHA-001,CHAMP SOSIS 1000 GR X 10 PACK,16.0,PACK,0.0,0.0,CASH,11,validitas,kritis,HARGA = 0 sehingga JUMLAH = 0,keluarkan,"Barang keluar tanpa nilai jual: sampling/bonus. Keluarkan dari omzet, pertahankan bila menganalisis kuantitas keluar."
K03,4403,2020-07-29,SUN-006,SUNFISH DUMPLING CHEESE 500 GR X 12 PACK,1.0,PACK,0.0,0.0,ADEK FROZEN,11,validitas,kritis,HARGA = 0 sehingga JUMLAH = 0,keluarkan,"Barang keluar tanpa nilai jual: sampling/bonus. Keluarkan dari omzet, pertahankan bila menganalisis kuantitas keluar."
K03,4691,2020-08-06,CAV-001,CAVENDISH SHOESTRING 2.94 KG X 6 PACK,6.0,DUS,0.0,0.0,CASH,11,validitas,kritis,HARGA = 0 sehingga JUMLAH = 0,keluarkan,"Barang keluar tanpa nilai jual: sampling/bonus. Keluarkan dari omzet, pertahankan bila menganalisis kuantitas keluar."
K03,4692,2020-08-06,JUL-001,STAR JULIENNE SHOESTRING 2.5 KG X 5 PACK,1.0,PACK,0.0,0.0,CASH,10,validitas,kritis,HARGA = 0 sehingga JUMLAH = 0,keluarkan,"Barang keluar tanpa nilai jual: sampling/bonus. Keluarkan dari omzet, pertahankan bila menganalisis kuantitas keluar."
K03,5455,2020-08-27,SUN-002,SUNFISH FISH SOY 500 GR X 12 PACK,1.0,PACK,0.0,0.0,SAMPEL CRB,10,validitas,kritis,HARGA = 0 sehingga JUMLAH = 0,keluarkan,"Barang keluar tanpa nilai jual: sampling/bonus. Keluarkan dari omzet, pertahankan bila menganalisis kuantitas keluar."
K03,5456,2020-08-27,SUN-006,SUNFISH DUMPLING CHEESE 500 GR X 12 PACK,1.0,PACK,0.0,0.0,SAMPEL CRB,10,validitas,kritis,HARGA = 0 sehingga JUMLAH = 0,keluarkan,"Barang keluar tanpa nilai jual: sampling/bonus. Keluarkan dari omzet, pertahankan bila menganalisis kuantitas keluar."
K03,5931,2020-09-09,VITALIA-001,VITALIA BURGER SAPI ISI 10 250 GR X 16,1.0,PACK,0.0,0.0,FUN MART,10,validitas,kritis,HARGA = 0 sehingga JUMLAH = 0,keluarkan,"Barang keluar tanpa nilai jual: sampling/bonus. Keluarkan dari omzet, pertahankan bila menganalisis kuantitas keluar."
K03,5932,2020-09-09,VITALIA-002,VITALIA BURGER SAPI ISI 20 280 GR X 10,1.0,PACK,0.0,0.0,FUN MART,10,validitas,kritis,HARGA = 0 sehingga JUMLAH = 0,keluarkan,"Barang keluar tanpa nilai jual: sampling/bonus. Keluarkan dari omzet, pertahankan bila menganalisis kuantitas keluar."
K03,5936,2020-09-09,WEI-001,WEI WANG COKLAT X 12 PACK,3.0,PACK,0.0,0.0,FUN MART,11,validitas,kritis,HARGA = 0 sehingga JUMLAH = 0,keluarkan,"Barang keluar tanpa nilai jual: sampling/bonus. Keluarkan dari omzet, pertahankan bila menganalisis kuantitas keluar."
K03,5942,2020-09-09,WEI-003,WEI WANG MINI PAO SAPI 30 PCS X 12 PACK,3.0,PACK,0.0,0.0,FUN MART,11,validitas,kritis,HARGA = 0 sehingga JUMLAH = 0,keluarkan,"Barang keluar tanpa nilai jual: sampling/bonus. Keluarkan dari omzet, pertahankan bila menganalisis kuantitas keluar."
K03,6017,2020-09-14,VITALIA-001,VITALIA BURGER SAPI ISI 10 250 GR X 16,1.0,PACK,0.0,0.0,FUN MART,10,validitas,kritis,HARGA = 0 sehingga JUMLAH = 0,keluarkan,"Barang keluar tanpa nilai jual: sampling/bonus. Keluarkan dari omzet, pertahankan bila menganalisis kuantitas keluar."
K03,6018,2020-09-14,VITALIA-001,VITALIA BURGER SAPI ISI 10 250 GR X 16,1.0,PACK,0.0,0.0,PAK SLAMET / MBAH BEJO,10,validitas,kritis,HARGA = 0 sehingga JUMLAH = 0,keluarkan,"Barang keluar tanpa nilai jual: sampling/bonus. Keluarkan dari omzet, pertahankan bila menganalisis kuantitas keluar."
K03,6019,2020-09-14,VITALIA-002,VITALIA BURGER SAPI ISI 20 280 GR X 10,1.0,PACK,0.0,0.0,FUN MART,10,validitas,kritis,HARGA = 0 sehingga JUMLAH = 0,keluarkan,"Barang keluar tanpa nilai jual: sampling/bonus. Keluarkan dari omzet, pertahankan bila menganalisis kuantitas keluar."
K03,6507,2020-09-22,KEM-002,KEMFOOD TORTILA BESAR 25 CM 0.7 GRAM,1.0,PACK,0.0,0.0,BATAM JAYA,10,validitas,kritis,HARGA = 0 sehingga JUMLAH = 0,keluarkan,"Barang keluar tanpa nilai jual: sampling/bonus. Keluarkan dari omzet, pertahankan bila menganalisis kuantitas keluar."
K03,6522,2020-09-22,TORTILA-001,TORTILA KECIL,1.0,PACK,0.0,0.0,BATAM JAYA,11,validitas,kritis,HARGA = 0 sehingga JUMLAH = 0,keluarkan,"Barang keluar tanpa nilai jual: sampling/bonus. Keluarkan dari omzet, pertahankan bila menganalisis kuantitas keluar."
K03,6523,2020-09-22,TORTILA-002,TORTILA SEDANG,1.0,PACK,0.0,0.0,BATAM JAYA,10,validitas,kritis,HARGA = 0 sehingga JUMLAH = 0,keluarkan,"Barang keluar tanpa nilai jual: sampling/bonus. Keluarkan dari omzet, pertahankan bila menganalisis kuantitas keluar."
K03,6530,2020-09-22,VITALIA-001,VITALIA BURGER SAPI ISI 10 250 GR X 16,1.0,PACK,0.0,0.0,BATAM JAYA,10,validitas,kritis,HARGA = 0 sehingga JUMLAH = 0,keluarkan,"Barang keluar tanpa nilai jual: sampling/bonus. Keluarkan dari omzet, pertahankan bila menganalisis kuantitas keluar."
K03,6637,2020-09-26,IP-001,IP KULIT LUMPIA ISI 50 LEMBAR X 36 PACK,1.0,PACK,0.0,0.0,SAMPEL CRB,11,validitas,kritis,HARGA = 0 sehingga JUMLAH = 0,keluarkan,"Barang keluar tanpa nilai jual: sampling/bonus. Keluarkan dari omzet, pertahankan bila menganalisis kuantitas keluar."
K03,6640,2020-09-26,IP-002,IP LUMPIA SAYUR ISI 20 PCS 500 GR X 24,1.0,PCS,0.0,0.0,SAMPEL CRB,10,validitas,kritis,HARGA = 0 sehingga JUMLAH = 0,keluarkan,"Barang keluar tanpa nilai jual: sampling/bonus. Keluarkan dari omzet, pertahankan bila menganalisis kuantitas keluar."
K03,6643,2020-09-26,JOF-006,JOFRANS BASO AYAM 500 GR X 15 PACK,1.0,PACK,0.0,0.0,SAMPEL CRB,10,validitas,kritis,HARGA = 0 sehingga JUMLAH = 0,keluarkan,"Barang keluar tanpa nilai jual: sampling/bonus. Keluarkan dari omzet, pertahankan bila menganalisis kuantitas keluar."
K03,6644,2020-09-26,JOF-010,JOFRANS NUGGET AYAM HATI 1000 GR X 10,1.0,PACK,0.0,0.0,SAMPEL CRB,10,validitas,kritis,HARGA = 0 sehingga JUMLAH = 0,keluarkan,"Barang keluar tanpa nilai jual: sampling/bonus. Keluarkan dari omzet, pertahankan bila menganalisis kuantitas keluar."
K03,6646,2020-09-26,JOF-022,JOFRANS NUGGET AYAM REG. 225 GR X 24 PAK,2.0,PACK,0.0,0.0,SAMPEL CRB,10,validitas,kritis,HARGA = 0 sehingga JUMLAH = 0,keluarkan,"Barang keluar tanpa nilai jual: sampling/bonus. Keluarkan dari omzet, pertahankan bila menganalisis kuantitas keluar."
K03,6673,2020-09-26,VIGO-001,VIGO SOSIS AYAM PANJANG 450 GR X 20 PACK,2.0,PACK,0.0,0.0,SAMPEL CRB,10,validitas,kritis,HARGA = 0 sehingga JUMLAH = 0,keluarkan,"Barang keluar tanpa nilai jual: sampling/bonus. Keluarkan dari omzet, pertahankan bila menganalisis kuantitas keluar."
K03,6678,2020-09-26,VIGO-005,VIGO MINI BURGER ISI 20 PCS 235 GRM X 20,1.0,PACK,0.0,0.0,SAMPEL CRB,10,validitas,kritis,HARGA = 0 sehingga JUMLAH = 0,keluarkan,"Barang keluar tanpa nilai jual: sampling/bonus. Keluarkan dari omzet, pertahankan bila menganalisis kuantitas keluar."
K03,6681,2020-09-26,WEI-001,WEI WANG COKLAT X 12 PACK,3.0,PACK,0.0,0.0,SAMPEL CRB,11,validitas,kritis,HARGA = 0 sehingga JUMLAH = 0,keluarkan,"Barang keluar tanpa nilai jual: sampling/bonus. Keluarkan dari omzet, pertahankan bila menganalisis kuantitas keluar."
K05,60,2020-04-02,MIT-010,MITRAKU FISH ROLL 250 GR X 25 PACK,1.0,PACK,0.0,0.0,MAJU JAYA,10,noise,kritis,Baris non-penjualan (sampling/bonus/retur) menurut nama pihak atau nilai nol,keluarkan,Bukan omzet. Pisahkan agar tidak mengencerkan rata-rata nilai transaksi.
K05,78,2020-04-02,MIT-010,MITRAKU FISH ROLL 250 GR X 25 PACK,1.0,PACK,0.0,0.0,RETRO,10,noise,kritis,Baris non-penjualan (sampling/bonus/retur) menurut nama pihak atau nilai nol,keluarkan,Bukan omzet. Pisahkan agar tidak mengencerkan rata-rata nilai transaksi.
K05,585,2020-04-18,MIT-019,MITRAKU BAKSO IKAN ISI AYAM 500 GR X 20,2.0,PACK,0.0,0.0,SAMPLING MITRAKU,10,noise,kritis,Baris non-penjualan (sampling/bonus/retur) menurut nama pihak atau nilai nol,keluarkan,Bukan omzet. Pisahkan agar tidak mengencerkan rata-rata nilai transaksi.
K05,586,2020-04-18,MIT-006,MITRAKU DUMPLING 500 GR X 20 PACK,1.0,PACK,0.0,0.0,SAMPLING MITRAKU,10,noise,kritis,Baris non-penjualan (sampling/bonus/retur) menurut nama pihak atau nilai nol,keluarkan,Bukan omzet. Pisahkan agar tidak mengencerkan rata-rata nilai transaksi.
K05,590,2020-04-18,DEN-003,DEN BAGUS AYAM ISI 13 X 50 PACK,1.0,PACK,0.0,0.0,DEFRIADI,10,noise,kritis,Baris non-penjualan (sampling/bonus/retur) menurut nama pihak atau nilai nol,keluarkan,Bukan omzet. Pisahkan agar tidak mengencerkan rata-rata nilai transaksi.
K05,637,2020-04-18,DEN-001,DEN BAGUS IKAN ISI 32 X 20 PACK,1.0,PACK,0.0,0.0,FIRDON,10,noise,kritis,Baris non-penjualan (sampling/bonus/retur) menurut nama pihak atau nilai nol,keluarkan,Bukan omzet. Pisahkan agar tidak mengencerkan rata-rata nilai transaksi.
K05,638,2020-04-18,DEN-002,DEN BAGUS BINTANG ISI 13 X 50 PACK,1.0,PACK,0.0,0.0,FIRDON,10,noise,kritis,Baris non-penjualan (sampling/bonus/retur) menurut nama pihak atau nilai nol,keluarkan,Bukan omzet. Pisahkan agar tidak mengencerkan rata-rata nilai transaksi.
K05,639,2020-04-18,DEN-003,DEN BAGUS AYAM ISI 13 X 50 PACK,1.0,PACK,0.0,0.0,FIRDON,10,noise,kritis,Baris non-penjualan (sampling/bonus/retur) menurut nama pihak atau nilai nol,keluarkan,Bukan omzet. Pisahkan agar tidak mengencerkan rata-rata nilai transaksi.
K05,640,2020-04-18,DEN-004,DEN BAGUS STICK ISI 32 X 30 PACK,1.0,PACK,0.0,0.0,FIRDON,10,noise,kritis,Baris non-penjualan (sampling/bonus/retur) menurut nama pihak atau nilai nol,keluarkan,Bukan omzet. Pisahkan agar tidak mengencerkan rata-rata nilai transaksi.
K05,641,2020-04-18,DEN-005,DEN BAGUS STICK PANJANG X 50 PACK,1.0,PACK,0.0,0.0,FIRDON,10,noise,kritis,Baris non-penjualan (sampling/bonus/retur) menurut nama pihak atau nilai nol,keluarkan,Bukan omzet. Pisahkan agar tidak mengencerkan rata-rata nilai transaksi.
K05,844,2020-04-24,DEN-001,DEN BAGUS IKAN ISI 32 X 20 PACK,1.0,PACK,0.0,0.0,FIRDON,10,noise,kritis,Baris non-penjualan (sampling/bonus/retur) menurut nama pihak atau nilai nol,keluarkan,Bukan omzet. Pisahkan agar tidak mengencerkan rata-rata nilai transaksi.
K05,845,2020-04-24,DEN-002,DEN BAGUS BINTANG ISI 13 X 50 PACK,1.0,PACK,0.0,0.0,FIRDON,10,noise,kritis,Baris non-penjualan (sampling/bonus/retur) menurut nama pihak atau nilai nol,keluarkan,Bukan omzet. Pisahkan agar tidak mengencerkan rata-rata nilai transaksi.
K05,846,2020-04-24,DEN-003,DEN BAGUS AYAM ISI 13 X 50 PACK,1.0,PACK,0.0,0.0,FIRDON,10,noise,kritis,Baris non-penjualan (sampling/bonus/retur) menurut nama pihak atau nilai nol,keluarkan,Bukan omzet. Pisahkan agar tidak mengencerkan rata-rata nilai transaksi.
K05,860,2020-04-25,LUTOSA-002,LUTOSA SHOESTRING 2.5 KG X 4 PACK,106.0,DUS,0.0,0.0,CASH,13,noise,kritis,Baris non-penjualan (sampling/bonus/retur) menurut nama pihak atau nilai nol,keluarkan,Bukan omzet. Pisahkan agar tidak mengencerkan rata-rata nilai transaksi.
K05,861,2020-04-25,BF-005,BF DIMSUM SIOMAY UDANG 246 GR X 35 PACK,1.0,PACK,0.0,0.0,CASH,10,noise,kritis,Baris non-penjualan (sampling/bonus/retur) menurut nama pihak atau nilai nol,keluarkan,Bukan omzet. Pisahkan agar tidak mengencerkan rata-rata nilai transaksi.
K05,1156,2020-05-04,LUTOSA-002,LUTOSA SHOESTRING 2.5 KG X 4 PACK,13.0,DUS,0.0,0.0,CASH,12,noise,kritis,Baris non-penjualan (sampling/bonus/retur) menurut nama pihak atau nilai nol,keluarkan,Bukan omzet. Pisahkan agar tidak mengencerkan rata-rata nilai transaksi.
K05,1331,2020-05-11,BONJU-001,BONJU CIRENG SALJU KUAH RUJAK,1.0,PACK,0.0,0.0,KUBANG JAYA FOOD,10,noise,kritis,Baris non-penjualan (sampling/bonus/retur) menurut nama pihak atau nilai nol,keluarkan,Bukan omzet. Pisahkan agar tidak mengencerkan rata-rata nilai transaksi.
K05,1566,2020-05-16,SUKI-001,MITRAKU SUKI TOMYAM,1.0,PACK,0.0,0.0,TANJUNG GADING,11,noise,kritis,Baris non-penjualan (sampling/bonus/retur) menurut nama pihak atau nilai nol,keluarkan,Bukan omzet. Pisahkan agar tidak mengencerkan rata-rata nilai transaksi.
K05,1576,2020-05-16,BONJU-001,BONJU CIRENG SALJU KUAH RUJAK,1.0,PACK,0.0,0.0,MAJU JAYA,10,noise,kritis,Baris non-penjualan (sampling/bonus/retur) menurut nama pihak atau nilai nol,keluarkan,Bukan omzet. Pisahkan agar tidak mengencerkan rata-rata nilai transaksi.
K05,2013,2020-05-30,JUL-003,JULIENNE SHOESTRING 2.5 KG X 4 PACK,43.0,DUS,0.0,0.0,CASH,10,noise,kritis,Baris non-penjualan (sampling/bonus/retur) menurut nama pihak atau nilai nol,keluarkan,Bukan omzet. Pisahkan agar tidak mengencerkan rata-rata nilai transaksi.
K05,2289,2020-06-08,LUTOSA-003,LUTOSA SHOESTRING 500 GR X 20 PACK,8.0,PACK,0.0,0.0,CASH,10,noise,kritis,Baris non-penjualan (sampling/bonus/retur) menurut nama pihak atau nilai nol,keluarkan,Bukan omzet. Pisahkan agar tidak mengencerkan rata-rata nilai transaksi.
K05,2290,2020-06-08,JUL-003,JULIENNE SHOESTRING 2.5 KG X 4 PACK,6.0,DUS,0.0,0.0,CASH,10,noise,kritis,Baris non-penjualan (sampling/bonus/retur) menurut nama pihak atau nilai nol,keluarkan,Bukan omzet. Pisahkan agar tidak mengencerkan rata-rata nilai transaksi.
K05,2291,2020-06-08,ARTHUR-001,ARTHUR SHOESTRING 2.5 KG X 4 PACK,75.0,DUS,0.0,0.0,CASH,12,noise,kritis,Baris non-penjualan (sampling/bonus/retur) menurut nama pihak atau nilai nol,keluarkan,Bukan omzet. Pisahkan agar tidak mengencerkan rata-rata nilai transaksi.
K05,2292,2020-06-08,AVIKO-001,AVIKO SHOESTRING 2.5 KG X 4 PACK,7.0,DUS,0.0,0.0,CASH,10,noise,kritis,Baris non-penjualan (sampling/bonus/retur) menurut nama pihak atau nilai nol,keluarkan,Bukan omzet. Pisahkan agar tidak mengencerkan rata-rata nilai transaksi.
K05,2293,2020-06-08,AVIKO-001,AVIKO SHOESTRING 2.5 KG X 4 PACK,2.0,PACK,0.0,0.0,CASH,10,noise,kritis,Baris non-penjualan (sampling/bonus/retur) menurut nama pihak atau nilai nol,keluarkan,Bukan omzet. Pisahkan agar tidak mengencerkan rata-rata nilai transaksi.
K05,2294,2020-06-08,LUTOSA-002,LUTOSA SHOESTRING 2.5 KG X 4 PACK,52.0,DUS,0.0,0.0,CASH,13,noise,kritis,Baris non-penjualan (sampling/bonus/retur) menurut nama pihak atau nilai nol,keluarkan,Bukan omzet. Pisahkan agar tidak mengencerkan rata-rata nilai transaksi.
K05,2338,2020-06-09,BLF-002,BELFOODS SOSIS AYAM 1000 GR X 6 PACK,10.0,PACK,0.0,0.0,CASH,10,noise,kritis,Baris non-penjualan (sampling/bonus/retur) menurut nama pihak atau nilai nol,keluarkan,Bukan omzet. Pisahkan agar tidak mengencerkan rata-rata nilai transaksi.
K05,3309,2020-07-04,LUTOSA-002,LUTOSA SHOESTRING 2.5 KG X 4 PACK,20.0,DUS,0.0,0.0,CASH,12,noise,kritis,Baris non-penjualan (sampling/bonus/retur) menurut nama pihak atau nilai nol,keluarkan,Bukan omzet. Pisahkan agar tidak mengencerkan rata-rata nilai transaksi.
K05,3310,2020-07-04,CAV-001,CAVENDISH SHOESTRING 2.94 KG X 6 PACK,16.0,DUS,0.0,0.0,CASH,11,noise,kritis,Baris non-penjualan (sampling/bonus/retur) menurut nama pihak atau nilai nol,keluarkan,Bukan omzet. Pisahkan agar tidak mengencerkan rata-rata nilai transaksi.
K05,3311,2020-07-04,JUL-001,STAR JULIENNE SHOESTRING 2.5 KG X 5 PACK,5.0,DUS,0.0,0.0,CASH,10,noise,kritis,Baris non-penjualan (sampling/bonus/retur) menurut nama pihak atau nilai nol,keluarkan,Bukan omzet. Pisahkan agar tidak mengencerkan rata-rata nilai transaksi.
K05,3312,2020-07-04,JUL-001,STAR JULIENNE SHOESTRING 2.5 KG X 5 PACK,2.0,PACK,0.0,0.0,CASH,10,noise,kritis,Baris non-penjualan (sampling/bonus/retur) menurut nama pihak atau nilai nol,keluarkan,Bukan omzet. Pisahkan agar tidak mengencerkan rata-rata nilai transaksi.
K05,4002,2020-07-21,DEN-006,DEN BAGUS NANO NANO X 20 PACK,38.0,PACK,0.0,0.0,CASH,12,noise,kritis,Baris non-penjualan (sampling/bonus/retur) menurut nama pihak atau nilai nol,keluarkan,Bukan omzet. Pisahkan agar tidak mengencerkan rata-rata nilai transaksi.
K05,4003,2020-07-21,DEN-001,DEN BAGUS IKAN ISI 32 X 20 PACK,57.0,PACK,0.0,0.0,CASH,11,noise,kritis,Baris non-penjualan (sampling/bonus/retur) menurut nama pihak atau nilai nol,keluarkan,Bukan omzet. Pisahkan agar tidak mengencerkan rata-rata nilai transaksi.
K05,4026,2020-07-22,CHA-001,CHAMP SOSIS 1000 GR X 10 PACK,16.0,PACK,0.0,0.0,CASH,11,noise,kritis,Baris non-penjualan (sampling/bonus/retur) menurut nama pihak atau nilai nol,keluarkan,Bukan omzet. Pisahkan agar tidak mengencerkan rata-rata nilai transaksi.
K05,4403,2020-07-29,SUN-006,SUNFISH DUMPLING CHEESE 500 GR X 12 PACK,1.0,PACK,0.0,0.0,ADEK FROZEN,11,noise,kritis,Baris non-penjualan (sampling/bonus/retur) menurut nama pihak atau nilai nol,keluarkan,Bukan omzet. Pisahkan agar tidak mengencerkan rata-rata nilai transaksi.
K05,4691,2020-08-06,CAV-001,CAVENDISH SHOESTRING 2.94 KG X 6 PACK,6.0,DUS,0.0,0.0,CASH,11,noise,kritis,Baris non-penjualan (sampling/bonus/retur) menurut nama pihak atau nilai nol,keluarkan,Bukan omzet. Pisahkan agar tidak mengencerkan rata-rata nilai transaksi.
K05,4692,2020-08-06,JUL-001,STAR JULIENNE SHOESTRING 2.5 KG X 5 PACK,1.0,PACK,0.0,0.0,CASH,10,noise,kritis,Baris non-penjualan (sampling/bonus/retur) menurut nama pihak atau nilai nol,keluarkan,Bukan omzet. Pisahkan agar tidak mengencerkan rata-rata nilai transaksi.
K05,5455,2020-08-27,SUN-002,SUNFISH FISH SOY 500 GR X 12 PACK,1.0,PACK,0.0,0.0,SAMPEL CRB,10,noise,kritis,Baris non-penjualan (sampling/bonus/retur) menurut nama pihak atau nilai nol,keluarkan,Bukan omzet. Pisahkan agar tidak mengencerkan rata-rata nilai transaksi.
K05,5456,2020-08-27,SUN-006,SUNFISH DUMPLING CHEESE 500 GR X 12 PACK,1.0,PACK,0.0,0.0,SAMPEL CRB,10,noise,kritis,Baris non-penjualan (sampling/bonus/retur) menurut nama pihak atau nilai nol,keluarkan,Bukan omzet. Pisahkan agar tidak mengencerkan rata-rata nilai transaksi.
K05,5931,2020-09-09,VITALIA-001,VITALIA BURGER SAPI ISI 10 250 GR X 16,1.0,PACK,0.0,0.0,FUN MART,10,noise,kritis,Baris non-penjualan (sampling/bonus/retur) menurut nama pihak atau nilai nol,keluarkan,Bukan omzet. Pisahkan agar tidak mengencerkan rata-rata nilai transaksi.
K05,5932,2020-09-09,VITALIA-002,VITALIA BURGER SAPI ISI 20 280 GR X 10,1.0,PACK,0.0,0.0,FUN MART,10,noise,kritis,Baris non-penjualan (sampling/bonus/retur) menurut nama pihak atau nilai nol,keluarkan,Bukan omzet. Pisahkan agar tidak mengencerkan rata-rata nilai transaksi.
K05,5936,2020-09-09,WEI-001,WEI WANG COKLAT X 12 PACK,3.0,PACK,0.0,0.0,FUN MART,11,noise,kritis,Baris non-penjualan (sampling/bonus/retur) menurut nama pihak atau nilai nol,keluarkan,Bukan omzet. Pisahkan agar tidak mengencerkan rata-rata nilai transaksi.
K05,5942,2020-09-09,WEI-003,WEI WANG MINI PAO SAPI 30 PCS X 12 PACK,3.0,PACK,0.0,0.0,FUN MART,11,noise,kritis,Baris non-penjualan (sampling/bonus/retur) menurut nama pihak atau nilai nol,keluarkan,Bukan omzet. Pisahkan agar tidak mengencerkan rata-rata nilai transaksi.
K05,6017,2020-09-14,VITALIA-001,VITALIA BURGER SAPI ISI 10 250 GR X 16,1.0,PACK,0.0,0.0,FUN MART,10,noise,kritis,Baris non-penjualan (sampling/bonus/retur) menurut nama pihak atau nilai nol,keluarkan,Bukan omzet. Pisahkan agar tidak mengencerkan rata-rata nilai transaksi.
K05,6018,2020-09-14,VITALIA-001,VITALIA BURGER SAPI ISI 10 250 GR X 16,1.0,PACK,0.0,0.0,PAK SLAMET / MBAH BEJO,10,noise,kritis,Baris non-penjualan (sampling/bonus/retur) menurut nama pihak atau nilai nol,keluarkan,Bukan omzet. Pisahkan agar tidak mengencerkan rata-rata nilai transaksi.
K05,6019,2020-09-14,VITALIA-002,VITALIA BURGER SAPI ISI 20 280 GR X 10,1.0,PACK,0.0,0.0,FUN MART,10,noise,kritis,Baris non-penjualan (sampling/bonus/retur) menurut nama pihak atau nilai nol,keluarkan,Bukan omzet. Pisahkan agar tidak mengencerkan rata-rata nilai transaksi.
K05,6507,2020-09-22,KEM-002,KEMFOOD TORTILA BESAR 25 CM 0.7 GRAM,1.0,PACK,0.0,0.0,BATAM JAYA,10,noise,kritis,Baris non-penjualan (sampling/bonus/retur) menurut nama pihak atau nilai nol,keluarkan,Bukan omzet. Pisahkan agar tidak mengencerkan rata-rata nilai transaksi.
K05,6522,2020-09-22,TORTILA-001,TORTILA KECIL,1.0,PACK,0.0,0.0,BATAM JAYA,11,noise,kritis,Baris non-penjualan (sampling/bonus/retur) menurut nama pihak atau nilai nol,keluarkan,Bukan omzet. Pisahkan agar tidak mengencerkan rata-rata nilai transaksi.
K05,6523,2020-09-22,TORTILA-002,TORTILA SEDANG,1.0,PACK,0.0,0.0,BATAM JAYA,10,noise,kritis,Baris non-penjualan (sampling/bonus/retur) menurut nama pihak atau nilai nol,keluarkan,Bukan omzet. Pisahkan agar tidak mengencerkan rata-rata nilai transaksi.
K05,6530,2020-09-22,VITALIA-001,VITALIA BURGER SAPI ISI 10 250 GR X 16,1.0,PACK,0.0,0.0,BATAM JAYA,10,noise,kritis,Baris non-penjualan (sampling/bonus/retur) menurut nama pihak atau nilai nol,keluarkan,Bukan omzet. Pisahkan agar tidak mengencerkan rata-rata nilai transaksi.
K05,6637,2020-09-26,IP-001,IP KULIT LUMPIA ISI 50 LEMBAR X 36 PACK,1.0,PACK,0.0,0.0,SAMPEL CRB,11,noise,kritis,Baris non-penjualan (sampling/bonus/retur) menurut nama pihak atau nilai nol,keluarkan,Bukan omzet. Pisahkan agar tidak mengencerkan rata-rata nilai transaksi.
K05,6640,2020-09-26,IP-002,IP LUMPIA SAYUR ISI 20 PCS 500 GR X 24,1.0,PCS,0.0,0.0,SAMPEL CRB,10,noise,kritis,Baris non-penjualan (sampling/bonus/retur) menurut nama pihak atau nilai nol,keluarkan,Bukan omzet. Pisahkan agar tidak mengencerkan rata-rata nilai transaksi.
K05,6643,2020-09-26,JOF-006,JOFRANS BASO AYAM 500 GR X 15 PACK,1.0,PACK,0.0,0.0,SAMPEL CRB,10,noise,kritis,Baris non-penjualan (sampling/bonus/retur) menurut nama pihak atau nilai nol,keluarkan,Bukan omzet. Pisahkan agar tidak mengencerkan rata-rata nilai transaksi.
K05,6644,2020-09-26,JOF-010,JOFRANS NUGGET AYAM HATI 1000 GR X 10,1.0,PACK,0.0,0.0,SAMPEL CRB,10,noise,kritis,Baris non-penjualan (sampling/bonus/retur) menurut nama pihak atau nilai nol,keluarkan,Bukan omzet. Pisahkan agar tidak mengencerkan rata-rata nilai transaksi.
K05,6646,2020-09-26,JOF-022,JOFRANS NUGGET AYAM REG. 225 GR X 24 PAK,2.0,PACK,0.0,0.0,SAMPEL CRB,10,noise,kritis,Baris non-penjualan (sampling/bonus/retur) menurut nama pihak atau nilai nol,keluarkan,Bukan omzet. Pisahkan agar tidak mengencerkan rata-rata nilai transaksi.
K05,6673,2020-09-26,VIGO-001,VIGO SOSIS AYAM PANJANG 450 GR X 20 PACK,2.0,PACK,0.0,0.0,SAMPEL CRB,10,noise,kritis,Baris non-penjualan (sampling/bonus/retur) menurut nama pihak atau nilai nol,keluarkan,Bukan omzet. Pisahkan agar tidak mengencerkan rata-rata nilai transaksi.
K05,6678,2020-09-26,VIGO-005,VIGO MINI BURGER ISI 20 PCS 235 GRM X 20,1.0,PACK,0.0,0.0,SAMPEL CRB,10,noise,kritis,Baris non-penjualan (sampling/bonus/retur) menurut nama pihak atau nilai nol,keluarkan,Bukan omzet. Pisahkan agar tidak mengencerkan rata-rata nilai transaksi.
K05,6681,2020-09-26,WEI-001,WEI WANG COKLAT X 12 PACK,3.0,PACK,0.0,0.0,SAMPEL CRB,11,noise,kritis,Baris non-penjualan (sampling/bonus/retur) menurut nama pihak atau nilai nol,keluarkan,Bukan omzet. Pisahkan agar tidak mengencerkan rata-rata nilai transaksi.
A02,2325,2020-06-09,MIT-005,MITRAKU CHILI&CELERY FISHCAKE 500GR X 20,10.0,PACK,28900.0,144500.0,PAK ERWIN,4,aritmetika,peringatan,Potongan tidak wajar: JUMLAH < 80% dari QTY x HARGA,tandai,Potongan sangat dalam — cek promo khusus atau salah ketik nominal.
A02,2334,2020-06-09,MIT-005,MITRAKU CHILI&CELERY FISHCAKE 500GR X 20,6.0,PACK,28900.0,86700.0,PAK ERWIN,4,aritmetika,peringatan,Potongan tidak wajar: JUMLAH < 80% dari QTY x HARGA,tandai,Potongan sangat dalam — cek promo khusus atau salah ketik nominal.
A02,4559,2020-08-03,MIT-005,MITRAKU CHILI&CELERY FISHCAKE 500GR X 20,27.0,PACK,28900.0,390150.0,PAK ERWIN,5,aritmetika,peringatan,Potongan tidak wajar: JUMLAH < 80% dari QTY x HARGA,tandai,Potongan sangat dalam — cek promo khusus atau salah ketik nominal.
A02,4560,2020-08-03,MIT-013,MITRAKU SCALLOP 200 GR X 40 PACK,51.0,PACK,9900.0,252450.0,PAK ERWIN,5,aritmetika,peringatan,Potongan tidak wajar: JUMLAH < 80% dari QTY x HARGA,tandai,Potongan sangat dalam — cek promo khusus atau salah ketik nominal.
R02,33,2020-04-01,LUTOSA-002,LUTOSA SHOESTRING 2.5 KG X 4 PACK,2.0,DUS,235000.0,470000.0,AMANAH FROZEN,2,referensial,peringatan,Nama barang sama dipakai oleh >1 kode barang,tandai,Kemungkinan kode ganda untuk barang identik — perlu penggabungan SKU.
R02,51,2020-04-02,LUTOSA-002,LUTOSA SHOESTRING 2.5 KG X 4 PACK,1.0,DUS,250000.0,250000.0,MAJU JAYA,2,referensial,peringatan,Nama barang sama dipakai oleh >1 kode barang,tandai,Kemungkinan kode ganda untuk barang identik — perlu penggabungan SKU.
R02,61,2020-04-02,LUTOSA-002,LUTOSA SHOESTRING 2.5 KG X 4 PACK,2.0,DUS,250000.0,500000.0,DARTO,2,referensial,peringatan,Nama barang sama dipakai oleh >1 kode barang,tandai,Kemungkinan kode ganda untuk barang identik — perlu penggabungan SKU.
R02,63,2020-04-02,LUTOSA-002,LUTOSA SHOESTRING 2.5 KG X 4 PACK,20.0,DUS,240000.0,4800000.0,HENGKY,2,referensial,peringatan,Nama barang sama dipakai oleh >1 kode barang,tandai,Kemungkinan kode ganda untuk barang identik — perlu penggabungan SKU.
R02,76,2020-04-02,LUTOSA-002,LUTOSA SHOESTRING 2.5 KG X 4 PACK,2.0,DUS,250000.0,500000.0,RETRO,2,referensial,peringatan,Nama barang sama dipakai oleh >1 kode barang,tandai,Kemungkinan kode ganda untuk barang identik — perlu penggabungan SKU.
R02,80,2020-04-02,LUTOSA-002,LUTOSA SHOESTRING 2.5 KG X 4 PACK,5.0,DUS,240000.0,1200000.0,TIGA PUTRI,2,referensial,peringatan,Nama barang sama dipakai oleh >1 kode barang,tandai,Kemungkinan kode ganda untuk barang identik — perlu penggabungan SKU.
R02,89,2020-04-02,LUTOSA-002,LUTOSA SHOESTRING 2.5 KG X 4 PACK,2.0,DUS,235000.0,470000.0,AMANAH FROZEN,2,referensial,peringatan,Nama barang sama dipakai oleh >1 kode barang,tandai,Kemungkinan kode ganda untuk barang identik — perlu penggabungan SKU.
R02,122,2020-04-03,LUTOSA-002,LUTOSA SHOESTRING 2.5 KG X 4 PACK,10.0,DUS,225000.0,2250000.0,TOKO CITA RASA BARU,2,referensial,peringatan,Nama barang sama dipakai oleh >1 kode barang,tandai,Kemungkinan kode ganda untuk barang identik — perlu penggabungan SKU.
R02,148,2020-04-04,LUTOSA-002,LUTOSA SHOESTRING 2.5 KG X 4 PACK,10.0,DUS,240000.0,2400000.0,PT. DINAMIKA BUAH N.,2,referensial,peringatan,Nama barang sama dipakai oleh >1 kode barang,tandai,Kemungkinan kode ganda untuk barang identik — perlu penggabungan SKU.
R02,149,2020-04-04,LUTOSA-002,LUTOSA SHOESTRING 2.5 KG X 4 PACK,1.0,PACK,58000.0,58000.0,SUCI,2,referensial,peringatan,Nama barang sama dipakai oleh >1 kode barang,tandai,Kemungkinan kode ganda untuk barang identik — perlu penggabungan SKU.
R02,168,2020-04-04,LUTOSA-002,LUTOSA SHOESTRING 2.5 KG X 4 PACK,3.0,PACK,58000.0,174000.0,AMANAH FROZEN,2,referensial,peringatan,Nama barang sama dipakai oleh >1 kode barang,tandai,Kemungkinan kode ganda untuk barang identik — perlu penggabungan SKU.
R02,171,2020-04-04,LUTOSA-002,LUTOSA SHOESTRING 2.5 KG X 4 PACK,4.0,PACK,58000.0,232000.0,AMANAH FROZEN,2,referensial,peringatan,Nama barang sama dipakai oleh >1 kode barang,tandai,Kemungkinan kode ganda untuk barang identik — perlu penggabungan SKU.
R02,193,2020-04-06,LUTOSA-002,LUTOSA SHOESTRING 2.5 KG X 4 PACK,7.0,DUS,240000.0,1680000.0,PT. DINAMIKA BUAH N.,2,referensial,peringatan,Nama barang sama dipakai oleh >1 kode barang,tandai,Kemungkinan kode ganda untuk barang identik — perlu penggabungan SKU.
R02,201,2020-04-06,LUTOSA-002,LUTOSA SHOESTRING 2.5 KG X 4 PACK,1.0,DUS,235000.0,235000.0,PAK GUNAWAN,2,referensial,peringatan,Nama barang sama dipakai oleh >1 kode barang,tandai,Kemungkinan kode ganda untuk barang identik — perlu penggabungan SKU.
R02,233,2020-04-06,LUTOSA-002,LUTOSA SHOESTRING 2.5 KG X 4 PACK,4.0,PACK,58000.0,232000.0,AMANAH FROZEN,2,referensial,peringatan,Nama barang sama dipakai oleh >1 kode barang,tandai,Kemungkinan kode ganda untuk barang identik — perlu penggabungan SKU.
R02,241,2020-04-07,LUTOSA-002,LUTOSA SHOESTRING 2.5 KG X 4 PACK,2.0,DUS,245000.0,490000.0,FARDAN FROZEN,2,referensial,peringatan,Nama barang sama dipakai oleh >1 kode barang,tandai,Kemungkinan kode ganda untuk barang identik — perlu penggabungan SKU.
R02,249,2020-04-07,LUTOSA-002,LUTOSA SHOESTRING 2.5 KG X 4 PACK,2.0,DUS,235000.0,470000.0,ANNISA / SAIIN,2,referensial,peringatan,Nama barang sama dipakai oleh >1 kode barang,tandai,Kemungkinan kode ganda untuk barang identik — perlu penggabungan SKU.
R02,254,2020-04-07,LUTOSA-002,LUTOSA SHOESTRING 2.5 KG X 4 PACK,5.0,DUS,236000.0,1180000.0,FUN MART,2,referensial,peringatan,Nama barang sama dipakai oleh >1 kode barang,tandai,Kemungkinan kode ganda untuk barang identik — perlu penggabungan SKU.
R02,257,2020-04-07,LUTOSA-002,LUTOSA SHOESTRING 2.5 KG X 4 PACK,2.0,DUS,232000.0,464000.0,AMANAH FROZEN,2,referensial,peringatan,Nama barang sama dipakai oleh >1 kode barang,tandai,Kemungkinan kode ganda untuk barang identik — perlu penggabungan SKU.
R02,259,2020-04-08,LUTOSA-002,LUTOSA SHOESTRING 2.5 KG X 4 PACK,5.0,DUS,240000.0,1200000.0,PT. DINAMIKA BUAH N.,2,referensial,peringatan,Nama barang sama dipakai oleh >1 kode barang,tandai,Kemungkinan kode ganda untuk barang identik — perlu penggabungan SKU.
R02,366,2020-04-11,LUTOSA-002,LUTOSA SHOESTRING 2.5 KG X 4 PACK,3.0,DUS,240000.0,720000.0,FARDAN FROZEN,2,referensial,peringatan,Nama barang sama dipakai oleh >1 kode barang,tandai,Kemungkinan kode ganda untuk barang identik — perlu penggabungan SKU.
R02,387,2020-04-11,LUTOSA-002,LUTOSA SHOESTRING 2.5 KG X 4 PACK,1.0,DUS,250000.0,250000.0,UD. SARI MINANG,2,referensial,peringatan,Nama barang sama dipakai oleh >1 kode barang,tandai,Kemungkinan kode ganda untuk barang identik — perlu penggabungan SKU.
R02,393,2020-04-11,LUTOSA-002,LUTOSA SHOESTRING 2.5 KG X 4 PACK,1.0,DUS,250000.0,250000.0,TOKO PAK UGI,2,referensial,peringatan,Nama barang sama dipakai oleh >1 kode barang,tandai,Kemungkinan kode ganda untuk barang identik — perlu penggabungan SKU.
R02,398,2020-04-11,LUTOSA-002,LUTOSA SHOESTRING 2.5 KG X 4 PACK,3.0,DUS,235000.0,705000.0,RONI PANGAN SARI,2,referensial,peringatan,Nama barang sama dipakai oleh >1 kode barang,tandai,Kemungkinan kode ganda untuk barang identik — perlu penggabungan SKU.
R02,419,2020-04-13,LUTOSA-002,LUTOSA SHOESTRING 2.5 KG X 4 PACK,3.0,DUS,240000.0,720000.0,PT. DINAMIKA BUAH N.,2,referensial,peringatan,Nama barang sama dipakai oleh >1 kode barang,tandai,Kemungkinan kode ganda untuk barang identik — perlu penggabungan SKU.
R02,422,2020-04-13,LUTOSA-002,LUTOSA SHOESTRING 2.5 KG X 4 PACK,8.0,PACK,58000.0,464000.0,AMANAH FROZEN,2,referensial,peringatan,Nama barang sama dipakai oleh >1 kode barang,tandai,Kemungkinan kode ganda untuk barang identik — perlu penggabungan SKU.
R02,468,2020-04-14,LUTOSA-002,LUTOSA SHOESTRING 2.5 KG X 4 PACK,2.0,DUS,235000.0,470000.0,ANNISA / SAIIN,2,referensial,peringatan,Nama barang sama dipakai oleh >1 kode barang,tandai,Kemungkinan kode ganda untuk barang identik — perlu penggabungan SKU.
R02,472,2020-04-14,LUTOSA-002,LUTOSA SHOESTRING 2.5 KG X 4 PACK,8.0,DUS,232000.0,1856000.0,AMANAH FROZEN,2,referensial,peringatan,Nama barang sama dipakai oleh >1 kode barang,tandai,Kemungkinan kode ganda untuk barang identik — perlu penggabungan SKU.
R02,481,2020-04-15,LUTOSA-002,LUTOSA SHOESTRING 2.5 KG X 4 PACK,15.0,DUS,240000.0,3600000.0,PT. DINAMIKA BUAH N.,2,referensial,peringatan,Nama barang sama dipakai oleh >1 kode barang,tandai,Kemungkinan kode ganda untuk barang identik — perlu penggabungan SKU.
R02,497,2020-04-15,LUTOSA-002,LUTOSA SHOESTRING 2.5 KG X 4 PACK,2.0,DUS,235000.0,470000.0,KUBANG JAYA FOOD,2,referensial,peringatan,Nama barang sama dipakai oleh >1 kode barang,tandai,Kemungkinan kode ganda untuk barang identik — perlu penggabungan SKU.
R02,523,2020-04-16,LUTOSA-002,LUTOSA SHOESTRING 2.5 KG X 4 PACK,5.0,DUS,240000.0,1200000.0,MAS AAN,2,referensial,peringatan,Nama barang sama dipakai oleh >1 kode barang,tandai,Kemungkinan kode ganda untuk barang identik — perlu penggabungan SKU.
R02,532,2020-04-17,LUTOSA-002,LUTOSA SHOESTRING 2.5 KG X 4 PACK,4.0,PACK,58000.0,232000.0,AMANAH FROZEN,2,referensial,peringatan,Nama barang sama dipakai oleh >1 kode barang,tandai,Kemungkinan kode ganda untuk barang identik — perlu penggabungan SKU.
R02,536,2020-04-17,LUTOSA-002,LUTOSA SHOESTRING 2.5 KG X 4 PACK,1.0,DUS,250000.0,250000.0,TOKO SALMAINI HABABAHAN,2,referensial,peringatan,Nama barang sama dipakai oleh >1 kode barang,tandai,Kemungkinan kode ganda untuk barang identik — perlu penggabungan SKU.
R02,548,2020-04-17,LUTOSA-002,LUTOSA SHOESTRING 2.5 KG X 4 PACK,2.0,DUS,250000.0,500000.0,ACIKA JAYA,2,referensial,peringatan,Nama barang sama dipakai oleh >1 kode barang,tandai,Kemungkinan kode ganda untuk barang identik — perlu penggabungan SKU.
R02,587,2020-04-18,LUTOSA-002,LUTOSA SHOESTRING 2.5 KG X 4 PACK,35.0,DUS,240000.0,8400000.0,DEFRIADI,3,referensial,peringatan,Nama barang sama dipakai oleh >1 kode barang,tandai,Kemungkinan kode ganda untuk barang identik — perlu penggabungan SKU.
R02,610,2020-04-18,LUTOSA-002,LUTOSA SHOESTRING 2.5 KG X 4 PACK,2.0,DUS,240000.0,480000.0,BRAGA FROZEN FOOD,2,referensial,peringatan,Nama barang sama dipakai oleh >1 kode barang,tandai,Kemungkinan kode ganda untuk barang identik — perlu penggabungan SKU.
R02,649,2020-04-20,LUTOSA-002,LUTOSA SHOESTRING 2.5 KG X 4 PACK,3.0,DUS,240000.0,720000.0,FARDAN FROZEN,2,referensial,peringatan,Nama barang sama dipakai oleh >1 kode barang,tandai,Kemungkinan kode ganda untuk barang identik — perlu penggabungan SKU.
R02,656,2020-04-20,LUTOSA-002,LUTOSA SHOESTRING 2.5 KG X 4 PACK,1.0,DUS,240000.0,240000.0,SUCI,2,referensial,peringatan,Nama barang sama dipakai oleh >1 kode barang,tandai,Kemungkinan kode ganda untuk barang identik — perlu penggabungan SKU.
R02,660,2020-04-20,LUTOSA-002,LUTOSA SHOESTRING 2.5 KG X 4 PACK,1.0,DUS,240000.0,240000.0,SALES FANDI,2,referensial,peringatan,Nama barang sama dipakai oleh >1 kode barang,tandai,Kemungkinan kode ganda untuk barang identik — perlu penggabungan SKU.
R02,664,2020-04-20,LUTOSA-002,LUTOSA SHOESTRING 2.5 KG X 4 PACK,16.0,PACK,58000.0,928000.0,AMANAH FROZEN,2,referensial,peringatan,Nama barang sama dipakai oleh >1 kode barang,tandai,Kemungkinan kode ganda untuk barang identik — perlu penggabungan SKU.
R02,668,2020-04-20,LUTOSA-002,LUTOSA SHOESTRING 2.5 KG X 4 PACK,2.0,DUS,235000.0,470000.0,ANNISA / SAIIN,2,referensial,peringatan,Nama barang sama dipakai oleh >1 kode barang,tandai,Kemungkinan kode ganda untuk barang identik — perlu penggabungan SKU.
R02,679,2020-04-20,LUTOSA-002,LUTOSA SHOESTRING 2.5 KG X 4 PACK,1.0,DUS,235000.0,235000.0,PAK ERWIN,4,referensial,peringatan,Nama barang sama dipakai oleh >1 kode barang,tandai,Kemungkinan kode ganda untuk barang identik — perlu penggabungan SKU.
R02,684,2020-04-20,LUTOSA-002,LUTOSA SHOESTRING 2.5 KG X 4 PACK,5.0,DUS,236000.0,1180000.0,FUN MART,2,referensial,peringatan,Nama barang sama dipakai oleh >1 kode barang,tandai,Kemungkinan kode ganda untuk barang identik — perlu penggabungan SKU.
R02,700,2020-04-21,LUTOSA-002,LUTOSA SHOESTRING 2.5 KG X 4 PACK,4.0,DUS,235000.0,940000.0,KUBANG JAYA FOOD,2,referensial,peringatan,Nama barang sama dipakai oleh >1 kode barang,tandai,Kemungkinan kode ganda untuk barang identik — perlu penggabungan SKU.
R02,715,2020-04-22,LUTOSA-002,LUTOSA SHOESTRING 2.5 KG X 4 PACK,2.0,PACK,60000.0,120000.0,SALES FANDI,2,referensial,peringatan,Nama barang sama dipakai oleh >1 kode barang,tandai,Kemungkinan kode ganda untuk barang identik — perlu penggabungan SKU.
R02,718,2020-04-22,LUTOSA-002,LUTOSA SHOESTRING 2.5 KG X 4 PACK,3.0,PACK,58750.0,176250.0,CASH,2,referensial,peringatan,Nama barang sama dipakai oleh >1 kode barang,tandai,Kemungkinan kode ganda untuk barang identik — perlu penggabungan SKU.
R02,723,2020-04-22,LUTOSA-002,LUTOSA SHOESTRING 2.5 KG X 4 PACK,4.0,DUS,250000.0,1000000.0,RETRO,2,referensial,peringatan,Nama barang sama dipakai oleh >1 kode barang,tandai,Kemungkinan kode ganda untuk barang identik — perlu penggabungan SKU.
R02,750,2020-04-23,LUTOSA-002,LUTOSA SHOESTRING 2.5 KG X 4 PACK,10.0,DUS,240000.0,2400000.0,PT. DINAMIKA BUAH N.,2,referensial,peringatan,Nama barang sama dipakai oleh >1 kode barang,tandai,Kemungkinan kode ganda untuk barang identik — perlu penggabungan SKU.
R02,755,2020-04-23,LUTOSA-002,LUTOSA SHOESTRING 2.5 KG X 4 PACK,4.0,DUS,235000.0,940000.0,ANNISA / SAIIN,2,referensial,peringatan,Nama barang sama dipakai oleh >1 kode barang,tandai,Kemungkinan kode ganda untuk barang identik — perlu penggabungan SKU.
R02,798,2020-04-24,LUTOSA-002,LUTOSA SHOESTRING 2.5 KG X 4 PACK,15.0,DUS,235000.0,3525000.0,ADEK FROZEN,2,referensial,peringatan,Nama barang sama dipakai oleh >1 kode barang,tandai,Kemungkinan kode ganda untuk barang identik — perlu penggabungan SKU.
R02,833,2020-04-24,LUTOSA-002,LUTOSA SHOESTRING 2.5 KG X 4 PACK,4.0,DUS,240000.0,960000.0,FARDAN FROZEN,2,referensial,peringatan,Nama barang sama dipakai oleh >1 kode barang,tandai,Kemungkinan kode ganda untuk barang identik — perlu penggabungan SKU.
R02,840,2020-04-24,LUTOSA-002,LUTOSA SHOESTRING 2.5 KG X 4 PACK,1.0,DUS,235000.0,235000.0,PAK GUNAWAN,2,referensial,peringatan,Nama barang sama dipakai oleh >1 kode barang,tandai,Kemungkinan kode ganda untuk barang identik — perlu penggabungan SKU.
R02,841,2020-04-24,LUTOSA-002,LUTOSA SHOESTRING 2.5 KG X 4 PACK,2.0,PACK,58750.0,117500.0,PAK GUNAWAN,2,referensial,peringatan,Nama barang sama dipakai oleh >1 kode barang,tandai,Kemungkinan kode ganda untuk barang identik — perlu penggabungan SKU.
R02,857,2020-04-25,LUTOSA-002,LUTOSA SHOESTRING 2.5 KG X 4 PACK,6.0,PACK,58000.0,348000.0,AMANAH FROZEN,2,referensial,peringatan,Nama barang sama dipakai oleh >1 kode barang,tandai,Kemungkinan kode ganda untuk barang identik — perlu penggabungan SKU.
R02,860,2020-04-25,LUTOSA-002,LUTOSA SHOESTRING 2.5 KG X 4 PACK,106.0,DUS,0.0,0.0,CASH,13,referensial,peringatan,Nama barang sama dipakai oleh >1 kode barang,tandai,Kemungkinan kode ganda untuk barang identik — perlu penggabungan SKU.
R02,887,2020-04-27,LUTOSA-002,LUTOSA SHOESTRING 2.5 KG X 4 PACK,2.0,PACK,58750.0,117500.0,PAK GUNAWAN,2,referensial,peringatan,Nama barang sama dipakai oleh >1 kode barang,tandai,Kemungkinan kode ganda untuk barang identik — perlu penggabungan SKU.
R02,906,2020-04-28,LUTOSA-002,LUTOSA SHOESTRING 2.5 KG X 4 PACK,5.0,PACK,62500.0,312500.0,OKE MART,2,referensial,peringatan,Nama barang sama dipakai oleh >1 kode barang,tandai,Kemungkinan kode ganda untuk barang identik — perlu penggabungan SKU.
R02,919,2020-04-28,LUTOSA-002,LUTOSA SHOESTRING 2.5 KG X 4 PACK,6.0,DUS,240000.0,1440000.0,PT. DINAMIKA BUAH N.,2,referensial,peringatan,Nama barang sama dipakai oleh >1 kode barang,tandai,Kemungkinan kode ganda untuk barang identik — perlu penggabungan SKU.
R02,937,2020-04-28,LUTOSA-002,LUTOSA SHOESTRING 2.5 KG X 4 PACK,10.0,DUS,250000.0,2500000.0,GRAHA SANDENI,2,referensial,peringatan,Nama barang sama dipakai oleh >1 kode barang,tandai,Kemungkinan kode ganda untuk barang identik — perlu penggabungan SKU.
R02,975,2020-04-29,LUTOSA-002,LUTOSA SHOESTRING 2.5 KG X 4 PACK,15.0,DUS,240000.0,3600000.0,PT. DINAMIKA BUAH N.,2,referensial,peringatan,Nama barang sama dipakai oleh >1 kode barang,tandai,Kemungkinan kode ganda untuk barang identik — perlu penggabungan SKU.
R02,987,2020-04-29,LUTOSA-002,LUTOSA SHOESTRING 2.5 KG X 4 PACK,5.0,DUS,245000.0,1225000.0,KUBANG JAYA FOOD,2,referensial,peringatan,Nama barang sama dipakai oleh >1 kode barang,tandai,Kemungkinan kode ganda untuk barang identik — perlu penggabungan SKU.
R02,1010,2020-04-29,LUTOSA-002,LUTOSA SHOESTRING 2.5 KG X 4 PACK,2.0,DUS,240000.0,480000.0,AMANAH FROZEN,2,referensial,peringatan,Nama barang sama dipakai oleh >1 kode barang,tandai,Kemungkinan kode ganda untuk barang identik — perlu penggabungan SKU.
R02,1070,2020-05-02,LUTOSA-002,LUTOSA SHOESTRING 2.5 KG X 4 PACK,6.0,DUS,240000.0,1440000.0,AMANAH FROZEN,2,referensial,peringatan,Nama barang sama dipakai oleh >1 kode barang,tandai,Kemungkinan kode ganda untuk barang identik — perlu penggabungan SKU.
R02,1120,2020-05-04,LUTOSA-002,LUTOSA SHOESTRING 2.5 KG X 4 PACK,1.0,DUS,250000.0,250000.0,ACHIKA JAYA,2,referensial,peringatan,Nama barang sama dipakai oleh >1 kode barang,tandai,Kemungkinan kode ganda untuk barang identik — perlu penggabungan SKU.
R02,1143,2020-05-04,LUTOSA-002,LUTOSA SHOESTRING 2.5 KG X 4 PACK,2.0,DUS,250000.0,500000.0,FARDAN FROZEN,2,referensial,peringatan,Nama barang sama dipakai oleh >1 kode barang,tandai,Kemungkinan kode ganda untuk barang identik — perlu penggabungan SKU.
R02,1155,2020-05-04,LUTOSA-002,LUTOSA SHOESTRING 2.5 KG X 4 PACK,2.0,DUS,240000.0,480000.0,AMANAH FROZEN,2,referensial,peringatan,Nama barang sama dipakai oleh >1 kode barang,tandai,Kemungkinan kode ganda untuk barang identik — perlu penggabungan SKU.
R02,1156,2020-05-04,LUTOSA-002,LUTOSA SHOESTRING 2.5 KG X 4 PACK,13.0,DUS,0.0,0.0,CASH,12,referensial,peringatan,Nama barang sama dipakai oleh >1 kode barang,tandai,Kemungkinan kode ganda untuk barang identik — perlu penggabungan SKU.
R02,1193,2020-05-06,LUTOSA-002,LUTOSA SHOESTRING 2.5 KG X 4 PACK,2.0,DUS,240000.0,480000.0,AMANAH FROZEN,2,referensial,peringatan,Nama barang sama dipakai oleh >1 kode barang,tandai,Kemungkinan kode ganda untuk barang identik — perlu penggabungan SKU.
R02,1203,2020-05-08,LUTOSA-002,LUTOSA SHOESTRING 2.5 KG X 4 PACK,4.0,DUS,250000.0,1000000.0,HITE,2,referensial,peringatan,Nama barang sama dipakai oleh >1 kode barang,tandai,Kemungkinan kode ganda untuk barang identik — perlu penggabungan SKU.
R02,1208,2020-05-08,LUTOSA-002,LUTOSA SHOESTRING 2.5 KG X 4 PACK,1.0,DUS,240000.0,240000.0,ABADI JAYA,2,referensial,peringatan,Nama barang sama dipakai oleh >1 kode barang,tandai,Kemungkinan kode ganda untuk barang identik — perlu penggabungan SKU.
R02,1218,2020-05-08,LUTOSA-002,LUTOSA SHOESTRING 2.5 KG X 4 PACK,1.0,DUS,240000.0,240000.0,TOKO ALZENA,2,referensial,peringatan,Nama barang sama dipakai oleh >1 kode barang,tandai,Kemungkinan kode ganda untuk barang identik — perlu penggabungan SKU.
R02,1296,2020-05-09,LUTOSA-002,LUTOSA SHOESTRING 2.5 KG X 4 PACK,2.0,DUS,250000.0,500000.0,FARDAN FROZEN,2,referensial,peringatan,Nama barang sama dipakai oleh >1 kode barang,tandai,Kemungkinan kode ganda untuk barang identik — perlu penggabungan SKU.
R02,1299,2020-05-09,LUTOSA-002,LUTOSA SHOESTRING 2.5 KG X 4 PACK,5.0,DUS,240000.0,1200000.0,AMANAH FROZEN,2,referensial,peringatan,Nama barang sama dipakai oleh >1 kode barang,tandai,Kemungkinan kode ganda untuk barang identik — perlu penggabungan SKU.
R02,1464,2020-05-15,LUTOSA-002,LUTOSA SHOESTRING 2.5 KG X 4 PACK,1.0,PACK,60000.0,60000.0,AMANAH FROZEN,2,referensial,peringatan,Nama barang sama dipakai oleh >1 kode barang,tandai,Kemungkinan kode ganda untuk barang identik — perlu penggabungan SKU.
R02,1503,2020-05-16,LUTOSA-002,LUTOSA SHOESTRING 2.5 KG X 4 PACK,2.0,PACK,65000.0,130000.0,ACHIKA JAYA,2,referensial,peringatan,Nama barang sama dipakai oleh >1 kode barang,tandai,Kemungkinan kode ganda untuk barang identik — perlu penggabungan SKU.
R02,1549,2020-05-16,LUTOSA-002,LUTOSA SHOESTRING 2.5 KG X 4 PACK,3.0,DUS,250000.0,750000.0,BERKAH 1,2,referensial,peringatan,Nama barang sama dipakai oleh >1 kode barang,tandai,Kemungkinan kode ganda untuk barang identik — perlu penggabungan SKU.
R02,1559,2020-05-16,LUTOSA-002,LUTOSA SHOESTRING 2.5 KG X 4 PACK,2.0,DUS,250000.0,500000.0,RETRO,2,referensial,peringatan,Nama barang sama dipakai oleh >1 kode barang,tandai,Kemungkinan kode ganda untuk barang identik — perlu penggabungan SKU.
R02,1761,2020-05-27,LUTOSA-002,LUTOSA SHOESTRING 2.5 KG X 4 PACK,2.0,PACK,60000.0,120000.0,AMANAH FROZEN,2,referensial,peringatan,Nama barang sama dipakai oleh >1 kode barang,tandai,Kemungkinan kode ganda untuk barang identik — perlu penggabungan SKU.
R02,2294,2020-06-08,LUTOSA-002,LUTOSA SHOESTRING 2.5 KG X 4 PACK,52.0,DUS,0.0,0.0,CASH,13,referensial,peringatan,Nama barang sama dipakai oleh >1 kode barang,tandai,Kemungkinan kode ganda untuk barang identik — perlu penggabungan SKU.
R02,2434,2020-06-12,LUTOSA-002,LUTOSA SHOESTRING 2.5 KG X 4 PACK,15.0,DUS,240000.0,3600000.0,YUKABI,2,referensial,peringatan,Nama barang sama dipakai oleh >1 kode barang,tandai,Kemungkinan kode ganda untuk barang identik — perlu penggabungan SKU.
R02,2437,2020-06-12,LUTOSA-002,LUTOSA SHOESTRING 2.5 KG X 4 PACK,2.0,DUS,260000.0,520000.0,INDAH CAFE,2,referensial,peringatan,Nama barang sama dipakai oleh >1 kode barang,tandai,Kemungkinan kode ganda untuk barang identik — perlu penggabungan SKU.
R02,2545,2020-06-15,LUTOSA-002,LUTOSA SHOESTRING 2.5 KG X 4 PACK,5.0,DUS,250000.0,1250000.0,FUN MART,2,referensial,peringatan,Nama barang sama dipakai oleh >1 kode barang,tandai,Kemungkinan kode ganda untuk barang identik — perlu penggabungan SKU.
R02,2551,2020-06-15,LUTOSA-002,LUTOSA SHOESTRING 2.5 KG X 4 PACK,2.0,DUS,245000.0,490000.0,ANNISA / SAIIN,2,referensial,peringatan,Nama barang sama dipakai oleh >1 kode barang,tandai,Kemungkinan kode ganda untuk barang identik — perlu penggabungan SKU.
R02,2565,2020-06-16,LUTOSA-002,LUTOSA SHOESTRING 2.5 KG X 4 PACK,5.0,DUS,250000.0,1250000.0,FUN MART,2,referensial,peringatan,Nama barang sama dipakai oleh >1 kode barang,tandai,Kemungkinan kode ganda untuk barang identik — perlu penggabungan SKU.
R02,2609,2020-06-17,LUTOSA-002,LUTOSA SHOESTRING 2.5 KG X 4 PACK,7.0,DUS,250000.0,1750000.0,FUN MART,2,referensial,peringatan,Nama barang sama dipakai oleh >1 kode barang,tandai,Kemungkinan kode ganda untuk barang identik — perlu penggabungan SKU.
R02,2627,2020-06-17,LUTOSA-002,LUTOSA SHOESTRING 2.5 KG X 4 PACK,10.0,DUS,240000.0,2400000.0,ANTON,2,referensial,peringatan,Nama barang sama dipakai oleh >1 kode barang,tandai,Kemungkinan kode ganda untuk barang identik — perlu penggabungan SKU.
R02,2633,2020-06-17,LUTOSA-002,LUTOSA SHOESTRING 2.5 KG X 4 PACK,5.0,DUS,240000.0,1200000.0,ANTON,2,referensial,peringatan,Nama barang sama dipakai oleh >1 kode barang,tandai,Kemungkinan kode ganda untuk barang identik — perlu penggabungan SKU.
R02,2634,2020-06-17,LUTOSA-002,LUTOSA SHOESTRING 2.5 KG X 4 PACK,3.0,DUS,230000.0,690000.0,TOKO CITA RASA BARU,2,referensial,peringatan,Nama barang sama dipakai oleh >1 kode barang,tandai,Kemungkinan kode ganda untuk barang identik — perlu penggabungan SKU.
R02,2754,2020-06-20,LUTOSA-002,LUTOSA SHOESTRING 2.5 KG X 4 PACK,1.0,DUS,250000.0,250000.0,PAK GUNAWAN,2,referensial,peringatan,Nama barang sama dipakai oleh >1 kode barang,tandai,Kemungkinan kode ganda untuk barang identik — perlu penggabungan SKU.
R02,2766,2020-06-20,LUTOSA-002,LUTOSA SHOESTRING 2.5 KG X 4 PACK,3.0,DUS,250000.0,750000.0,PAK GUNAWAN,2,referensial,peringatan,Nama barang sama dipakai oleh >1 kode barang,tandai,Kemungkinan kode ganda untuk barang identik — perlu penggabungan SKU.
R02,2767,2020-06-20,LUTOSA-002,LUTOSA SHOESTRING 2.5 KG X 4 PACK,2.0,PACK,62500.0,125000.0,BU INAH,2,referensial,peringatan,Nama barang sama dipakai oleh >1 kode barang,tandai,Kemungkinan kode ganda untuk barang identik — perlu penggabungan SKU.
R02,2773,2020-06-20,LUTOSA-002,LUTOSA SHOESTRING 2.5 KG X 4 PACK,5.0,DUS,250000.0,1250000.0,FUN MART,2,referensial,peringatan,Nama barang sama dipakai oleh >1 kode barang,tandai,Kemungkinan kode ganda untuk barang identik — perlu penggabungan SKU.
R02,2784,2020-06-20,LUTOSA-002,LUTOSA SHOESTRING 2.5 KG X 4 PACK,11.0,DUS,240000.0,2640000.0,AMANAH FROZEN,2,referensial,peringatan,Nama barang sama dipakai oleh >1 kode barang,tandai,Kemungkinan kode ganda untuk barang identik — perlu penggabungan SKU.
R02,2789,2020-06-22,LUTOSA-002,LUTOSA SHOESTRING 2.5 KG X 4 PACK,10.0,DUS,240000.0,2400000.0,PT. DINAMIKA BUAH N.,2,referensial,peringatan,Nama barang sama dipakai oleh >1 kode barang,tandai,Kemungkinan kode ganda untuk barang identik — perlu penggabungan SKU.
R02,2806,2020-06-22,LUTOSA-002,LUTOSA SHOESTRING 2.5 KG X 4 PACK,2.0,DUS,250000.0,500000.0,FARDAN FROZEN,2,referensial,peringatan,Nama barang sama dipakai oleh >1 kode barang,tandai,Kemungkinan kode ganda untuk barang identik — perlu penggabungan SKU.
R02,2822,2020-06-22,LUTOSA-002,LUTOSA SHOESTRING 2.5 KG X 4 PACK,2.0,DUS,250000.0,500000.0,PAK GUNAWAN,2,referensial,peringatan,Nama barang sama dipakai oleh >1 kode barang,tandai,Kemungkinan kode ganda untuk barang identik — perlu penggabungan SKU.
R02,2865,2020-06-23,LUTOSA-002,LUTOSA SHOESTRING 2.5 KG X 4 PACK,2.0,DUS,240000.0,480000.0,AMANAH FROZEN,2,referensial,peringatan,Nama barang sama dipakai oleh >1 kode barang,tandai,Kemungkinan kode ganda untuk barang identik — perlu penggabungan SKU.
R02,2878,2020-06-23,LUTOSA-002,LUTOSA SHOESTRING 2.5 KG X 4 PACK,5.0,DUS,240000.0,1200000.0,YUKABI,2,referensial,peringatan,Nama barang sama dipakai oleh >1 kode barang,tandai,Kemungkinan kode ganda untuk barang identik — perlu penggabungan SKU.
R02,2897,2020-06-23,LUTOSA-002,LUTOSA SHOESTRING 2.5 KG X 4 PACK,25.0,DUS,230000.0,5750000.0,TOKO CITA RASA BARU,2,referensial,peringatan,Nama barang sama dipakai oleh >1 kode barang,tandai,Kemungkinan kode ganda untuk barang identik — perlu penggabungan SKU.
R02,2914,2020-06-24,LUTOSA-002,LUTOSA SHOESTRING 2.5 KG X 4 PACK,3.0,DUS,250000.0,750000.0,PAK GUNAWAN,2,referensial,peringatan,Nama barang sama dipakai oleh >1 kode barang,tandai,Kemungkinan kode ganda untuk barang identik — perlu penggabungan SKU.
R02,2915,2020-06-24,LUTOSA-002,LUTOSA SHOESTRING 2.5 KG X 4 PACK,5.0,DUS,250000.0,1250000.0,PAK GUNAWAN,2,referensial,peringatan,Nama barang sama dipakai oleh >1 kode barang,tandai,Kemungkinan kode ganda untuk barang identik — perlu penggabungan SKU.
R02,2917,2020-06-24,LUTOSA-002,LUTOSA SHOESTRING 2.5 KG X 4 PACK,3.0,DUS,250000.0,750000.0,FUN MART,2,referensial,peringatan,Nama barang sama dipakai oleh >1 kode barang,tandai,Kemungkinan kode ganda untuk barang identik — perlu penggabungan SKU.
R02,3014,2020-06-26,LUTOSA-002,LUTOSA SHOESTRING 2.5 KG X 4 PACK,3.0,DUS,235000.0,705000.0,ADEK FROZEN,3,referensial,peringatan,Nama barang sama dipakai oleh >1 kode barang,tandai,Kemungkinan kode ganda untuk barang identik — perlu penggabungan SKU.
R02,3020,2020-06-26,LUTOSA-002,LUTOSA SHOESTRING 2.5 KG X 4 PACK,2.0,DUS,235000.0,470000.0,ADEK FROZEN,3,referensial,peringatan,Nama barang sama dipakai oleh >1 kode barang,tandai,Kemungkinan kode ganda untuk barang identik — perlu penggabungan SKU.
R02,3027,2020-06-26,LUTOSA-002,LUTOSA SHOESTRING 2.5 KG X 4 PACK,2.0,PACK,58750.0,117500.0,CASH,3,referensial,peringatan,Nama barang sama dipakai oleh >1 kode barang,tandai,Kemungkinan kode ganda untuk barang identik — perlu penggabungan SKU.
R02,3039,2020-06-26,LUTOSA-002,LUTOSA SHOESTRING 2.5 KG X 4 PACK,34.0,DUS,240000.0,8160000.0,ANTON,4,referensial,peringatan,Nama barang sama dipakai oleh >1 kode barang,tandai,Kemungkinan kode ganda untuk barang identik — perlu penggabungan SKU.
R02,3073,2020-06-27,LUTOSA-002,LUTOSA SHOESTRING 2.5 KG X 4 PACK,5.0,DUS,250000.0,1250000.0,PAK ADEK,2,referensial,peringatan,Nama barang sama dipakai oleh >1 kode barang,tandai,Kemungkinan kode ganda untuk barang identik — perlu penggabungan SKU.
R02,3086,2020-06-27,LUTOSA-002,LUTOSA SHOESTRING 2.5 KG X 4 PACK,3.0,DUS,250000.0,750000.0,PAK GUNAWAN,2,referensial,peringatan,Nama barang sama dipakai oleh >1 kode barang,tandai,Kemungkinan kode ganda untuk barang identik — perlu penggabungan SKU.
R02,3098,2020-06-29,LUTOSA-002,LUTOSA SHOESTRING 2.5 KG X 4 PACK,2.0,DUS,250000.0,500000.0,SUCI,2,referensial,peringatan,Nama barang sama dipakai oleh >1 kode barang,tandai,Kemungkinan kode ganda untuk barang identik — perlu penggabungan SKU.
R02,3105,2020-06-29,LUTOSA-002,LUTOSA SHOESTRING 2.5 KG X 4 PACK,5.0,DUS,250000.0,1250000.0,FUN MART,2,referensial,peringatan,Nama barang sama dipakai oleh >1 kode barang,tandai,Kemungkinan kode ganda untuk barang identik — perlu penggabungan SKU.
R02,3117,2020-06-29,LUTOSA-002,LUTOSA SHOESTRING 2.5 KG X 4 PACK,3.0,DUS,250000.0,750000.0,FARDAN FROZEN,2,referensial,peringatan,Nama barang sama dipakai oleh >1 kode barang,tandai,Kemungkinan kode ganda untuk barang identik — perlu penggabungan SKU.
R02,3127,2020-06-29,LUTOSA-002,LUTOSA SHOESTRING 2.5 KG X 4 PACK,3.0,DUS,250000.0,750000.0,PAK ADEK,2,referensial,peringatan,Nama barang sama dipakai oleh >1 kode barang,tandai,Kemungkinan kode ganda untuk barang identik — perlu penggabungan SKU.
R02,3150,2020-06-30,LUTOSA-002,LUTOSA SHOESTRING 2.5 KG X 4 PACK,2.0,DUS,260000.0,520000.0,ARRAFA MART,2,referensial,peringatan,Nama barang sama dipakai oleh >1 kode barang,tandai,Kemungkinan kode ganda untuk barang identik — perlu penggabungan SKU.
R02,3162,2020-06-30,LUTOSA-002,LUTOSA SHOESTRING 2.5 KG X 4 PACK,1.0,DUS,260000.0,260000.0,ACHIKA JAYA,2,referensial,peringatan,Nama barang sama dipakai oleh >1 kode barang,tandai,Kemungkinan kode ganda untuk barang identik — perlu penggabungan SKU.
R02,3173,2020-06-30,LUTOSA-002,LUTOSA SHOESTRING 2.5 KG X 4 PACK,4.0,DUS,250000.0,1000000.0,TOKO ABADI,2,referensial,peringatan,Nama barang sama dipakai oleh >1 kode barang,tandai,Kemungkinan kode ganda untuk barang identik — perlu penggabungan SKU.
R02,3174,2020-06-30,LUTOSA-002,LUTOSA SHOESTRING 2.5 KG X 4 PACK,1.0,DUS,250000.0,250000.0,PAK ADEK,2,referensial,peringatan,Nama barang sama dipakai oleh >1 kode barang,tandai,Kemungkinan kode ganda untuk barang identik — perlu penggabungan SKU.
R02,3216,2020-07-02,LUTOSA-002,LUTOSA SHOESTRING 2.5 KG X 4 PACK,25.0,DUS,250000.0,6250000.0,PAK GUNAWAN,2,referensial,peringatan,Nama barang sama dipakai oleh >1 kode barang,tandai,Kemungkinan kode ganda untuk barang identik — perlu penggabungan SKU.
R02,3217,2020-07-02,LUTOSA-002,LUTOSA SHOESTRING 2.5 KG X 4 PACK,10.0,DUS,240000.0,2400000.0,PT. DINAMIKA BUAH N.,2,referensial,peringatan,Nama barang sama dipakai oleh >1 kode barang,tandai,Kemungkinan kode ganda untuk barang identik — perlu penggabungan SKU.
R02,3224,2020-07-02,LUTOSA-002,LUTOSA SHOESTRING 2.5 KG X 4 PACK,2.0,DUS,250000.0,500000.0,HITE,2,referensial,peringatan,Nama barang sama dipakai oleh >1 kode barang,tandai,Kemungkinan kode ganda untuk barang identik — perlu penggabungan SKU.
R02,3233,2020-07-02,LUTOSA-002,LUTOSA SHOESTRING 2.5 KG X 4 PACK,5.0,DUS,250000.0,1250000.0,TOKO ABADI,2,referensial,peringatan,Nama barang sama dipakai oleh >1 kode barang,tandai,Kemungkinan kode ganda untuk barang identik — perlu penggabungan SKU.
R02,3237,2020-07-03,LUTOSA-002,LUTOSA SHOESTRING 2.5 KG X 4 PACK,5.0,DUS,240000.0,1200000.0,AMANAH FROZEN,2,referensial,peringatan,Nama barang sama dipakai oleh >1 kode barang,tandai,Kemungkinan kode ganda untuk barang identik — perlu penggabungan SKU.
R02,3252,2020-07-03,LUTOSA-002,LUTOSA SHOESTRING 2.5 KG X 4 PACK,20.0,DUS,230000.0,4600000.0,TOKO CITA RASA BARU,2,referensial,peringatan,Nama barang sama dipakai oleh >1 kode barang,tandai,Kemungkinan kode ganda untuk barang identik — perlu penggabungan SKU.
R02,3260,2020-07-03,LUTOSA-002,LUTOSA SHOESTRING 2.5 KG X 4 PACK,20.0,DUS,240000.0,4800000.0,ANTON,2,referensial,peringatan,Nama barang sama dipakai oleh >1 kode barang,tandai,Kemungkinan kode ganda untuk barang identik — perlu penggabungan SKU.
R02,3271,2020-07-03,LUTOSA-002,LUTOSA SHOESTRING 2.5 KG X 4 PACK,15.0,DUS,250000.0,3750000.0,GRAHA SANDENI,2,referensial,peringatan,Nama barang sama dipakai oleh >1 kode barang,tandai,Kemungkinan kode ganda untuk barang identik — perlu penggabungan SKU.
R02,3293,2020-07-03,LUTOSA-002,LUTOSA SHOESTRING 2.5 KG X 4 PACK,7.0,PACK,62500.0,437500.0,FUN MART,2,referensial,peringatan,Nama barang sama dipakai oleh >1 kode barang,tandai,Kemungkinan kode ganda untuk barang identik — perlu penggabungan SKU.
R02,3305,2020-07-04,LUTOSA-002,LUTOSA SHOESTRING 2.5 KG X 4 PACK,2.0,DUS,250000.0,500000.0,PAK GUNAWAN,2,referensial,peringatan,Nama barang sama dipakai oleh >1 kode barang,tandai,Kemungkinan kode ganda untuk barang identik — perlu penggabungan SKU.
R02,3309,2020-07-04,LUTOSA-002,LUTOSA SHOESTRING 2.5 KG X 4 PACK,20.0,DUS,0.0,0.0,CASH,12,referensial,peringatan,Nama barang sama dipakai oleh >1 kode barang,tandai,Kemungkinan kode ganda untuk barang identik — perlu penggabungan SKU.
R02,3326,2020-07-04,LUTOSA-002,LUTOSA SHOESTRING 2.5 KG X 4 PACK,1.0,PACK,62500.0,62500.0,SALES FANDI,2,referensial,peringatan,Nama barang sama dipakai oleh >1 kode barang,tandai,Kemungkinan kode ganda untuk barang identik — perlu penggabungan SKU.
R02,3372,2020-07-04,LUTOSA-002,LUTOSA SHOESTRING 2.5 KG X 4 PACK,2.0,DUS,250000.0,500000.0,KUBANG JAYA FOOD,2,referensial,peringatan,Nama barang sama dipakai oleh >1 kode barang,tandai,Kemungkinan kode ganda untuk barang identik — perlu penggabungan SKU.
R02,3376,2020-07-06,LUTOSA-002,LUTOSA SHOESTRING 2.5 KG X 4 PACK,1.0,DUS,250000.0,250000.0,CASH,2,referensial,peringatan,Nama barang sama dipakai oleh >1 kode barang,tandai,Kemungkinan kode ganda untuk barang identik — perlu penggabungan SKU.
R02,3377,2020-07-06,LUTOSA-002,LUTOSA SHOESTRING 2.5 KG X 4 PACK,3.0,DUS,250000.0,750000.0,PAK ADEK,2,referensial,peringatan,Nama barang sama dipakai oleh >1 kode barang,tandai,Kemungkinan kode ganda untuk barang identik — perlu penggabungan SKU.
R02,3392,2020-07-06,LUTOSA-002,LUTOSA SHOESTRING 2.5 KG X 4 PACK,5.0,PACK,62500.0,312500.0,SUCI,2,referensial,peringatan,Nama barang sama dipakai oleh >1 kode barang,tandai,Kemungkinan kode ganda untuk barang identik — perlu penggabungan SKU.
R02,3393,2020-07-06,LUTOSA-002,LUTOSA SHOESTRING 2.5 KG X 4 PACK,5.0,PACK,62500.0,312500.0,CASH,2,referensial,peringatan,Nama barang sama dipakai oleh >1 kode barang,tandai,Kemungkinan kode ganda untuk barang identik — perlu penggabungan SKU.
R02,3401,2020-07-06,LUTOSA-002,LUTOSA SHOESTRING 2.5 KG X 4 PACK,1.0,PACK,65000.0,65000.0,TOKO SALMAINI HABABAHAN,2,referensial,peringatan,Nama barang sama dipakai oleh >1 kode barang,tandai,Kemungkinan kode ganda untuk barang identik — perlu penggabungan SKU.
R02,3405,2020-07-06,LUTOSA-002,LUTOSA SHOESTRING 2.5 KG X 4 PACK,5.0,DUS,240000.0,1200000.0,AMANAH FROZEN,2,referensial,peringatan,Nama barang sama dipakai oleh >1 kode barang,tandai,Kemungkinan kode ganda untuk barang identik — perlu penggabungan SKU.
R02,3407,2020-07-06,LUTOSA-002,LUTOSA SHOESTRING 2.5 KG X 4 PACK,3.0,DUS,250000.0,750000.0,FUN MART,2,referensial,peringatan,Nama barang sama dipakai oleh >1 kode barang,tandai,Kemungkinan kode ganda untuk barang identik — perlu penggabungan SKU.
R02,3432,2020-07-06,LUTOSA-002,LUTOSA SHOESTRING 2.5 KG X 4 PACK,4.0,DUS,260000.0,1040000.0,RETRO,2,referensial,peringatan,Nama barang sama dipakai oleh >1 kode barang,tandai,Kemungkinan kode ganda untuk barang identik — perlu penggabungan SKU.
R02,3453,2020-07-06,LUTOSA-002,LUTOSA SHOESTRING 2.5 KG X 4 PACK,5.0,DUS,230000.0,1150000.0,TOKO CITA RASA BARU,2,referensial,peringatan,Nama barang sama dipakai oleh >1 kode barang,tandai,Kemungkinan kode ganda untuk barang identik — perlu penggabungan SKU.
R02,3467,2020-07-07,LUTOSA-002,LUTOSA SHOESTRING 2.5 KG X 4 PACK,1.0,DUS,250000.0,250000.0,PAK ADEK,2,referensial,peringatan,Nama barang sama dipakai oleh >1 kode barang,tandai,Kemungkinan kode ganda untuk barang identik — perlu penggabungan SKU.
R02,3476,2020-07-07,LUTOSA-002,LUTOSA SHOESTRING 2.5 KG X 4 PACK,1.0,DUS,250000.0,250000.0,FARDAN FROZEN,2,referensial,peringatan,Nama barang sama dipakai oleh >1 kode barang,tandai,Kemungkinan kode ganda untuk barang identik — perlu penggabungan SKU.
R02,3479,2020-07-07,LUTOSA-002,LUTOSA SHOESTRING 2.5 KG X 4 PACK,1.0,DUS,250000.0,250000.0,SUCI,2,referensial,peringatan,Nama barang sama dipakai oleh >1 kode barang,tandai,Kemungkinan kode ganda untuk barang identik — perlu penggabungan SKU.
R02,3491,2020-07-07,LUTOSA-002,LUTOSA SHOESTRING 2.5 KG X 4 PACK,2.0,DUS,240000.0,480000.0,TOKO DENIS,2,referensial,peringatan,Nama barang sama dipakai oleh >1 kode barang,tandai,Kemungkinan kode ganda untuk barang identik — perlu penggabungan SKU.
R02,3513,2020-07-08,LUTOSA-002,LUTOSA SHOESTRING 2.5 KG X 4 PACK,10.0,DUS,240000.0,2400000.0,PT. DINAMIKA BUAH N.,2,referensial,peringatan,Nama barang sama dipakai oleh >1 kode barang,tandai,Kemungkinan kode ganda untuk barang identik — perlu penggabungan SKU.
R02,3514,2020-07-08,LUTOSA-002,LUTOSA SHOESTRING 2.5 KG X 4 PACK,22.0,DUS,250000.0,5500000.0,PAK GUNAWAN,2,referensial,peringatan,Nama barang sama dipakai oleh >1 kode barang,tandai,Kemungkinan kode ganda untuk barang identik — perlu penggabungan SKU.
R02,3521,2020-07-08,LUTOSA-002,LUTOSA SHOESTRING 2.5 KG X 4 PACK,5.0,DUS,250000.0,1250000.0,FUN MART,2,referensial,peringatan,Nama barang sama dipakai oleh >1 kode barang,tandai,Kemungkinan kode ganda untuk barang identik — perlu penggabungan SKU.
R02,3524,2020-07-08,LUTOSA-002,LUTOSA SHOESTRING 2.5 KG X 4 PACK,1.0,DUS,260000.0,260000.0,CASH,2,referensial,peringatan,Nama barang sama dipakai oleh >1 kode barang,tandai,Kemungkinan kode ganda untuk barang identik — perlu penggabungan SKU.
R02,3526,2020-07-08,LUTOSA-002,LUTOSA SHOESTRING 2.5 KG X 4 PACK,1.0,PACK,62500.0,62500.0,SUCI,2,referensial,peringatan,Nama barang sama dipakai oleh >1 kode barang,tandai,Kemungkinan kode ganda untuk barang identik — perlu penggabungan SKU.
R02,3528,2020-07-09,LUTOSA-002,LUTOSA SHOESTRING 2.5 KG X 4 PACK,6.0,DUS,240000.0,1440000.0,AMANAH FROZEN,2,referensial,peringatan,Nama barang sama dipakai oleh >1 kode barang,tandai,Kemungkinan kode ganda untuk barang identik — perlu penggabungan SKU.
R02,3530,2020-07-09,LUTOSA-002,LUTOSA SHOESTRING 2.5 KG X 4 PACK,1.0,PACK,62500.0,62500.0,SALES FANDI,2,referensial,peringatan,Nama barang sama dipakai oleh >1 kode barang,tandai,Kemungkinan kode ganda untuk barang identik — perlu penggabungan SKU.
R02,3534,2020-07-10,LUTOSA-002,LUTOSA SHOESTRING 2.5 KG X 4 PACK,15.0,DUS,240000.0,3600000.0,PT. DINAMIKA BUAH N.,2,referensial,peringatan,Nama barang sama dipakai oleh >1 kode barang,tandai,Kemungkinan kode ganda untuk barang identik — perlu penggabungan SKU.
R02,3554,2020-07-10,LUTOSA-002,LUTOSA SHOESTRING 2.5 KG X 4 PACK,2.0,PACK,65000.0,130000.0,TOKO NURHADI,4,referensial,peringatan,Nama barang sama dipakai oleh >1 kode barang,tandai,Kemungkinan kode ganda untuk barang identik — perlu penggabungan SKU.
R02,3586,2020-07-10,LUTOSA-002,LUTOSA SHOESTRING 2.5 KG X 4 PACK,2.0,PACK,65000.0,130000.0,ACHIKA JAYA,2,referensial,peringatan,Nama barang sama dipakai oleh >1 kode barang,tandai,Kemungkinan kode ganda untuk barang identik — perlu penggabungan SKU.
R02,3594,2020-07-10,LUTOSA-002,LUTOSA SHOESTRING 2.5 KG X 4 PACK,5.0,DUS,250000.0,1250000.0,FUN MART,2,referensial,peringatan,Nama barang sama dipakai oleh >1 kode barang,tandai,Kemungkinan kode ganda untuk barang identik — perlu penggabungan SKU.
R02,3595,2020-07-10,LUTOSA-002,LUTOSA SHOESTRING 2.5 KG X 4 PACK,1.0,DUS,250000.0,250000.0,CASH,2,referensial,peringatan,Nama barang sama dipakai oleh >1 kode barang,tandai,Kemungkinan kode ganda untuk barang identik — perlu penggabungan SKU.
R02,3603,2020-07-11,LUTOSA-002,LUTOSA SHOESTRING 2.5 KG X 4 PACK,3.0,DUS,250000.0,750000.0,ACHEN / VINCENT,2,referensial,peringatan,Nama barang sama dipakai oleh >1 kode barang,tandai,Kemungkinan kode ganda untuk barang identik — perlu penggabungan SKU.
R02,3620,2020-07-13,LUTOSA-002,LUTOSA SHOESTRING 2.5 KG X 4 PACK,25.0,DUS,250000.0,6250000.0,PAK GUNAWAN,2,referensial,peringatan,Nama barang sama dipakai oleh >1 kode barang,tandai,Kemungkinan kode ganda untuk barang identik — perlu penggabungan SKU.
R02,3644,2020-07-13,LUTOSA-002,LUTOSA SHOESTRING 2.5 KG X 4 PACK,16.0,DUS,240000.0,3840000.0,AMANAH FROZEN,2,referensial,peringatan,Nama barang sama dipakai oleh >1 kode barang,tandai,Kemungkinan kode ganda untuk barang identik — perlu penggabungan SKU.
R02,3649,2020-07-13,LUTOSA-002,LUTOSA SHOESTRING 2.5 KG X 4 PACK,5.0,DUS,250000.0,1250000.0,FUN MART,2,referensial,peringatan,Nama barang sama dipakai oleh >1 kode barang,tandai,Kemungkinan kode ganda untuk barang identik — perlu penggabungan SKU.
R02,3668,2020-07-13,LUTOSA-002,LUTOSA SHOESTRING 2.5 KG X 4 PACK,10.0,DUS,240000.0,2400000.0,ANTON,2,referensial,peringatan,Nama barang sama dipakai oleh >1 kode barang,tandai,Kemungkinan kode ganda untuk barang identik — perlu penggabungan SKU.
R02,3699,2020-07-14,LUTOSA-002,LUTOSA SHOESTRING 2.5 KG X 4 PACK,3.0,DUS,250000.0,750000.0,PAK ADEK,2,referensial,peringatan,Nama barang sama dipakai oleh >1 kode barang,tandai,Kemungkinan kode ganda untuk barang identik — perlu penggabungan SKU.
R02,3703,2020-07-14,LUTOSA-002,LUTOSA SHOESTRING 2.5 KG X 4 PACK,3.0,DUS,240000.0,720000.0,AMANAH FROZEN,2,referensial,peringatan,Nama barang sama dipakai oleh >1 kode barang,tandai,Kemungkinan kode ganda untuk barang identik — perlu penggabungan SKU.
R02,3713,2020-07-14,LUTOSA-002,LUTOSA SHOESTRING 2.5 KG X 4 PACK,1.0,DUS,250000.0,250000.0,SALES FANDI,2,referensial,peringatan,Nama barang sama dipakai oleh >1 kode barang,tandai,Kemungkinan kode ganda untuk barang identik — perlu penggabungan SKU.
R02,3746,2020-07-16,LUTOSA-002,LUTOSA SHOESTRING 2.5 KG X 4 PACK,2.0,DUS,240000.0,480000.0,ADEK FROZEN,2,referensial,peringatan,Nama barang sama dipakai oleh >1 kode barang,tandai,Kemungkinan kode ganda untuk barang identik — perlu penggabungan SKU.
R02,3758,2020-07-16,LUTOSA-002,LUTOSA SHOESTRING 2.5 KG X 4 PACK,1.0,DUS,240000.0,240000.0,ADEK FROZEN,2,referensial,peringatan,Nama barang sama dipakai oleh >1 kode barang,tandai,Kemungkinan kode ganda untuk barang identik — perlu penggabungan SKU.
R02,3781,2020-07-16,LUTOSA-002,LUTOSA SHOESTRING 2.5 KG X 4 PACK,10.0,DUS,240000.0,2400000.0,AMANAH FROZEN,2,referensial,peringatan,Nama barang sama dipakai oleh >1 kode barang,tandai,Kemungkinan kode ganda untuk barang identik — perlu penggabungan SKU.
R02,3782,2020-07-16,LUTOSA-002,LUTOSA SHOESTRING 2.5 KG X 4 PACK,2.0,PACK,60000.0,120000.0,AMANAH FROZEN,2,referensial,peringatan,Nama barang sama dipakai oleh >1 kode barang,tandai,Kemungkinan kode ganda untuk barang identik — perlu penggabungan SKU.
R02,3947,2020-07-21,LUTOSA-002,LUTOSA SHOESTRING 2.5 KG X 4 PACK,5.0,DUS,250000.0,1250000.0,MM GALAXY,2,referensial,peringatan,Nama barang sama dipakai oleh >1 kode barang,tandai,Kemungkinan kode ganda untuk barang identik — perlu penggabungan SKU.
R02,6605,2020-09-26,ARTHUR-001,ARTHUR SHOESTRING 2.5 KG X 4 PACK,10.0,DUS,230000.0,2300000.0,TOKO CITA RASA BARU,3,referensial,peringatan,Nama barang sama dipakai oleh >1 kode barang,tandai,Kemungkinan kode ganda untuk barang identik — perlu penggabungan SKU.
R02,6606,2020-09-26,ARTHUR-001,ARTHUR SHOESTRING 2.5 KG X 4 PACK,12.0,PACK,61000.0,732000.0,PAK HENDRIS,3,referensial,peringatan,Nama barang sama dipakai oleh >1 kode barang,tandai,Kemungkinan kode ganda untuk barang identik — perlu penggabungan SKU.
R02,6683,2020-09-29,ARTHUR-001,ARTHUR SHOESTRING 2.5 KG X 4 PACK,3.0,DUS,245000.0,735000.0,FUN MART,3,referensial,peringatan,Nama barang sama dipakai oleh >1 kode barang,tandai,Kemungkinan kode ganda untuk barang identik — perlu penggabungan SKU.
R02,6732,2020-09-30,ARTHUR-001,ARTHUR SHOESTRING 2.5 KG X 4 PACK,3.0,DUS,250000.0,750000.0,HARUM MANIS,5,referensial,peringatan,Nama barang sama dipakai oleh >1 kode barang,tandai,Kemungkinan kode ganda untuk barang identik — perlu penggabungan SKU.
R02,6733,2020-09-30,ARTHUR-001,ARTHUR SHOESTRING 2.5 KG X 4 PACK,2.0,DUS,260000.0,520000.0,ARRAFA MART,3,referensial,peringatan,Nama barang sama dipakai oleh >1 kode barang,tandai,Kemungkinan kode ganda untuk barang identik — perlu penggabungan SKU.
R03,85,2020-04-02,BLF-002,BELFOODS SOSIS AYAM 1000 GR X 6 PACK,5.0,DUS,180000.0,900000.0,PAK ERWIN,2,referensial,peringatan,Pelanggan tercatat pada >1 kode kanal,perbaiki,Tentukan kanal yang benar; analisis per kanal belum dapat dipercaya sebelum itu.
R03,86,2020-04-02,BLF-001,BELFOODS SOSIS AYAM 500 GR X 12 PACK,2.0,DUS,180000.0,360000.0,PAK ERWIN,2,referensial,peringatan,Pelanggan tercatat pada >1 kode kanal,perbaiki,Tentukan kanal yang benar; analisis per kanal belum dapat dipercaya sebelum itu.
R03,87,2020-04-02,JOF-023,JOFRANS NUGGET AYAM HATI 500 GR X 12 PAK,1.0,DUS,210000.0,210000.0,PAK ERWIN,2,referensial,peringatan,Pelanggan tercatat pada >1 kode kanal,perbaiki,Tentukan kanal yang benar; analisis per kanal belum dapat dipercaya sebelum itu.
R03,150,2020-04-04,JOF-002,JOFRANS NUGGET AYAM REG. 500 GR X 12 PAK,1.0,DUS,216000.0,216000.0,HARUM MANIS,2,referensial,peringatan,Pelanggan tercatat pada >1 kode kanal,perbaiki,Tentukan kanal yang benar; analisis per kanal belum dapat dipercaya sebelum itu.
R03,151,2020-04-04,JOF-022,JOFRANS NUGGET AYAM REG. 225 GR X 24 PAK,12.0,PACK,10000.0,120000.0,HARUM MANIS,2,referensial,peringatan,Pelanggan tercatat pada >1 kode kanal,perbaiki,Tentukan kanal yang benar; analisis per kanal belum dapat dipercaya sebelum itu.
R03,152,2020-04-04,JOF-003,JOFRANS SPICY WING 500 GR X 12 PACK,5.0,PACK,43000.0,215000.0,HARUM MANIS,2,referensial,peringatan,Pelanggan tercatat pada >1 kode kanal,perbaiki,Tentukan kanal yang benar; analisis per kanal belum dapat dipercaya sebelum itu.
R03,153,2020-04-04,MIT-017,MITRAKU BAKSO IKAN ISI KEJU 500 GR X 20,6.0,PACK,28000.0,168000.0,HARUM MANIS,2,referensial,peringatan,Pelanggan tercatat pada >1 kode kanal,perbaiki,Tentukan kanal yang benar; analisis per kanal belum dapat dipercaya sebelum itu.
R03,154,2020-04-04,MIT-019,MITRAKU BAKSO IKAN ISI AYAM 500 GR X 20,6.0,PACK,28000.0,168000.0,HARUM MANIS,2,referensial,peringatan,Pelanggan tercatat pada >1 kode kanal,perbaiki,Tentukan kanal yang benar; analisis per kanal belum dapat dipercaya sebelum itu.
R03,155,2020-04-04,MIT-020,MITRAKU BAKSO IKAN PELOR 500GR X 20 PACK,5.0,PACK,16400.0,82000.0,HARUM MANIS,2,referensial,peringatan,Pelanggan tercatat pada >1 kode kanal,perbaiki,Tentukan kanal yang benar; analisis per kanal belum dapat dipercaya sebelum itu.
R03,156,2020-04-04,MIT-014,MITRAKU SCALLOP 400 GR X 23 PACK,6.0,PACK,18700.0,112200.0,HARUM MANIS,2,referensial,peringatan,Pelanggan tercatat pada >1 kode kanal,perbaiki,Tentukan kanal yang benar; analisis per kanal belum dapat dipercaya sebelum itu.
R03,157,2020-04-04,MIT-015,MITRAKU SIOMAY 500 GR X 15 PACK,10.0,PACK,42600.0,426000.0,HARUM MANIS,2,referensial,peringatan,Pelanggan tercatat pada >1 kode kanal,perbaiki,Tentukan kanal yang benar; analisis per kanal belum dapat dipercaya sebelum itu.
R03,158,2020-04-04,MIT-009,MITRAKU FISH ROLL 500 GR X 20 PACK,9.0,PACK,23400.0,210600.0,HARUM MANIS,2,referensial,peringatan,Pelanggan tercatat pada >1 kode kanal,perbaiki,Tentukan kanal yang benar; analisis per kanal belum dapat dipercaya sebelum itu.
R03,159,2020-04-04,MIT-010,MITRAKU FISH ROLL 250 GR X 25 PACK,10.0,PACK,13000.0,130000.0,HARUM MANIS,2,referensial,peringatan,Pelanggan tercatat pada >1 kode kanal,perbaiki,Tentukan kanal yang benar; analisis per kanal belum dapat dipercaya sebelum itu.
R03,160,2020-04-04,OKEY-002,OKEY SOSIS 1000 GR X 10 PACK,1.0,DUS,340000.0,340000.0,PAK ERWIN,2,referensial,peringatan,Pelanggan tercatat pada >1 kode kanal,perbaiki,Tentukan kanal yang benar; analisis per kanal belum dapat dipercaya sebelum itu.
R03,161,2020-04-04,OKEY-001,OKEY SOSIS 500 GR X 20 PACK,1.0,DUS,340000.0,340000.0,PAK ERWIN,2,referensial,peringatan,Pelanggan tercatat pada >1 kode kanal,perbaiki,Tentukan kanal yang benar; analisis per kanal belum dapat dipercaya sebelum itu.
R03,162,2020-04-04,FOODY-001,FOODY BASO IKAN 500 GR X 20 PACK,10.0,PACK,15500.0,155000.0,PAK ERWIN,2,referensial,peringatan,Pelanggan tercatat pada >1 kode kanal,perbaiki,Tentukan kanal yang benar; analisis per kanal belum dapat dipercaya sebelum itu.
R03,163,2020-04-04,OKEY-003,OKEY STICK 500 GR X 10 PACK,2.0,DUS,180000.0,360000.0,PAK ERWIN,2,referensial,peringatan,Pelanggan tercatat pada >1 kode kanal,perbaiki,Tentukan kanal yang benar; analisis per kanal belum dapat dipercaya sebelum itu.
R03,164,2020-04-04,OKEY-004,OKEY STICK 1000 GR X 5 PACK,1.0,DUS,177500.0,177500.0,PAK ERWIN,2,referensial,peringatan,Pelanggan tercatat pada >1 kode kanal,perbaiki,Tentukan kanal yang benar; analisis per kanal belum dapat dipercaya sebelum itu.
R03,165,2020-04-04,JOF-008,JOFRANS BASO SAPI 500 GR X 15 PACK,1.0,DUS,457500.0,457500.0,PAK ERWIN,2,referensial,peringatan,Pelanggan tercatat pada >1 kode kanal,perbaiki,Tentukan kanal yang benar; analisis per kanal belum dapat dipercaya sebelum itu.
R03,202,2020-04-06,OKEY-001,OKEY SOSIS 500 GR X 20 PACK,2.0,DUS,340000.0,680000.0,PAK ERWIN,2,referensial,peringatan,Pelanggan tercatat pada >1 kode kanal,perbaiki,Tentukan kanal yang benar; analisis per kanal belum dapat dipercaya sebelum itu.
R03,203,2020-04-06,OKEY-003,OKEY STICK 500 GR X 10 PACK,1.0,DUS,180000.0,180000.0,PAK ERWIN,2,referensial,peringatan,Pelanggan tercatat pada >1 kode kanal,perbaiki,Tentukan kanal yang benar; analisis per kanal belum dapat dipercaya sebelum itu.
R03,321,2020-04-09,MIN-004,MINAKU SIOMAY IKAN 400 GR X 25 PACK,6.0,PACK,20000.0,120000.0,TOKO NURHADI,2,referensial,peringatan,Pelanggan tercatat pada >1 kode kanal,perbaiki,Tentukan kanal yang benar; analisis per kanal belum dapat dipercaya sebelum itu.
R03,322,2020-04-09,MIN-003,MINAKU SIOMAY UDANG 400 GR X 25 PACK,6.0,PACK,20000.0,120000.0,TOKO NURHADI,2,referensial,peringatan,Pelanggan tercatat pada >1 kode kanal,perbaiki,Tentukan kanal yang benar; analisis per kanal belum dapat dipercaya sebelum itu.
R03,323,2020-04-09,BLF-002,BELFOODS SOSIS AYAM 1000 GR X 6 PACK,2.0,DUS,189000.0,378000.0,TOKO NURHADI,2,referensial,peringatan,Pelanggan tercatat pada >1 kode kanal,perbaiki,Tentukan kanal yang benar; analisis per kanal belum dapat dipercaya sebelum itu.
R03,324,2020-04-09,JUL-002,KENTANG 500 GR,4.0,BKS,15000.0,60000.0,TOKO NURHADI,2,referensial,peringatan,Pelanggan tercatat pada >1 kode kanal,perbaiki,Tentukan kanal yang benar; analisis per kanal belum dapat dipercaya sebelum itu.
R03,325,2020-04-09,JOF-022,JOFRANS NUGGET AYAM REG. 225 GR X 24 PAK,1.0,DUS,240000.0,240000.0,TOKO NURHADI,2,referensial,peringatan,Pelanggan tercatat pada >1 kode kanal,perbaiki,Tentukan kanal yang benar; analisis per kanal belum dapat dipercaya sebelum itu.
R03,326,2020-04-09,MIT-003,MITRAKU BAKSO IKAN GORENG 250GRX36 PACK,20.0,PACK,12400.0,248000.0,TOKO NURHADI,2,referensial,peringatan,Pelanggan tercatat pada >1 kode kanal,perbaiki,Tentukan kanal yang benar; analisis per kanal belum dapat dipercaya sebelum itu.
R03,327,2020-04-09,MIT-010,MITRAKU FISH ROLL 250 GR X 25 PACK,20.0,PACK,13000.0,260000.0,TOKO NURHADI,2,referensial,peringatan,Pelanggan tercatat pada >1 kode kanal,perbaiki,Tentukan kanal yang benar; analisis per kanal belum dapat dipercaya sebelum itu.
R03,328,2020-04-09,MIT-013,MITRAKU SCALLOP 200 GR X 40 PACK,20.0,PACK,9900.0,198000.0,TOKO NURHADI,2,referensial,peringatan,Pelanggan tercatat pada >1 kode kanal,perbaiki,Tentukan kanal yang benar; analisis per kanal belum dapat dipercaya sebelum itu.
R03,329,2020-04-09,MIT-021,MITRAKU BAKSO IKAN 200 GR X 40 PACK,20.0,PACK,9900.0,198000.0,TOKO NURHADI,2,referensial,peringatan,Pelanggan tercatat pada >1 kode kanal,perbaiki,Tentukan kanal yang benar; analisis per kanal belum dapat dipercaya sebelum itu.
R03,330,2020-04-09,BLF-001,BELFOODS SOSIS AYAM 500 GR X 12 PACK,1.0,DUS,204000.0,204000.0,TOKO NURHADI,2,referensial,peringatan,Pelanggan tercatat pada >1 kode kanal,perbaiki,Tentukan kanal yang benar; analisis per kanal belum dapat dipercaya sebelum itu.
R03,331,2020-04-09,CIR-009,PK LOLIPOP CRISPY X 30 PACK,5.0,PACK,12500.0,62500.0,TOKO NURHADI,2,referensial,peringatan,Pelanggan tercatat pada >1 kode kanal,perbaiki,Tentukan kanal yang benar; analisis per kanal belum dapat dipercaya sebelum itu.
R03,332,2020-04-09,DEN-004,DEN BAGUS STICK ISI 32 X 30 PACK,5.0,PACK,13000.0,65000.0,TOKO NURHADI,2,referensial,peringatan,Pelanggan tercatat pada >1 kode kanal,perbaiki,Tentukan kanal yang benar; analisis per kanal belum dapat dipercaya sebelum itu.
R03,333,2020-04-09,DEN-006,DEN BAGUS NANO NANO X 20 PACK,5.0,PACK,10000.0,50000.0,TOKO NURHADI,3,referensial,peringatan,Pelanggan tercatat pada >1 kode kanal,perbaiki,Tentukan kanal yang benar; analisis per kanal belum dapat dipercaya sebelum itu.
R03,334,2020-04-09,DEN-001,DEN BAGUS IKAN ISI 32 X 20 PACK,5.0,PACK,13000.0,65000.0,TOKO NURHADI,2,referensial,peringatan,Pelanggan tercatat pada >1 kode kanal,perbaiki,Tentukan kanal yang benar; analisis per kanal belum dapat dipercaya sebelum itu.
R03,335,2020-04-09,OKEY-001,OKEY SOSIS 500 GR X 20 PACK,2.0,DUS,380000.0,760000.0,MANDIRI MART,2,referensial,peringatan,Pelanggan tercatat pada >1 kode kanal,perbaiki,Tentukan kanal yang benar; analisis per kanal belum dapat dipercaya sebelum itu.
R03,336,2020-04-09,MIN-003,MINAKU SIOMAY UDANG 400 GR X 25 PACK,1.0,PACK,20000.0,20000.0,MANDIRI MART,2,referensial,peringatan,Pelanggan tercatat pada >1 kode kanal,perbaiki,Tentukan kanal yang benar; analisis per kanal belum dapat dipercaya sebelum itu.
R03,337,2020-04-09,JOF-022,JOFRANS NUGGET AYAM REG. 225 GR X 24 PAK,12.0,PACK,10000.0,120000.0,KOPERASI KUSUMA BAKTI,2,referensial,peringatan,Pelanggan tercatat pada >1 kode kanal,perbaiki,Tentukan kanal yang benar; analisis per kanal belum dapat dipercaya sebelum itu.
R03,338,2020-04-09,JOF-002,JOFRANS NUGGET AYAM REG. 500 GR X 12 PAK,6.0,PACK,18000.0,108000.0,KOPERASI KUSUMA BAKTI,2,referensial,peringatan,Pelanggan tercatat pada >1 kode kanal,perbaiki,Tentukan kanal yang benar; analisis per kanal belum dapat dipercaya sebelum itu.
R03,339,2020-04-09,MIT-003,MITRAKU BAKSO IKAN GORENG 250GRX36 PACK,10.0,PACK,12400.0,124000.0,KOPERASI KUSUMA BAKTI,2,referensial,peringatan,Pelanggan tercatat pada >1 kode kanal,perbaiki,Tentukan kanal yang benar; analisis per kanal belum dapat dipercaya sebelum itu.
R03,340,2020-04-09,MIT-021,MITRAKU BAKSO IKAN 200 GR X 40 PACK,10.0,PACK,9900.0,99000.0,KOPERASI KUSUMA BAKTI,2,referensial,peringatan,Pelanggan tercatat pada >1 kode kanal,perbaiki,Tentukan kanal yang benar; analisis per kanal belum dapat dipercaya sebelum itu.
R03,341,2020-04-09,MIT-013,MITRAKU SCALLOP 200 GR X 40 PACK,10.0,PACK,9900.0,99000.0,KOPERASI KUSUMA BAKTI,2,referensial,peringatan,Pelanggan tercatat pada >1 kode kanal,perbaiki,Tentukan kanal yang benar; analisis per kanal belum dapat dipercaya sebelum itu.
R03,342,2020-04-09,MIT-010,MITRAKU FISH ROLL 250 GR X 25 PACK,10.0,PACK,13000.0,130000.0,KOPERASI KUSUMA BAKTI,2,referensial,peringatan,Pelanggan tercatat pada >1 kode kanal,perbaiki,Tentukan kanal yang benar; analisis per kanal belum dapat dipercaya sebelum itu.
R03,343,2020-04-09,BLF-002,BELFOODS SOSIS AYAM 1000 GR X 6 PACK,2.0,DUS,189000.0,378000.0,KOPERASI KUSUMA BAKTI,2,referensial,peringatan,Pelanggan tercatat pada >1 kode kanal,perbaiki,Tentukan kanal yang benar; analisis per kanal belum dapat dipercaya sebelum itu.
R03,344,2020-04-09,BLF-001,BELFOODS SOSIS AYAM 500 GR X 12 PACK,1.0,DUS,204000.0,204000.0,KOPERASI KUSUMA BAKTI,2,referensial,peringatan,Pelanggan tercatat pada >1 kode kanal,perbaiki,Tentukan kanal yang benar; analisis per kanal belum dapat dipercaya sebelum itu.
R03,349,2020-04-09,DEN-006,DEN BAGUS NANO NANO X 20 PACK,10.0,PACK,10000.0,100000.0,TOKO AQILA,3,referensial,peringatan,Pelanggan tercatat pada >1 kode kanal,perbaiki,Tentukan kanal yang benar; analisis per kanal belum dapat dipercaya sebelum itu.
R03,350,2020-04-09,CIR-009,PK LOLIPOP CRISPY X 30 PACK,10.0,PACK,12500.0,125000.0,TOKO AQILA,2,referensial,peringatan,Pelanggan tercatat pada >1 kode kanal,perbaiki,Tentukan kanal yang benar; analisis per kanal belum dapat dipercaya sebelum itu.
R03,351,2020-04-09,DEN-001,DEN BAGUS IKAN ISI 32 X 20 PACK,5.0,PACK,13000.0,65000.0,TOKO AQILA,2,referensial,peringatan,Pelanggan tercatat pada >1 kode kanal,perbaiki,Tentukan kanal yang benar; analisis per kanal belum dapat dipercaya sebelum itu.
R03,352,2020-04-09,CHA-006,CHAMP BASO 500 GR X 10 PACK,3.0,PACK,24000.0,72000.0,TOKO AQILA,2,referensial,peringatan,Pelanggan tercatat pada >1 kode kanal,perbaiki,Tentukan kanal yang benar; analisis per kanal belum dapat dipercaya sebelum itu.
R03,353,2020-04-09,JOF-002,JOFRANS NUGGET AYAM REG. 500 GR X 12 PAK,1.0,DUS,216000.0,216000.0,TOKO AQILA,2,referensial,peringatan,Pelanggan tercatat pada >1 kode kanal,perbaiki,Tentukan kanal yang benar; analisis per kanal belum dapat dipercaya sebelum itu.
R03,354,2020-04-09,DEN-001,DEN BAGUS IKAN ISI 32 X 20 PACK,3.0,PACK,13000.0,39000.0,SRC BUNDA,2,referensial,peringatan,Pelanggan tercatat pada >1 kode kanal,perbaiki,Tentukan kanal yang benar; analisis per kanal belum dapat dipercaya sebelum itu.
R03,355,2020-04-09,DEN-004,DEN BAGUS STICK ISI 32 X 30 PACK,3.0,PACK,13000.0,39000.0,SRC BUNDA,2,referensial,peringatan,Pelanggan tercatat pada >1 kode kanal,perbaiki,Tentukan kanal yang benar; analisis per kanal belum dapat dipercaya sebelum itu.
R03,356,2020-04-09,DEN-006,DEN BAGUS NANO NANO X 20 PACK,3.0,PACK,10000.0,30000.0,SRC BUNDA,3,referensial,peringatan,Pelanggan tercatat pada >1 kode kanal,perbaiki,Tentukan kanal yang benar; analisis per kanal belum dapat dipercaya sebelum itu.
R03,357,2020-04-09,JOF-002,JOFRANS NUGGET AYAM REG. 500 GR X 12 PAK,3.0,PACK,18000.0,54000.0,SRC BUNDA,2,referensial,peringatan,Pelanggan tercatat pada >1 kode kanal,perbaiki,Tentukan kanal yang benar; analisis per kanal belum dapat dipercaya sebelum itu.
R03,358,2020-04-09,MIT-021,MITRAKU BAKSO IKAN 200 GR X 40 PACK,3.0,PACK,10000.0,30000.0,SRC BUNDA,2,referensial,peringatan,Pelanggan tercatat pada >1 kode kanal,perbaiki,Tentukan kanal yang benar; analisis per kanal belum dapat dipercaya sebelum itu.
R03,359,2020-04-09,JOF-022,JOFRANS NUGGET AYAM REG. 225 GR X 24 PAK,3.0,PACK,10000.0,30000.0,SRC BUNDA,2,referensial,peringatan,Pelanggan tercatat pada >1 kode kanal,perbaiki,Tentukan kanal yang benar; analisis per kanal belum dapat dipercaya sebelum itu.
R03,360,2020-04-09,MIN-001,MINAKU OTAK OTAK 500 GR X 20 PACK,5.0,PACK,18000.0,90000.0,TOKO DUA PUTRI,2,referensial,peringatan,Pelanggan tercatat pada >1 kode kanal,perbaiki,Tentukan kanal yang benar; analisis per kanal belum dapat dipercaya sebelum itu.
R03,404,2020-04-11,MIN-001,MINAKU OTAK OTAK 500 GR X 20 PACK,1.0,DUS,350000.0,350000.0,PUTRA TUNGGAL,2,referensial,peringatan,Pelanggan tercatat pada >1 kode kanal,perbaiki,Tentukan kanal yang benar; analisis per kanal belum dapat dipercaya sebelum itu.
R03,405,2020-04-11,OKEY-003,OKEY STICK 500 GR X 10 PACK,4.0,DUS,190000.0,760000.0,PUTRA TUNGGAL,2,referensial,peringatan,Pelanggan tercatat pada >1 kode kanal,perbaiki,Tentukan kanal yang benar; analisis per kanal belum dapat dipercaya sebelum itu.
R03,406,2020-04-11,OKEY-001,OKEY SOSIS 500 GR X 20 PACK,2.0,DUS,370000.0,740000.0,PUTRA TUNGGAL,2,referensial,peringatan,Pelanggan tercatat pada >1 kode kanal,perbaiki,Tentukan kanal yang benar; analisis per kanal belum dapat dipercaya sebelum itu.
R03,407,2020-04-11,JOF-022,JOFRANS NUGGET AYAM REG. 225 GR X 24 PAK,1.0,DUS,240000.0,240000.0,PUTRA TUNGGAL,2,referensial,peringatan,Pelanggan tercatat pada >1 kode kanal,perbaiki,Tentukan kanal yang benar; analisis per kanal belum dapat dipercaya sebelum itu.
R03,437,2020-04-13,DEN-004,DEN BAGUS STICK ISI 32 X 30 PACK,20.0,PACK,11000.0,220000.0,PAK ERWIN,2,referensial,peringatan,Pelanggan tercatat pada >1 kode kanal,perbaiki,Tentukan kanal yang benar; analisis per kanal belum dapat dipercaya sebelum itu.
R03,438,2020-04-13,MANTUL-002,MANTUL BAKSO IKAN RASA UDANG 500 GR X 20,15.0,PACK,16500.0,247500.0,PAK ERWIN,2,referensial,peringatan,Pelanggan tercatat pada >1 kode kanal,perbaiki,Tentukan kanal yang benar; analisis per kanal belum dapat dipercaya sebelum itu.
R03,439,2020-04-13,MANTUL-003,MANTUL OTAK OTAK TEMPURA 500 GR X 20 PAK,10.0,PACK,16000.0,160000.0,PAK ERWIN,3,referensial,peringatan,Pelanggan tercatat pada >1 kode kanal,perbaiki,Tentukan kanal yang benar; analisis per kanal belum dapat dipercaya sebelum itu.
R03,440,2020-04-13,MIN-001,MINAKU OTAK OTAK 500 GR X 20 PACK,2.0,DUS,310000.0,620000.0,PAK ERWIN,2,referensial,peringatan,Pelanggan tercatat pada >1 kode kanal,perbaiki,Tentukan kanal yang benar; analisis per kanal belum dapat dipercaya sebelum itu.
R03,441,2020-04-13,BLF-001,BELFOODS SOSIS AYAM 500 GR X 12 PACK,2.0,DUS,180000.0,360000.0,PAK ERWIN,2,referensial,peringatan,Pelanggan tercatat pada >1 kode kanal,perbaiki,Tentukan kanal yang benar; analisis per kanal belum dapat dipercaya sebelum itu.
R03,442,2020-04-13,BLF-002,BELFOODS SOSIS AYAM 1000 GR X 6 PACK,5.0,DUS,180000.0,900000.0,PAK ERWIN,2,referensial,peringatan,Pelanggan tercatat pada >1 kode kanal,perbaiki,Tentukan kanal yang benar; analisis per kanal belum dapat dipercaya sebelum itu.
R03,443,2020-04-13,JOF-022,JOFRANS NUGGET AYAM REG. 225 GR X 24 PAK,12.0,PACK,9500.0,114000.0,PAK ERWIN,2,referensial,peringatan,Pelanggan tercatat pada >1 kode kanal,perbaiki,Tentukan kanal yang benar; analisis per kanal belum dapat dipercaya sebelum itu.
R03,444,2020-04-13,DEN-001,DEN BAGUS IKAN ISI 32 X 20 PACK,1.0,BAL,220000.0,220000.0,PAK ERWIN,2,referensial,peringatan,Pelanggan tercatat pada >1 kode kanal,perbaiki,Tentukan kanal yang benar; analisis per kanal belum dapat dipercaya sebelum itu.
R03,496,2020-04-15,OKEY-003,OKEY STICK 500 GR X 10 PACK,2.0,DUS,180000.0,360000.0,PAK ERWIN,2,referensial,peringatan,Pelanggan tercatat pada >1 kode kanal,perbaiki,Tentukan kanal yang benar; analisis per kanal belum dapat dipercaya sebelum itu.
R03,572,2020-04-18,EURIAL-001,EURIAL MOZZARELLA CHEESE 4 X 2.5 KG,1.0,DUS,980000.0,980000.0,HARUM MANIS,2,referensial,peringatan,Pelanggan tercatat pada >1 kode kanal,perbaiki,Tentukan kanal yang benar; analisis per kanal belum dapat dipercaya sebelum itu.
R03,629,2020-04-18,JOF-022,JOFRANS NUGGET AYAM REG. 225 GR X 24 PAK,1.0,DUS,240000.0,240000.0,HARUM MANIS,2,referensial,peringatan,Pelanggan tercatat pada >1 kode kanal,perbaiki,Tentukan kanal yang benar; analisis per kanal belum dapat dipercaya sebelum itu.
R03,679,2020-04-20,LUTOSA-002,LUTOSA SHOESTRING 2.5 KG X 4 PACK,1.0,DUS,235000.0,235000.0,PAK ERWIN,4,referensial,peringatan,Pelanggan tercatat pada >1 kode kanal,perbaiki,Tentukan kanal yang benar; analisis per kanal belum dapat dipercaya sebelum itu.
R03,680,2020-04-20,OKEY-003,OKEY STICK 500 GR X 10 PACK,1.0,DUS,180000.0,180000.0,PAK ERWIN,2,referensial,peringatan,Pelanggan tercatat pada >1 kode kanal,perbaiki,Tentukan kanal yang benar; analisis per kanal belum dapat dipercaya sebelum itu.
R03,681,2020-04-20,OKEY-001,OKEY SOSIS 500 GR X 20 PACK,10.0,PACK,17000.0,170000.0,PAK ERWIN,2,referensial,peringatan,Pelanggan tercatat pada >1 kode kanal,perbaiki,Tentukan kanal yang benar; analisis per kanal belum dapat dipercaya sebelum itu.
R03,682,2020-04-20,BLF-001,BELFOODS SOSIS AYAM 500 GR X 12 PACK,1.0,DUS,180000.0,180000.0,PAK ERWIN,2,referensial,peringatan,Pelanggan tercatat pada >1 kode kanal,perbaiki,Tentukan kanal yang benar; analisis per kanal belum dapat dipercaya sebelum itu.
R03,767,2020-04-23,MIN-001,MINAKU OTAK OTAK 500 GR X 20 PACK,2.0,DUS,310000.0,620000.0,PAK ERWIN,2,referensial,peringatan,Pelanggan tercatat pada >1 kode kanal,perbaiki,Tentukan kanal yang benar; analisis per kanal belum dapat dipercaya sebelum itu.
R03,768,2020-04-23,JOF-024,JOFRANS NUGGET AYAM STICKY 500 GR X 12,1.0,DUS,210000.0,210000.0,PAK ERWIN,2,referensial,peringatan,Pelanggan tercatat pada >1 kode kanal,perbaiki,Tentukan kanal yang benar; analisis per kanal belum dapat dipercaya sebelum itu.
R03,951,2020-04-28,JOF-023,JOFRANS NUGGET AYAM HATI 500 GR X 12 PAK,2.0,DUS,216000.0,432000.0,TOKO NURHADI,2,referensial,peringatan,Pelanggan tercatat pada >1 kode kanal,perbaiki,Tentukan kanal yang benar; analisis per kanal belum dapat dipercaya sebelum itu.
R03,952,2020-04-28,JOF-022,JOFRANS NUGGET AYAM REG. 225 GR X 24 PAK,1.0,DUS,240000.0,240000.0,TOKO NURHADI,2,referensial,peringatan,Pelanggan tercatat pada >1 kode kanal,perbaiki,Tentukan kanal yang benar; analisis per kanal belum dapat dipercaya sebelum itu.
R03,953,2020-04-28,MANTUL-003,MANTUL OTAK OTAK TEMPURA 500 GR X 20 PAK,1.0,DUS,360000.0,360000.0,TOKO NURHADI,3,referensial,peringatan,Pelanggan tercatat pada >1 kode kanal,perbaiki,Tentukan kanal yang benar; analisis per kanal belum dapat dipercaya sebelum itu.
R03,954,2020-04-28,LUTOSA-001,LUTOSA SHOESTRING 1000 GR X 10 PACK,5.0,PACK,27000.0,135000.0,TOKO NURHADI,2,referensial,peringatan,Pelanggan tercatat pada >1 kode kanal,perbaiki,Tentukan kanal yang benar; analisis per kanal belum dapat dipercaya sebelum itu.
R03,955,2020-04-28,LUTOSA-003,LUTOSA SHOESTRING 500 GR X 20 PACK,10.0,PACK,15000.0,150000.0,TOKO NURHADI,2,referensial,peringatan,Pelanggan tercatat pada >1 kode kanal,perbaiki,Tentukan kanal yang benar; analisis per kanal belum dapat dipercaya sebelum itu.
R03,958,2020-04-28,OKEY-003,OKEY STICK 500 GR X 10 PACK,2.0,DUS,195000.0,390000.0,MANDIRI MART,2,referensial,peringatan,Pelanggan tercatat pada >1 kode kanal,perbaiki,Tentukan kanal yang benar; analisis per kanal belum dapat dipercaya sebelum itu.
R03,959,2020-04-28,OKEY-003,OKEY STICK 500 GR X 10 PACK,3.0,DUS,195000.0,585000.0,TOKO HASAN,2,referensial,peringatan,Pelanggan tercatat pada >1 kode kanal,perbaiki,Tentukan kanal yang benar; analisis per kanal belum dapat dipercaya sebelum itu.
R03,960,2020-04-28,JOF-022,JOFRANS NUGGET AYAM REG. 225 GR X 24 PAK,1.0,DUS,240000.0,240000.0,TOKO HASAN,2,referensial,peringatan,Pelanggan tercatat pada >1 kode kanal,perbaiki,Tentukan kanal yang benar; analisis per kanal belum dapat dipercaya sebelum itu.
R03,961,2020-04-28,OKEY-003,OKEY STICK 500 GR X 10 PACK,5.0,PACK,19500.0,97500.0,TOKO AQILA,2,referensial,peringatan,Pelanggan tercatat pada >1 kode kanal,perbaiki,Tentukan kanal yang benar; analisis per kanal belum dapat dipercaya sebelum itu.
R03,962,2020-04-28,OKEY-001,OKEY SOSIS 500 GR X 20 PACK,10.0,PACK,19000.0,190000.0,TOKO AQILA,2,referensial,peringatan,Pelanggan tercatat pada >1 kode kanal,perbaiki,Tentukan kanal yang benar; analisis per kanal belum dapat dipercaya sebelum itu.
R03,963,2020-04-28,CHA-006,CHAMP BASO 500 GR X 10 PACK,1.0,DUS,240000.0,240000.0,KOPERASI KUSUMA BAKTI,2,referensial,peringatan,Pelanggan tercatat pada >1 kode kanal,perbaiki,Tentukan kanal yang benar; analisis per kanal belum dapat dipercaya sebelum itu.
R03,964,2020-04-28,OKEY-001,OKEY SOSIS 500 GR X 20 PACK,1.0,DUS,380000.0,380000.0,KOPERASI KUSUMA BAKTI,2,referensial,peringatan,Pelanggan tercatat pada >1 kode kanal,perbaiki,Tentukan kanal yang benar; analisis per kanal belum dapat dipercaya sebelum itu.
R03,965,2020-04-28,JOF-003,JOFRANS SPICY WING 500 GR X 12 PACK,1.0,DUS,516000.0,516000.0,KOPERASI KUSUMA BAKTI,2,referensial,peringatan,Pelanggan tercatat pada >1 kode kanal,perbaiki,Tentukan kanal yang benar; analisis per kanal belum dapat dipercaya sebelum itu.
R03,966,2020-04-28,OKEY-003,OKEY STICK 500 GR X 10 PACK,1.0,DUS,195000.0,195000.0,KOPERASI KUSUMA BAKTI,2,referensial,peringatan,Pelanggan tercatat pada >1 kode kanal,perbaiki,Tentukan kanal yang benar; analisis per kanal belum dapat dipercaya sebelum itu.
R03,967,2020-04-28,OKEY-001,OKEY SOSIS 500 GR X 20 PACK,10.0,PACK,19000.0,190000.0,SRC BUNDA,2,referensial,peringatan,Pelanggan tercatat pada >1 kode kanal,perbaiki,Tentukan kanal yang benar; analisis per kanal belum dapat dipercaya sebelum itu.
R03,968,2020-04-28,OKEY-003,OKEY STICK 500 GR X 10 PACK,1.0,DUS,195000.0,195000.0,SRC BUNDA,2,referensial,peringatan,Pelanggan tercatat pada >1 kode kanal,perbaiki,Tentukan kanal yang benar; analisis per kanal belum dapat dipercaya sebelum itu.
R03,1061,2020-05-02,JOF-013,JOFRANS SOSIS AYAM 360 GR X 24 PACK,1.0,DUS,300000.0,300000.0,PAK ERWIN,2,referensial,peringatan,Pelanggan tercatat pada >1 kode kanal,perbaiki,Tentukan kanal yang benar; analisis per kanal belum dapat dipercaya sebelum itu.
R03,1062,2020-05-02,OKEY-001,OKEY SOSIS 500 GR X 20 PACK,1.0,DUS,340000.0,340000.0,PAK ERWIN,2,referensial,peringatan,Pelanggan tercatat pada >1 kode kanal,perbaiki,Tentukan kanal yang benar; analisis per kanal belum dapat dipercaya sebelum itu.
R03,1150,2020-05-04,CHA-007,CHAMP BURGER 315 GR X 10 PACK,1.0,DUS,155000.0,155000.0,PAK ERWIN,2,referensial,peringatan,Pelanggan tercatat pada >1 kode kanal,perbaiki,Tentukan kanal yang benar; analisis per kanal belum dapat dipercaya sebelum itu.
R03,1151,2020-05-04,CHOP-001,CHOP BURGER SAPI ISI 10 250GR X 24 PACK,1.0,DUS,180000.0,180000.0,PAK ERWIN,2,referensial,peringatan,Pelanggan tercatat pada >1 kode kanal,perbaiki,Tentukan kanal yang benar; analisis per kanal belum dapat dipercaya sebelum itu.
R03,1152,2020-05-04,OKEY-003,OKEY STICK 500 GR X 10 PACK,2.0,DUS,180000.0,360000.0,PAK ERWIN,2,referensial,peringatan,Pelanggan tercatat pada >1 kode kanal,perbaiki,Tentukan kanal yang benar; analisis per kanal belum dapat dipercaya sebelum itu.
R03,1161,2020-05-05,SHIF-005,SHIFUDO CHIKUWA 500 GR X 16 PACK,17.0,PACK,24000.0,408000.0,PAK ERWIN,3,referensial,peringatan,Pelanggan tercatat pada >1 kode kanal,perbaiki,Tentukan kanal yang benar; analisis per kanal belum dapat dipercaya sebelum itu.
R03,1162,2020-05-05,MIT-016,MITRAKU FISH CAKE SINGAPORE 1000 GR X 10,13.0,PACK,52000.0,621920.0,PAK ERWIN,3,referensial,peringatan,Pelanggan tercatat pada >1 kode kanal,perbaiki,Tentukan kanal yang benar; analisis per kanal belum dapat dipercaya sebelum itu.
R03,1163,2020-05-05,MIT-014,MITRAKU SCALLOP 400 GR X 23 PACK,3.0,PACK,18700.0,47685.0,PAK ERWIN,3,referensial,peringatan,Pelanggan tercatat pada >1 kode kanal,perbaiki,Tentukan kanal yang benar; analisis per kanal belum dapat dipercaya sebelum itu.
R03,1164,2020-05-05,MIT-006,MITRAKU DUMPLING 500 GR X 20 PACK,1.0,PACK,33600.0,33600.0,PAK ERWIN,2,referensial,peringatan,Pelanggan tercatat pada >1 kode kanal,perbaiki,Tentukan kanal yang benar; analisis per kanal belum dapat dipercaya sebelum itu.
R03,1165,2020-05-05,MIT-011,MITRAKU FISH ROLL 1000 GR X 10 PACK,11.0,PACK,46000.0,465520.0,PAK ERWIN,3,referensial,peringatan,Pelanggan tercatat pada >1 kode kanal,perbaiki,Tentukan kanal yang benar; analisis per kanal belum dapat dipercaya sebelum itu.
R03,1166,2020-05-05,MIT-004,MITRAKU BAKSO PILUS IKAN 400GR X 23 PACK,11.0,PACK,14900.0,150788.0,PAK ERWIN,3,referensial,peringatan,Pelanggan tercatat pada >1 kode kanal,perbaiki,Tentukan kanal yang benar; analisis per kanal belum dapat dipercaya sebelum itu.
R03,1167,2020-05-05,MIT-005,MITRAKU CHILI&CELERY FISHCAKE 500GR X 20,18.0,PACK,28900.0,468180.0,PAK ERWIN,3,referensial,peringatan,Pelanggan tercatat pada >1 kode kanal,perbaiki,Tentukan kanal yang benar; analisis per kanal belum dapat dipercaya sebelum itu.
R03,1168,2020-05-05,MIT-007,MITRAKU FISH CAKE 1000 GR X 10 PACK,4.0,PACK,57800.0,208080.0,PAK ERWIN,3,referensial,peringatan,Pelanggan tercatat pada >1 kode kanal,perbaiki,Tentukan kanal yang benar; analisis per kanal belum dapat dipercaya sebelum itu.
R03,1169,2020-05-05,SHIF-009,SHIFUDO CUMI FLOWER IMITATION 500 GRX20,6.0,PACK,24035.0,144210.0,PAK ERWIN,2,referensial,peringatan,Pelanggan tercatat pada >1 kode kanal,perbaiki,Tentukan kanal yang benar; analisis per kanal belum dapat dipercaya sebelum itu.
R03,1170,2020-05-05,MIT-012,MITRAKU FISH TOFU 500 GR X 20 PACK,3.0,PACK,24900.0,68724.0,PAK ERWIN,3,referensial,peringatan,Pelanggan tercatat pada >1 kode kanal,perbaiki,Tentukan kanal yang benar; analisis per kanal belum dapat dipercaya sebelum itu.
R03,1171,2020-05-05,MIT-013,MITRAKU SCALLOP 200 GR X 40 PACK,25.0,PACK,9900.0,210375.0,PAK ERWIN,3,referensial,peringatan,Pelanggan tercatat pada >1 kode kanal,perbaiki,Tentukan kanal yang benar; analisis per kanal belum dapat dipercaya sebelum itu.
R03,1172,2020-05-05,MIT-020,MITRAKU BAKSO IKAN PELOR 500GR X 20 PACK,13.0,PACK,16000.0,208000.0,PAK ERWIN,2,referensial,peringatan,Pelanggan tercatat pada >1 kode kanal,perbaiki,Tentukan kanal yang benar; analisis per kanal belum dapat dipercaya sebelum itu.
R03,1173,2020-05-05,MIT-001,MITRAKU BAKSO COIN 500 GR X 20 PACK,1.0,PACK,16400.0,15088.0,PAK ERWIN,3,referensial,peringatan,Pelanggan tercatat pada >1 kode kanal,perbaiki,Tentukan kanal yang benar; analisis per kanal belum dapat dipercaya sebelum itu.
R03,1174,2020-05-05,MIT-010,MITRAKU FISH ROLL 250 GR X 25 PACK,26.0,PACK,13000.0,310960.0,PAK ERWIN,3,referensial,peringatan,Pelanggan tercatat pada >1 kode kanal,perbaiki,Tentukan kanal yang benar; analisis per kanal belum dapat dipercaya sebelum itu.
R03,1175,2020-05-05,MIN-003,MINAKU SIOMAY UDANG 400 GR X 25 PACK,1.0,PACK,19500.0,19500.0,PAK ERWIN,2,referensial,peringatan,Pelanggan tercatat pada >1 kode kanal,perbaiki,Tentukan kanal yang benar; analisis per kanal belum dapat dipercaya sebelum itu.
R03,1308,2020-05-09,JOF-024,JOFRANS NUGGET AYAM STICKY 500 GR X 12,3.0,DUS,210000.0,630000.0,PAK ERWIN,2,referensial,peringatan,Pelanggan tercatat pada >1 kode kanal,perbaiki,Tentukan kanal yang benar; analisis per kanal belum dapat dipercaya sebelum itu.
R03,1309,2020-05-09,JOF-023,JOFRANS NUGGET AYAM HATI 500 GR X 12 PAK,1.0,DUS,210000.0,210000.0,PAK ERWIN,2,referensial,peringatan,Pelanggan tercatat pada >1 kode kanal,perbaiki,Tentukan kanal yang benar; analisis per kanal belum dapat dipercaya sebelum itu.
R03,1310,2020-05-09,MIT-002,MITRAKU BAKSO IKAN 400 GR X 23 PACK,6.0,PACK,19300.0,115800.0,HARUM MANIS,2,referensial,peringatan,Pelanggan tercatat pada >1 kode kanal,perbaiki,Tentukan kanal yang benar; analisis per kanal belum dapat dipercaya sebelum itu.
R03,1311,2020-05-09,MIT-012,MITRAKU FISH TOFU 500 GR X 20 PACK,6.0,PACK,24900.0,149400.0,HARUM MANIS,2,referensial,peringatan,Pelanggan tercatat pada >1 kode kanal,perbaiki,Tentukan kanal yang benar; analisis per kanal belum dapat dipercaya sebelum itu.
R03,1312,2020-05-09,JOF-023,JOFRANS NUGGET AYAM HATI 500 GR X 12 PAK,6.0,PACK,18000.0,108000.0,HARUM MANIS,2,referensial,peringatan,Pelanggan tercatat pada >1 kode kanal,perbaiki,Tentukan kanal yang benar; analisis per kanal belum dapat dipercaya sebelum itu.
R03,1337,2020-05-11,DEN-001,DEN BAGUS IKAN ISI 32 X 20 PACK,1.0,BAL,220000.0,220000.0,PAK ERWIN,2,referensial,peringatan,Pelanggan tercatat pada >1 kode kanal,perbaiki,Tentukan kanal yang benar; analisis per kanal belum dapat dipercaya sebelum itu.
R03,1338,2020-05-11,BONJU-001,BONJU CIRENG SALJU KUAH RUJAK,6.0,PACK,18500.0,111000.0,PAK ERWIN,2,referensial,peringatan,Pelanggan tercatat pada >1 kode kanal,perbaiki,Tentukan kanal yang benar; analisis per kanal belum dapat dipercaya sebelum itu.
R03,1419,2020-05-13,OKEY-003,OKEY STICK 500 GR X 10 PACK,2.0,DUS,180000.0,360000.0,PAK ERWIN,2,referensial,peringatan,Pelanggan tercatat pada >1 kode kanal,perbaiki,Tentukan kanal yang benar; analisis per kanal belum dapat dipercaya sebelum itu.
R03,1420,2020-05-13,OKEY-001,OKEY SOSIS 500 GR X 20 PACK,1.0,DUS,340000.0,340000.0,PAK ERWIN,2,referensial,peringatan,Pelanggan tercatat pada >1 kode kanal,perbaiki,Tentukan kanal yang benar; analisis per kanal belum dapat dipercaya sebelum itu.
R03,1428,2020-05-13,MIT-004,MITRAKU BAKSO PILUS IKAN 400GR X 23 PACK,5.0,PACK,14900.0,68540.0,PAK ERWIN,3,referensial,peringatan,Pelanggan tercatat pada >1 kode kanal,perbaiki,Tentukan kanal yang benar; analisis per kanal belum dapat dipercaya sebelum itu.
R03,1439,2020-05-14,MIT-002,MITRAKU BAKSO IKAN 400 GR X 23 PACK,3.0,PACK,18950.0,56850.0,MITRA MART,2,referensial,peringatan,Pelanggan tercatat pada >1 kode kanal,perbaiki,Tentukan kanal yang benar; analisis per kanal belum dapat dipercaya sebelum itu.
R03,1440,2020-05-14,MIT-015,MITRAKU SIOMAY 500 GR X 15 PACK,1.0,PACK,44300.0,44300.0,MITRA MART,2,referensial,peringatan,Pelanggan tercatat pada >1 kode kanal,perbaiki,Tentukan kanal yang benar; analisis per kanal belum dapat dipercaya sebelum itu.
R03,1441,2020-05-14,MIT-009,MITRAKU FISH ROLL 500 GR X 20 PACK,3.0,PACK,24000.0,72000.0,MITRA MART,2,referensial,peringatan,Pelanggan tercatat pada >1 kode kanal,perbaiki,Tentukan kanal yang benar; analisis per kanal belum dapat dipercaya sebelum itu.
R03,1442,2020-05-14,MIT-010,MITRAKU FISH ROLL 250 GR X 25 PACK,3.0,PACK,13000.0,39000.0,MITRA MART,2,referensial,peringatan,Pelanggan tercatat pada >1 kode kanal,perbaiki,Tentukan kanal yang benar; analisis per kanal belum dapat dipercaya sebelum itu.
R03,1443,2020-05-14,MIT-012,MITRAKU FISH TOFU 500 GR X 20 PACK,3.0,PACK,25000.0,75000.0,MITRA MART,2,referensial,peringatan,Pelanggan tercatat pada >1 kode kanal,perbaiki,Tentukan kanal yang benar; analisis per kanal belum dapat dipercaya sebelum itu.
R03,1580,2020-05-16,MIN-001,MINAKU OTAK OTAK 500 GR X 20 PACK,2.0,DUS,310000.0,620000.0,PAK ERWIN,2,referensial,peringatan,Pelanggan tercatat pada >1 kode kanal,perbaiki,Tentukan kanal yang benar; analisis per kanal belum dapat dipercaya sebelum itu.
R03,1582,2020-05-16,CHA-007,CHAMP BURGER 315 GR X 10 PACK,17.0,PACK,15500.0,263500.0,PAK ERWIN,3,referensial,peringatan,Pelanggan tercatat pada >1 kode kanal,perbaiki,Tentukan kanal yang benar; analisis per kanal belum dapat dipercaya sebelum itu.
R03,1611,2020-05-18,JUL-003,JULIENNE SHOESTRING 2.5 KG X 4 PACK,1.0,DUS,240000.0,240000.0,PAK ERWIN,2,referensial,peringatan,Pelanggan tercatat pada >1 kode kanal,perbaiki,Tentukan kanal yang benar; analisis per kanal belum dapat dipercaya sebelum itu.
R03,1612,2020-05-18,SHIF-009,SHIFUDO CUMI FLOWER IMITATION 500 GRX20,20.0,PACK,24035.0,480700.0,PAK ERWIN,2,referensial,peringatan,Pelanggan tercatat pada >1 kode kanal,perbaiki,Tentukan kanal yang benar; analisis per kanal belum dapat dipercaya sebelum itu.
R03,1616,2020-05-18,BONJU-001,BONJU CIRENG SALJU KUAH RUJAK,20.0,PACK,20000.0,400000.0,TOKO NURHADI,2,referensial,peringatan,Pelanggan tercatat pada >1 kode kanal,perbaiki,Tentukan kanal yang benar; analisis per kanal belum dapat dipercaya sebelum itu.
R03,1617,2020-05-18,JOF-002,JOFRANS NUGGET AYAM REG. 500 GR X 12 PAK,1.0,DUS,216000.0,216000.0,TOKO NURHADI,2,referensial,peringatan,Pelanggan tercatat pada >1 kode kanal,perbaiki,Tentukan kanal yang benar; analisis per kanal belum dapat dipercaya sebelum itu.
R03,1618,2020-05-18,JOF-023,JOFRANS NUGGET AYAM HATI 500 GR X 12 PAK,1.0,DUS,216000.0,216000.0,TOKO NURHADI,2,referensial,peringatan,Pelanggan tercatat pada >1 kode kanal,perbaiki,Tentukan kanal yang benar; analisis per kanal belum dapat dipercaya sebelum itu.
R03,1619,2020-05-18,JOF-022,JOFRANS NUGGET AYAM REG. 225 GR X 24 PAK,1.0,DUS,240000.0,240000.0,TOKO NURHADI,2,referensial,peringatan,Pelanggan tercatat pada >1 kode kanal,perbaiki,Tentukan kanal yang benar; analisis per kanal belum dapat dipercaya sebelum itu.
R03,1620,2020-05-18,LUTOSA-003,LUTOSA SHOESTRING 500 GR X 20 PACK,9.0,PACK,15000.0,135000.0,TOKO NURHADI,2,referensial,peringatan,Pelanggan tercatat pada >1 kode kanal,perbaiki,Tentukan kanal yang benar; analisis per kanal belum dapat dipercaya sebelum itu.
R03,1621,2020-05-18,LUTOSA-001,LUTOSA SHOESTRING 1000 GR X 10 PACK,4.0,PACK,28000.0,112000.0,TOKO NURHADI,2,referensial,peringatan,Pelanggan tercatat pada >1 kode kanal,perbaiki,Tentukan kanal yang benar; analisis per kanal belum dapat dipercaya sebelum itu.
R03,1622,2020-05-18,BLF-001,BELFOODS SOSIS AYAM 500 GR X 12 PACK,1.0,DUS,204000.0,204000.0,TOKO NURHADI,2,referensial,peringatan,Pelanggan tercatat pada >1 kode kanal,perbaiki,Tentukan kanal yang benar; analisis per kanal belum dapat dipercaya sebelum itu.
R03,1623,2020-05-18,BLF-002,BELFOODS SOSIS AYAM 1000 GR X 6 PACK,1.0,DUS,189000.0,189000.0,TOKO NURHADI,2,referensial,peringatan,Pelanggan tercatat pada >1 kode kanal,perbaiki,Tentukan kanal yang benar; analisis per kanal belum dapat dipercaya sebelum itu.
R03,1624,2020-05-18,MIN-001,MINAKU OTAK OTAK 500 GR X 20 PACK,1.0,DUS,360000.0,360000.0,TOKO NURHADI,2,referensial,peringatan,Pelanggan tercatat pada >1 kode kanal,perbaiki,Tentukan kanal yang benar; analisis per kanal belum dapat dipercaya sebelum itu.
R03,1625,2020-05-18,JOF-003,JOFRANS SPICY WING 500 GR X 12 PACK,5.0,PACK,43000.0,215000.0,TOKO NURHADI,2,referensial,peringatan,Pelanggan tercatat pada >1 kode kanal,perbaiki,Tentukan kanal yang benar; analisis per kanal belum dapat dipercaya sebelum itu.
R03,1629,2020-05-18,OKEY-003,OKEY STICK 500 GR X 10 PACK,3.0,DUS,195000.0,585000.0,TOKO HASAN,2,referensial,peringatan,Pelanggan tercatat pada >1 kode kanal,perbaiki,Tentukan kanal yang benar; analisis per kanal belum dapat dipercaya sebelum itu.
R03,1630,2020-05-18,OKEY-001,OKEY SOSIS 500 GR X 20 PACK,1.0,DUS,380000.0,380000.0,TOKO HASAN,2,referensial,peringatan,Pelanggan tercatat pada >1 kode kanal,perbaiki,Tentukan kanal yang benar; analisis per kanal belum dapat dipercaya sebelum itu.
R03,1637,2020-05-18,OKEY-002,OKEY SOSIS 1000 GR X 10 PACK,1.0,DUS,370000.0,370000.0,PUTRA TUNGGAL,2,referensial,peringatan,Pelanggan tercatat pada >1 kode kanal,perbaiki,Tentukan kanal yang benar; analisis per kanal belum dapat dipercaya sebelum itu.
R03,1638,2020-05-18,OKEY-001,OKEY SOSIS 500 GR X 20 PACK,10.0,PACK,19000.0,190000.0,PUTRA TUNGGAL,2,referensial,peringatan,Pelanggan tercatat pada >1 kode kanal,perbaiki,Tentukan kanal yang benar; analisis per kanal belum dapat dipercaya sebelum itu.
R03,1639,2020-05-18,JOF-022,JOFRANS NUGGET AYAM REG. 225 GR X 24 PAK,1.0,DUS,240000.0,240000.0,PUTRA TUNGGAL,2,referensial,peringatan,Pelanggan tercatat pada >1 kode kanal,perbaiki,Tentukan kanal yang benar; analisis per kanal belum dapat dipercaya sebelum itu.
R03,1640,2020-05-18,JOF-002,JOFRANS NUGGET AYAM REG. 500 GR X 12 PAK,1.0,DUS,216000.0,216000.0,PUTRA TUNGGAL,2,referensial,peringatan,Pelanggan tercatat pada >1 kode kanal,perbaiki,Tentukan kanal yang benar; analisis per kanal belum dapat dipercaya sebelum itu.
R03,1641,2020-05-18,OKEY-003,OKEY STICK 500 GR X 10 PACK,1.0,DUS,195000.0,195000.0,PUTRA TUNGGAL,2,referensial,peringatan,Pelanggan tercatat pada >1 kode kanal,perbaiki,Tentukan kanal yang benar; analisis per kanal belum dapat dipercaya sebelum itu.
R03,1642,2020-05-18,MIN-001,MINAKU OTAK OTAK 500 GR X 20 PACK,1.0,DUS,360000.0,360000.0,PUTRA TUNGGAL,2,referensial,peringatan,Pelanggan tercatat pada >1 kode kanal,perbaiki,Tentukan kanal yang benar; analisis per kanal belum dapat dipercaya sebelum itu.
R03,1704,2020-05-20,CHOP-001,CHOP BURGER SAPI ISI 10 250GR X 24 PACK,1.0,DUS,180000.0,180000.0,PAK ERWIN,2,referensial,peringatan,Pelanggan tercatat pada >1 kode kanal,perbaiki,Tentukan kanal yang benar; analisis per kanal belum dapat dipercaya sebelum itu.
R03,1705,2020-05-20,JOF-025,JOFRANS SOSIS AYAM MADU 300 GR X 30 PACK,10.0,PACK,11500.0,115000.0,PAK ERWIN,2,referensial,peringatan,Pelanggan tercatat pada >1 kode kanal,perbaiki,Tentukan kanal yang benar; analisis per kanal belum dapat dipercaya sebelum itu.
R03,1754,2020-05-23,MI-007,MIAMI 8 LTR,2.0,PAIL,120000.0,240000.0,PAK ERWIN,2,referensial,peringatan,Pelanggan tercatat pada >1 kode kanal,perbaiki,Tentukan kanal yang benar; analisis per kanal belum dapat dipercaya sebelum itu.
R03,1791,2020-05-27,MIN-001,MINAKU OTAK OTAK 500 GR X 20 PACK,2.0,DUS,310000.0,620000.0,PAK ERWIN,2,referensial,peringatan,Pelanggan tercatat pada >1 kode kanal,perbaiki,Tentukan kanal yang benar; analisis per kanal belum dapat dipercaya sebelum itu.
R03,1792,2020-05-27,OKEY-003,OKEY STICK 500 GR X 10 PACK,1.0,DUS,180000.0,180000.0,PAK ERWIN,2,referensial,peringatan,Pelanggan tercatat pada >1 kode kanal,perbaiki,Tentukan kanal yang benar; analisis per kanal belum dapat dipercaya sebelum itu.
R03,1793,2020-05-27,DEN-001,DEN BAGUS IKAN ISI 32 X 20 PACK,1.0,BAL,220000.0,220000.0,PAK ERWIN,2,referensial,peringatan,Pelanggan tercatat pada >1 kode kanal,perbaiki,Tentukan kanal yang benar; analisis per kanal belum dapat dipercaya sebelum itu.
R03,1794,2020-05-27,CIR-009,PK LOLIPOP CRISPY X 30 PACK,10.0,PACK,10000.0,100000.0,PAK ERWIN,2,referensial,peringatan,Pelanggan tercatat pada >1 kode kanal,perbaiki,Tentukan kanal yang benar; analisis per kanal belum dapat dipercaya sebelum itu.
R03,1849,2020-05-29,OKEY-001,OKEY SOSIS 500 GR X 20 PACK,2.0,DUS,380000.0,760000.0,PUTRA TUNGGAL,2,referensial,peringatan,Pelanggan tercatat pada >1 kode kanal,perbaiki,Tentukan kanal yang benar; analisis per kanal belum dapat dipercaya sebelum itu.
R03,1850,2020-05-29,OKEY-003,OKEY STICK 500 GR X 10 PACK,3.0,DUS,195000.0,585000.0,PUTRA TUNGGAL,2,referensial,peringatan,Pelanggan tercatat pada >1 kode kanal,perbaiki,Tentukan kanal yang benar; analisis per kanal belum dapat dipercaya sebelum itu.
R03,1851,2020-05-29,CHA-006,CHAMP BASO 500 GR X 10 PACK,1.0,DUS,240000.0,240000.0,PUTRA TUNGGAL,2,referensial,peringatan,Pelanggan tercatat pada >1 kode kanal,perbaiki,Tentukan kanal yang benar; analisis per kanal belum dapat dipercaya sebelum itu.
R03,1852,2020-05-29,JOF-002,JOFRANS NUGGET AYAM REG. 500 GR X 12 PAK,1.0,DUS,216000.0,216000.0,PUTRA TUNGGAL,2,referensial,peringatan,Pelanggan tercatat pada >1 kode kanal,perbaiki,Tentukan kanal yang benar; analisis per kanal belum dapat dipercaya sebelum itu.
R03,1853,2020-05-29,OKEY-001,OKEY SOSIS 500 GR X 20 PACK,1.0,DUS,380000.0,380000.0,TOKO DUA PUTRI,2,referensial,peringatan,Pelanggan tercatat pada >1 kode kanal,perbaiki,Tentukan kanal yang benar; analisis per kanal belum dapat dipercaya sebelum itu.
R03,1854,2020-05-29,OKEY-003,OKEY STICK 500 GR X 10 PACK,1.0,DUS,195000.0,195000.0,TOKO DUA PUTRI,2,referensial,peringatan,Pelanggan tercatat pada >1 kode kanal,perbaiki,Tentukan kanal yang benar; analisis per kanal belum dapat dipercaya sebelum itu.
R03,1855,2020-05-29,BLF-001,BELFOODS SOSIS AYAM 500 GR X 12 PACK,1.0,DUS,204000.0,204000.0,TOKO DUA PUTRI,2,referensial,peringatan,Pelanggan tercatat pada >1 kode kanal,perbaiki,Tentukan kanal yang benar; analisis per kanal belum dapat dipercaya sebelum itu.
R03,1862,2020-05-29,OKEY-001,OKEY SOSIS 500 GR X 20 PACK,10.0,PACK,19000.0,190000.0,TOKO AQILA,2,referensial,peringatan,Pelanggan tercatat pada >1 kode kanal,perbaiki,Tentukan kanal yang benar; analisis per kanal belum dapat dipercaya sebelum itu.
R03,1863,2020-05-29,OKEY-003,OKEY STICK 500 GR X 10 PACK,1.0,DUS,195000.0,195000.0,TOKO AQILA,2,referensial,peringatan,Pelanggan tercatat pada >1 kode kanal,perbaiki,Tentukan kanal yang benar; analisis per kanal belum dapat dipercaya sebelum itu.
R03,1864,2020-05-29,JOF-003,JOFRANS SPICY WING 500 GR X 12 PACK,6.0,PACK,43000.0,258000.0,TOKO AQILA,2,referensial,peringatan,Pelanggan tercatat pada >1 kode kanal,perbaiki,Tentukan kanal yang benar; analisis per kanal belum dapat dipercaya sebelum itu.
R03,1865,2020-05-29,CHA-006,CHAMP BASO 500 GR X 10 PACK,5.0,PACK,24000.0,120000.0,TOKO AQILA,2,referensial,peringatan,Pelanggan tercatat pada >1 kode kanal,perbaiki,Tentukan kanal yang benar; analisis per kanal belum dapat dipercaya sebelum itu.
R03,1866,2020-05-29,BLF-001,BELFOODS SOSIS AYAM 500 GR X 12 PACK,6.0,PACK,17000.0,102000.0,TOKO AQILA,2,referensial,peringatan,Pelanggan tercatat pada >1 kode kanal,perbaiki,Tentukan kanal yang benar; analisis per kanal belum dapat dipercaya sebelum itu.
R03,1867,2020-05-29,MIN-001,MINAKU OTAK OTAK 500 GR X 20 PACK,10.0,PACK,18000.0,180000.0,MANDIRI MART,2,referensial,peringatan,Pelanggan tercatat pada >1 kode kanal,perbaiki,Tentukan kanal yang benar; analisis per kanal belum dapat dipercaya sebelum itu.
R03,1868,2020-05-29,MANTUL-003,MANTUL OTAK OTAK TEMPURA 500 GR X 20 PAK,10.0,PACK,16500.0,165000.0,MANDIRI MART,3,referensial,peringatan,Pelanggan tercatat pada >1 kode kanal,perbaiki,Tentukan kanal yang benar; analisis per kanal belum dapat dipercaya sebelum itu.
R03,1869,2020-05-29,OKEY-001,OKEY SOSIS 500 GR X 20 PACK,3.0,DUS,380000.0,1140000.0,MANDIRI MART,2,referensial,peringatan,Pelanggan tercatat pada >1 kode kanal,perbaiki,Tentukan kanal yang benar; analisis per kanal belum dapat dipercaya sebelum itu.
R03,1870,2020-05-29,OKEY-003,OKEY STICK 500 GR X 10 PACK,2.0,DUS,195000.0,390000.0,MANDIRI MART,2,referensial,peringatan,Pelanggan tercatat pada >1 kode kanal,perbaiki,Tentukan kanal yang benar; analisis per kanal belum dapat dipercaya sebelum itu.
R03,1871,2020-05-29,JOF-025,JOFRANS SOSIS AYAM MADU 300 GR X 30 PACK,10.0,PACK,12000.0,120000.0,MANDIRI MART,2,referensial,peringatan,Pelanggan tercatat pada >1 kode kanal,perbaiki,Tentukan kanal yang benar; analisis per kanal belum dapat dipercaya sebelum itu.
R03,1904,2020-05-30,MIT-002,MITRAKU BAKSO IKAN 400 GR X 23 PACK,6.0,PACK,19300.0,115800.0,HARUM MANIS,2,referensial,peringatan,Pelanggan tercatat pada >1 kode kanal,perbaiki,Tentukan kanal yang benar; analisis per kanal belum dapat dipercaya sebelum itu.
R03,1905,2020-05-30,JOF-023,JOFRANS NUGGET AYAM HATI 500 GR X 12 PAK,5.0,PACK,18000.0,90000.0,HARUM MANIS,2,referensial,peringatan,Pelanggan tercatat pada >1 kode kanal,perbaiki,Tentukan kanal yang benar; analisis per kanal belum dapat dipercaya sebelum itu.
R03,1906,2020-05-30,JOF-007,JOFRANS SOSIS BRATW (KEJU) 500 GR X 12,4.0,PACK,29000.0,116000.0,HARUM MANIS,3,referensial,peringatan,Pelanggan tercatat pada >1 kode kanal,perbaiki,Tentukan kanal yang benar; analisis per kanal belum dapat dipercaya sebelum itu.
R03,1907,2020-05-30,JOF-016,JOFRANS SOSIS BRATW(LADA HITAM) 500GRX12,4.0,PACK,29000.0,116000.0,HARUM MANIS,3,referensial,peringatan,Pelanggan tercatat pada >1 kode kanal,perbaiki,Tentukan kanal yang benar; analisis per kanal belum dapat dipercaya sebelum itu.
R03,1908,2020-05-30,JOF-011,JOFRANS SOSIS BRATW (ORI) 500 GR X 12,4.0,PACK,28000.0,112000.0,HARUM MANIS,3,referensial,peringatan,Pelanggan tercatat pada >1 kode kanal,perbaiki,Tentukan kanal yang benar; analisis per kanal belum dapat dipercaya sebelum itu.
R03,1909,2020-05-30,SUKI-001,MITRAKU SUKI TOMYAM,6.0,PACK,18000.0,108000.0,HARUM MANIS,3,referensial,peringatan,Pelanggan tercatat pada >1 kode kanal,perbaiki,Tentukan kanal yang benar; analisis per kanal belum dapat dipercaya sebelum itu.
R03,1910,2020-05-30,JUL-003,JULIENNE SHOESTRING 2.5 KG X 4 PACK,5.0,DUS,250000.0,1250000.0,HARUM MANIS,2,referensial,peringatan,Pelanggan tercatat pada >1 kode kanal,perbaiki,Tentukan kanal yang benar; analisis per kanal belum dapat dipercaya sebelum itu.
R03,1911,2020-05-30,MIT-020,MITRAKU BAKSO IKAN PELOR 500GR X 20 PACK,3.0,PACK,16000.0,48000.0,PAK ERWIN,2,referensial,peringatan,Pelanggan tercatat pada >1 kode kanal,perbaiki,Tentukan kanal yang benar; analisis per kanal belum dapat dipercaya sebelum itu.
R03,1912,2020-05-30,MIT-004,MITRAKU BAKSO PILUS IKAN 400GR X 23 PACK,3.0,PACK,14900.0,41124.0,PAK ERWIN,3,referensial,peringatan,Pelanggan tercatat pada >1 kode kanal,perbaiki,Tentukan kanal yang benar; analisis per kanal belum dapat dipercaya sebelum itu.
R03,1913,2020-05-30,MIT-003,MITRAKU BAKSO IKAN GORENG 250GRX36 PACK,1.0,PACK,12400.0,12400.0,PAK ERWIN,2,referensial,peringatan,Pelanggan tercatat pada >1 kode kanal,perbaiki,Tentukan kanal yang benar; analisis per kanal belum dapat dipercaya sebelum itu.
R03,1914,2020-05-30,JOF-003,JOFRANS SPICY WING 500 GR X 12 PACK,4.0,PACK,42500.0,170000.0,PAK ERWIN,2,referensial,peringatan,Pelanggan tercatat pada >1 kode kanal,perbaiki,Tentukan kanal yang benar; analisis per kanal belum dapat dipercaya sebelum itu.
R03,1995,2020-05-30,EURIAL-001,EURIAL MOZZARELLA CHEESE 4 X 2.5 KG,1.0,DUS,960000.0,960000.0,HARUM MANIS,2,referensial,peringatan,Pelanggan tercatat pada >1 kode kanal,perbaiki,Tentukan kanal yang benar; analisis per kanal belum dapat dipercaya sebelum itu.
R03,2008,2020-05-30,MIN-001,MINAKU OTAK OTAK 500 GR X 20 PACK,3.0,DUS,310000.0,930000.0,PAK ERWIN,2,referensial,peringatan,Pelanggan tercatat pada >1 kode kanal,perbaiki,Tentukan kanal yang benar; analisis per kanal belum dapat dipercaya sebelum itu.
R03,2009,2020-05-30,DEN-006,DEN BAGUS NANO NANO X 20 PACK,1.0,BAL,180000.0,180000.0,PAK ERWIN,3,referensial,peringatan,Pelanggan tercatat pada >1 kode kanal,perbaiki,Tentukan kanal yang benar; analisis per kanal belum dapat dipercaya sebelum itu.
R03,2010,2020-05-30,OKEY-001,OKEY SOSIS 500 GR X 20 PACK,1.0,DUS,340000.0,340000.0,PAK ERWIN,2,referensial,peringatan,Pelanggan tercatat pada >1 kode kanal,perbaiki,Tentukan kanal yang benar; analisis per kanal belum dapat dipercaya sebelum itu.
R03,2196,2020-06-05,CHOP-001,CHOP BURGER SAPI ISI 10 250GR X 24 PACK,1.0,DUS,180000.0,180000.0,PAK ERWIN,2,referensial,peringatan,Pelanggan tercatat pada >1 kode kanal,perbaiki,Tentukan kanal yang benar; analisis per kanal belum dapat dipercaya sebelum itu.
R03,2260,2020-06-08,MIT-002,MITRAKU BAKSO IKAN 400 GR X 23 PACK,3.0,PACK,18950.0,56850.0,MITRA MART,2,referensial,peringatan,Pelanggan tercatat pada >1 kode kanal,perbaiki,Tentukan kanal yang benar; analisis per kanal belum dapat dipercaya sebelum itu.
R03,2261,2020-06-08,MIT-015,MITRAKU SIOMAY 500 GR X 15 PACK,1.0,PACK,44300.0,44300.0,MITRA MART,2,referensial,peringatan,Pelanggan tercatat pada >1 kode kanal,perbaiki,Tentukan kanal yang benar; analisis per kanal belum dapat dipercaya sebelum itu.
R03,2262,2020-06-08,MIT-009,MITRAKU FISH ROLL 500 GR X 20 PACK,3.0,PACK,24000.0,72000.0,MITRA MART,2,referensial,peringatan,Pelanggan tercatat pada >1 kode kanal,perbaiki,Tentukan kanal yang benar; analisis per kanal belum dapat dipercaya sebelum itu.
R03,2263,2020-06-08,MIT-010,MITRAKU FISH ROLL 250 GR X 25 PACK,1.0,PACK,13000.0,13000.0,MITRA MART,2,referensial,peringatan,Pelanggan tercatat pada >1 kode kanal,perbaiki,Tentukan kanal yang benar; analisis per kanal belum dapat dipercaya sebelum itu.
R03,2264,2020-06-08,MIT-006,MITRAKU DUMPLING 500 GR X 20 PACK,2.0,PACK,33600.0,67200.0,MITRA MART,2,referensial,peringatan,Pelanggan tercatat pada >1 kode kanal,perbaiki,Tentukan kanal yang benar; analisis per kanal belum dapat dipercaya sebelum itu.
R03,2323,2020-06-09,CIR-002,PK TAHU KRIYUK X 30 PACK,15.0,PACK,10250.0,153750.0,PAK ERWIN,2,referensial,peringatan,Pelanggan tercatat pada >1 kode kanal,perbaiki,Tentukan kanal yang benar; analisis per kanal belum dapat dipercaya sebelum itu.
R03,2324,2020-06-09,CIR-009,PK LOLIPOP CRISPY X 30 PACK,3.0,PACK,10250.0,30750.0,PAK ERWIN,2,referensial,peringatan,Pelanggan tercatat pada >1 kode kanal,perbaiki,Tentukan kanal yang benar; analisis per kanal belum dapat dipercaya sebelum itu.
R03,2325,2020-06-09,MIT-005,MITRAKU CHILI&CELERY FISHCAKE 500GR X 20,10.0,PACK,28900.0,144500.0,PAK ERWIN,4,referensial,peringatan,Pelanggan tercatat pada >1 kode kanal,perbaiki,Tentukan kanal yang benar; analisis per kanal belum dapat dipercaya sebelum itu.
R03,2326,2020-06-09,MIT-014,MITRAKU SCALLOP 400 GR X 23 PACK,11.0,PACK,18700.0,174845.0,PAK ERWIN,3,referensial,peringatan,Pelanggan tercatat pada >1 kode kanal,perbaiki,Tentukan kanal yang benar; analisis per kanal belum dapat dipercaya sebelum itu.
R03,2327,2020-06-09,MANTUL-001,MANTUL BAKSO IKAN 500 GR X 20 PACK,5.0,PACK,16500.0,82500.0,PAK ERWIN,2,referensial,peringatan,Pelanggan tercatat pada >1 kode kanal,perbaiki,Tentukan kanal yang benar; analisis per kanal belum dapat dipercaya sebelum itu.
R03,2328,2020-06-09,MANTUL-002,MANTUL BAKSO IKAN RASA UDANG 500 GR X 20,6.0,PACK,16500.0,99000.0,PAK ERWIN,2,referensial,peringatan,Pelanggan tercatat pada >1 kode kanal,perbaiki,Tentukan kanal yang benar; analisis per kanal belum dapat dipercaya sebelum itu.
R03,2329,2020-06-09,MIT-017,MITRAKU BAKSO IKAN ISI KEJU 500 GR X 20,6.0,PACK,28000.0,168000.0,PAK ERWIN,2,referensial,peringatan,Pelanggan tercatat pada >1 kode kanal,perbaiki,Tentukan kanal yang benar; analisis per kanal belum dapat dipercaya sebelum itu.
R03,2330,2020-06-09,CUMI-001,CUMI KUPAS 1 KG,3.0,PACK,48000.0,144000.0,PAK ERWIN,2,referensial,peringatan,Pelanggan tercatat pada >1 kode kanal,perbaiki,Tentukan kanal yang benar; analisis per kanal belum dapat dipercaya sebelum itu.
R03,2331,2020-06-09,MIT-018,MITRAKU BAKSO IKAN ISI TUNA 500 GR X 20,2.0,PACK,28000.0,56000.0,PAK ERWIN,2,referensial,peringatan,Pelanggan tercatat pada >1 kode kanal,perbaiki,Tentukan kanal yang benar; analisis per kanal belum dapat dipercaya sebelum itu.
R03,2332,2020-06-09,MIT-019,MITRAKU BAKSO IKAN ISI AYAM 500 GR X 20,2.0,PACK,28000.0,56000.0,PAK ERWIN,2,referensial,peringatan,Pelanggan tercatat pada >1 kode kanal,perbaiki,Tentukan kanal yang benar; analisis per kanal belum dapat dipercaya sebelum itu.
R03,2333,2020-06-09,MIT-009,MITRAKU FISH ROLL 500 GR X 20 PACK,5.0,PACK,23400.0,107640.0,PAK ERWIN,3,referensial,peringatan,Pelanggan tercatat pada >1 kode kanal,perbaiki,Tentukan kanal yang benar; analisis per kanal belum dapat dipercaya sebelum itu.
R03,2334,2020-06-09,MIT-005,MITRAKU CHILI&CELERY FISHCAKE 500GR X 20,6.0,PACK,28900.0,86700.0,PAK ERWIN,4,referensial,peringatan,Pelanggan tercatat pada >1 kode kanal,perbaiki,Tentukan kanal yang benar; analisis per kanal belum dapat dipercaya sebelum itu.
R03,2335,2020-06-09,BAKSO-002,ILM BAKSO BINTANG 250 GR,5.0,PACK,11000.0,55000.0,PAK ERWIN,3,referensial,peringatan,Pelanggan tercatat pada >1 kode kanal,perbaiki,Tentukan kanal yang benar; analisis per kanal belum dapat dipercaya sebelum itu.
R03,2336,2020-06-09,MANTUL-004,MANTUL BAKSO IKAN RASA CUMI 500 GR X 20,2.0,PACK,16500.0,33000.0,PAK ERWIN,2,referensial,peringatan,Pelanggan tercatat pada >1 kode kanal,perbaiki,Tentukan kanal yang benar; analisis per kanal belum dapat dipercaya sebelum itu.
R03,2337,2020-06-09,EURIAL-001,EURIAL MOZZARELLA CHEESE 4 X 2.5 KG,1.0,DUS,960000.0,960000.0,HARUM MANIS,2,referensial,peringatan,Pelanggan tercatat pada >1 kode kanal,perbaiki,Tentukan kanal yang benar; analisis per kanal belum dapat dipercaya sebelum itu.
R03,2349,2020-06-10,EURIAL-001,EURIAL MOZZARELLA CHEESE 4 X 2.5 KG,1.0,DUS,960000.0,960000.0,HARUM MANIS,2,referensial,peringatan,Pelanggan tercatat pada >1 kode kanal,perbaiki,Tentukan kanal yang benar; analisis per kanal belum dapat dipercaya sebelum itu.
R03,2358,2020-06-11,MIT-016,MITRAKU FISH CAKE SINGAPORE 1000 GR X 10,3.0,PACK,50000.0,150000.0,MAKMUR JAYA,2,referensial,peringatan,Pelanggan tercatat pada >1 kode kanal,perbaiki,Tentukan kanal yang benar; analisis per kanal belum dapat dipercaya sebelum itu.
R03,2359,2020-06-11,MIT-018,MITRAKU BAKSO IKAN ISI TUNA 500 GR X 20,3.0,PACK,28000.0,84000.0,MAKMUR JAYA,2,referensial,peringatan,Pelanggan tercatat pada >1 kode kanal,perbaiki,Tentukan kanal yang benar; analisis per kanal belum dapat dipercaya sebelum itu.
R03,2360,2020-06-11,MIT-019,MITRAKU BAKSO IKAN ISI AYAM 500 GR X 20,3.0,PACK,28000.0,84000.0,MAKMUR JAYA,2,referensial,peringatan,Pelanggan tercatat pada >1 kode kanal,perbaiki,Tentukan kanal yang benar; analisis per kanal belum dapat dipercaya sebelum itu.
R03,2361,2020-06-11,MIT-017,MITRAKU BAKSO IKAN ISI KEJU 500 GR X 20,3.0,PACK,28000.0,84000.0,MAKMUR JAYA,2,referensial,peringatan,Pelanggan tercatat pada >1 kode kanal,perbaiki,Tentukan kanal yang benar; analisis per kanal belum dapat dipercaya sebelum itu.
R03,2362,2020-06-11,MIT-009,MITRAKU FISH ROLL 500 GR X 20 PACK,3.0,PACK,25000.0,75000.0,MAKMUR JAYA,2,referensial,peringatan,Pelanggan tercatat pada >1 kode kanal,perbaiki,Tentukan kanal yang benar; analisis per kanal belum dapat dipercaya sebelum itu.
R03,2363,2020-06-11,MIT-002,MITRAKU BAKSO IKAN 400 GR X 23 PACK,3.0,PACK,19000.0,57000.0,MAKMUR JAYA,2,referensial,peringatan,Pelanggan tercatat pada >1 kode kanal,perbaiki,Tentukan kanal yang benar; analisis per kanal belum dapat dipercaya sebelum itu.
R03,2364,2020-06-11,SUKI-001,MITRAKU SUKI TOMYAM,6.0,PACK,18000.0,108000.0,MAKMUR JAYA,3,referensial,peringatan,Pelanggan tercatat pada >1 kode kanal,perbaiki,Tentukan kanal yang benar; analisis per kanal belum dapat dipercaya sebelum itu.
R03,2374,2020-06-11,OKEY-003,OKEY STICK 500 GR X 10 PACK,2.0,DUS,180000.0,360000.0,PAK ERWIN,2,referensial,peringatan,Pelanggan tercatat pada >1 kode kanal,perbaiki,Tentukan kanal yang benar; analisis per kanal belum dapat dipercaya sebelum itu.
R03,2449,2020-06-13,JOF-024,JOFRANS NUGGET AYAM STICKY 500 GR X 12,1.0,DUS,210000.0,210000.0,PAK ERWIN,2,referensial,peringatan,Pelanggan tercatat pada >1 kode kanal,perbaiki,Tentukan kanal yang benar; analisis per kanal belum dapat dipercaya sebelum itu.
R03,2450,2020-06-13,OKEY-003,OKEY STICK 500 GR X 10 PACK,2.0,PACK,18000.0,36000.0,PAK ERWIN,2,referensial,peringatan,Pelanggan tercatat pada >1 kode kanal,perbaiki,Tentukan kanal yang benar; analisis per kanal belum dapat dipercaya sebelum itu.
R03,2564,2020-06-16,EURIAL-001,EURIAL MOZZARELLA CHEESE 4 X 2.5 KG,3.0,DUS,960000.0,2880000.0,HARUM MANIS,2,referensial,peringatan,Pelanggan tercatat pada >1 kode kanal,perbaiki,Tentukan kanal yang benar; analisis per kanal belum dapat dipercaya sebelum itu.
R03,2577,2020-06-16,OKEY-001,OKEY SOSIS 500 GR X 20 PACK,3.0,DUS,380000.0,1140000.0,PUTRA TUNGGAL,2,referensial,peringatan,Pelanggan tercatat pada >1 kode kanal,perbaiki,Tentukan kanal yang benar; analisis per kanal belum dapat dipercaya sebelum itu.
R03,2578,2020-06-16,OKEY-002,OKEY SOSIS 1000 GR X 10 PACK,1.0,DUS,370000.0,370000.0,PUTRA TUNGGAL,2,referensial,peringatan,Pelanggan tercatat pada >1 kode kanal,perbaiki,Tentukan kanal yang benar; analisis per kanal belum dapat dipercaya sebelum itu.
R03,2579,2020-06-16,OKEY-003,OKEY STICK 500 GR X 10 PACK,3.0,DUS,195000.0,585000.0,PUTRA TUNGGAL,2,referensial,peringatan,Pelanggan tercatat pada >1 kode kanal,perbaiki,Tentukan kanal yang benar; analisis per kanal belum dapat dipercaya sebelum itu.
R03,2580,2020-06-16,BLF-001,BELFOODS SOSIS AYAM 500 GR X 12 PACK,1.0,DUS,204000.0,204000.0,PUTRA TUNGGAL,2,referensial,peringatan,Pelanggan tercatat pada >1 kode kanal,perbaiki,Tentukan kanal yang benar; analisis per kanal belum dapat dipercaya sebelum itu.
R03,2581,2020-06-16,BLF-002,BELFOODS SOSIS AYAM 1000 GR X 6 PACK,1.0,DUS,189000.0,189000.0,PUTRA TUNGGAL,2,referensial,peringatan,Pelanggan tercatat pada >1 kode kanal,perbaiki,Tentukan kanal yang benar; analisis per kanal belum dapat dipercaya sebelum itu.
R03,2582,2020-06-16,LIPAO-002,LI PAO KACANG MERAH,1.0,DUS,192000.0,192000.0,PUTRA TUNGGAL,2,referensial,peringatan,Pelanggan tercatat pada >1 kode kanal,perbaiki,Tentukan kanal yang benar; analisis per kanal belum dapat dipercaya sebelum itu.
R03,2586,2020-06-16,OKEY-003,OKEY STICK 500 GR X 10 PACK,5.0,PACK,19500.0,97500.0,SRC BUNDA,2,referensial,peringatan,Pelanggan tercatat pada >1 kode kanal,perbaiki,Tentukan kanal yang benar; analisis per kanal belum dapat dipercaya sebelum itu.
R03,2587,2020-06-16,OKEY-001,OKEY SOSIS 500 GR X 20 PACK,5.0,PACK,19000.0,95000.0,SRC BUNDA,2,referensial,peringatan,Pelanggan tercatat pada >1 kode kanal,perbaiki,Tentukan kanal yang benar; analisis per kanal belum dapat dipercaya sebelum itu.
R03,2588,2020-06-16,BLF-001,BELFOODS SOSIS AYAM 500 GR X 12 PACK,3.0,PACK,17000.0,51000.0,SRC BUNDA,2,referensial,peringatan,Pelanggan tercatat pada >1 kode kanal,perbaiki,Tentukan kanal yang benar; analisis per kanal belum dapat dipercaya sebelum itu.
R03,2589,2020-06-16,LUTOSA-001,LUTOSA SHOESTRING 1000 GR X 10 PACK,3.0,PACK,28000.0,84000.0,SRC BUNDA,2,referensial,peringatan,Pelanggan tercatat pada >1 kode kanal,perbaiki,Tentukan kanal yang benar; analisis per kanal belum dapat dipercaya sebelum itu.
R03,2590,2020-06-16,LIPAO-001,LI PAO COKLAT,2.0,PACK,16000.0,32000.0,SRC BUNDA,2,referensial,peringatan,Pelanggan tercatat pada >1 kode kanal,perbaiki,Tentukan kanal yang benar; analisis per kanal belum dapat dipercaya sebelum itu.
R03,2591,2020-06-16,OKEY-001,OKEY SOSIS 500 GR X 20 PACK,1.0,DUS,380000.0,380000.0,TOKO AQILA,2,referensial,peringatan,Pelanggan tercatat pada >1 kode kanal,perbaiki,Tentukan kanal yang benar; analisis per kanal belum dapat dipercaya sebelum itu.
R03,2592,2020-06-16,OKEY-003,OKEY STICK 500 GR X 10 PACK,2.0,DUS,195000.0,390000.0,TOKO AQILA,2,referensial,peringatan,Pelanggan tercatat pada >1 kode kanal,perbaiki,Tentukan kanal yang benar; analisis per kanal belum dapat dipercaya sebelum itu.
R03,2593,2020-06-16,BLF-001,BELFOODS SOSIS AYAM 500 GR X 12 PACK,2.0,DUS,204000.0,408000.0,TOKO AQILA,2,referensial,peringatan,Pelanggan tercatat pada >1 kode kanal,perbaiki,Tentukan kanal yang benar; analisis per kanal belum dapat dipercaya sebelum itu.
R03,2594,2020-06-16,JOF-022,JOFRANS NUGGET AYAM REG. 225 GR X 24 PAK,6.0,PACK,10000.0,60000.0,TOKO AQILA,2,referensial,peringatan,Pelanggan tercatat pada >1 kode kanal,perbaiki,Tentukan kanal yang benar; analisis per kanal belum dapat dipercaya sebelum itu.
R03,2598,2020-06-16,OKEY-003,OKEY STICK 500 GR X 10 PACK,15.0,PACK,19500.0,292500.0,TOKO HASAN,3,referensial,peringatan,Pelanggan tercatat pada >1 kode kanal,perbaiki,Tentukan kanal yang benar; analisis per kanal belum dapat dipercaya sebelum itu.
R03,2599,2020-06-16,OKEY-001,OKEY SOSIS 500 GR X 20 PACK,1.0,DUS,380000.0,380000.0,TOKO HASAN,2,referensial,peringatan,Pelanggan tercatat pada >1 kode kanal,perbaiki,Tentukan kanal yang benar; analisis per kanal belum dapat dipercaya sebelum itu.
R03,2600,2020-06-16,OKEY-003,OKEY STICK 500 GR X 10 PACK,1.0,DUS,195000.0,195000.0,TOKO DUA PUTRI,2,referensial,peringatan,Pelanggan tercatat pada >1 kode kanal,perbaiki,Tentukan kanal yang benar; analisis per kanal belum dapat dipercaya sebelum itu.
R03,2601,2020-06-16,JOF-002,JOFRANS NUGGET AYAM REG. 500 GR X 12 PAK,1.0,DUS,216000.0,216000.0,KOPERASI KUSUMA BAKTI,2,referensial,peringatan,Pelanggan tercatat pada >1 kode kanal,perbaiki,Tentukan kanal yang benar; analisis per kanal belum dapat dipercaya sebelum itu.
R03,2602,2020-06-16,JOF-024,JOFRANS NUGGET AYAM STICKY 500 GR X 12,1.0,DUS,216000.0,216000.0,KOPERASI KUSUMA BAKTI,2,referensial,peringatan,Pelanggan tercatat pada >1 kode kanal,perbaiki,Tentukan kanal yang benar; analisis per kanal belum dapat dipercaya sebelum itu.
R03,2603,2020-06-16,BLF-002,BELFOODS SOSIS AYAM 1000 GR X 6 PACK,1.0,DUS,189000.0,189000.0,KOPERASI KUSUMA BAKTI,2,referensial,peringatan,Pelanggan tercatat pada >1 kode kanal,perbaiki,Tentukan kanal yang benar; analisis per kanal belum dapat dipercaya sebelum itu.
R03,2604,2020-06-16,OKEY-001,OKEY SOSIS 500 GR X 20 PACK,15.0,PACK,19000.0,285000.0,KOPERASI KUSUMA BAKTI,3,referensial,peringatan,Pelanggan tercatat pada >1 kode kanal,perbaiki,Tentukan kanal yang benar; analisis per kanal belum dapat dipercaya sebelum itu.
R03,2683,2020-06-17,OKEY-001,OKEY SOSIS 500 GR X 20 PACK,1.0,DUS,340000.0,340000.0,PAK ERWIN,2,referensial,peringatan,Pelanggan tercatat pada >1 kode kanal,perbaiki,Tentukan kanal yang benar; analisis per kanal belum dapat dipercaya sebelum itu.
R03,2684,2020-06-17,OKEY-005,OKEY NUGGET 500 GR X 10 PACK,1.0,DUS,180000.0,180000.0,PAK ERWIN,2,referensial,peringatan,Pelanggan tercatat pada >1 kode kanal,perbaiki,Tentukan kanal yang benar; analisis per kanal belum dapat dipercaya sebelum itu.
R03,2685,2020-06-17,OKEY-004,OKEY STICK 1000 GR X 5 PACK,1.0,DUS,177500.0,177500.0,PAK ERWIN,2,referensial,peringatan,Pelanggan tercatat pada >1 kode kanal,perbaiki,Tentukan kanal yang benar; analisis per kanal belum dapat dipercaya sebelum itu.
R03,2686,2020-06-17,BONJU-001,BONJU CIRENG SALJU KUAH RUJAK,6.0,PACK,18500.0,111000.0,PAK ERWIN,2,referensial,peringatan,Pelanggan tercatat pada >1 kode kanal,perbaiki,Tentukan kanal yang benar; analisis per kanal belum dapat dipercaya sebelum itu.
R03,2687,2020-06-17,LIPAO-001,LI PAO COKLAT,3.0,PACK,14000.0,42000.0,PAK ERWIN,2,referensial,peringatan,Pelanggan tercatat pada >1 kode kanal,perbaiki,Tentukan kanal yang benar; analisis per kanal belum dapat dipercaya sebelum itu.
R03,2688,2020-06-17,LIPAO-002,LI PAO KACANG MERAH,1.0,PACK,14000.0,14000.0,PAK ERWIN,2,referensial,peringatan,Pelanggan tercatat pada >1 kode kanal,perbaiki,Tentukan kanal yang benar; analisis per kanal belum dapat dipercaya sebelum itu.
R03,2699,2020-06-18,JOF-002,JOFRANS NUGGET AYAM REG. 500 GR X 12 PAK,2.0,DUS,216000.0,432000.0,PAK ERWIN,2,referensial,peringatan,Pelanggan tercatat pada >1 kode kanal,perbaiki,Tentukan kanal yang benar; analisis per kanal belum dapat dipercaya sebelum itu.
R03,2700,2020-06-18,JOF-024,JOFRANS NUGGET AYAM STICKY 500 GR X 12,2.0,DUS,216000.0,432000.0,PAK ERWIN,2,referensial,peringatan,Pelanggan tercatat pada >1 kode kanal,perbaiki,Tentukan kanal yang benar; analisis per kanal belum dapat dipercaya sebelum itu.
R03,2701,2020-06-18,JOF-022,JOFRANS NUGGET AYAM REG. 225 GR X 24 PAK,1.0,DUS,240000.0,240000.0,PAK ERWIN,2,referensial,peringatan,Pelanggan tercatat pada >1 kode kanal,perbaiki,Tentukan kanal yang benar; analisis per kanal belum dapat dipercaya sebelum itu.
R03,2702,2020-06-18,MIN-002,MINAKU NUGGET ICE CREAM 500 GR X 20 PACK,6.0,PACK,14500.0,87000.0,PAK ERWIN,2,referensial,peringatan,Pelanggan tercatat pada >1 kode kanal,perbaiki,Tentukan kanal yang benar; analisis per kanal belum dapat dipercaya sebelum itu.
R03,2703,2020-06-18,MIN-006,MINAKU KAKI NAGA 500 GR X 20 PACK,6.0,PACK,15000.0,90000.0,PAK ERWIN,2,referensial,peringatan,Pelanggan tercatat pada >1 kode kanal,perbaiki,Tentukan kanal yang benar; analisis per kanal belum dapat dipercaya sebelum itu.
R03,2704,2020-06-18,MIN-004,MINAKU SIOMAY IKAN 400 GR X 25 PACK,3.0,PACK,20000.0,60000.0,PAK ERWIN,2,referensial,peringatan,Pelanggan tercatat pada >1 kode kanal,perbaiki,Tentukan kanal yang benar; analisis per kanal belum dapat dipercaya sebelum itu.
R03,2705,2020-06-18,LIPAO-001,LI PAO COKLAT,6.0,PACK,16000.0,96000.0,PAK ERWIN,2,referensial,peringatan,Pelanggan tercatat pada >1 kode kanal,perbaiki,Tentukan kanal yang benar; analisis per kanal belum dapat dipercaya sebelum itu.
R03,2706,2020-06-18,LIPAO-002,LI PAO KACANG MERAH,6.0,PACK,16000.0,96000.0,PAK ERWIN,2,referensial,peringatan,Pelanggan tercatat pada >1 kode kanal,perbaiki,Tentukan kanal yang benar; analisis per kanal belum dapat dipercaya sebelum itu.
R03,2713,2020-06-19,JUL-003,JULIENNE SHOESTRING 2.5 KG X 4 PACK,7.0,DUS,250000.0,1750000.0,HARUM MANIS,2,referensial,peringatan,Pelanggan tercatat pada >1 kode kanal,perbaiki,Tentukan kanal yang benar; analisis per kanal belum dapat dipercaya sebelum itu.
R03,2714,2020-06-19,LUTOSA-001,LUTOSA SHOESTRING 1000 GR X 10 PACK,1.0,DUS,260000.0,260000.0,HARUM MANIS,2,referensial,peringatan,Pelanggan tercatat pada >1 kode kanal,perbaiki,Tentukan kanal yang benar; analisis per kanal belum dapat dipercaya sebelum itu.
R03,2959,2020-06-26,CHA-006,CHAMP BASO 500 GR X 10 PACK,1.0,DUS,240000.0,240000.0,MAKMUR JAYA,3,referensial,peringatan,Pelanggan tercatat pada >1 kode kanal,perbaiki,Tentukan kanal yang benar; analisis per kanal belum dapat dipercaya sebelum itu.
R03,2984,2020-06-26,JOF-024,JOFRANS NUGGET AYAM STICKY 500 GR X 12,1.0,DUS,210000.0,210000.0,PAK ERWIN,3,referensial,peringatan,Pelanggan tercatat pada >1 kode kanal,perbaiki,Tentukan kanal yang benar; analisis per kanal belum dapat dipercaya sebelum itu.
R03,2985,2020-06-26,MIT-009,MITRAKU FISH ROLL 500 GR X 20 PACK,17.0,PACK,23400.0,365976.0,PAK ERWIN,4,referensial,peringatan,Pelanggan tercatat pada >1 kode kanal,perbaiki,Tentukan kanal yang benar; analisis per kanal belum dapat dipercaya sebelum itu.
R03,2986,2020-06-26,MIN-010,MINAKU BOLA IKAN 500 GR X 10 PACK,5.0,PACK,21000.0,105000.0,PAK ERWIN,3,referensial,peringatan,Pelanggan tercatat pada >1 kode kanal,perbaiki,Tentukan kanal yang benar; analisis per kanal belum dapat dipercaya sebelum itu.
R03,2987,2020-06-26,JOF-007,JOFRANS SOSIS BRATW (KEJU) 500 GR X 12,2.0,PACK,28500.0,57000.0,PAK ERWIN,4,referensial,peringatan,Pelanggan tercatat pada >1 kode kanal,perbaiki,Tentukan kanal yang benar; analisis per kanal belum dapat dipercaya sebelum itu.
R03,2988,2020-06-26,JOF-016,JOFRANS SOSIS BRATW(LADA HITAM) 500GRX12,2.0,PACK,28500.0,57000.0,PAK ERWIN,4,referensial,peringatan,Pelanggan tercatat pada >1 kode kanal,perbaiki,Tentukan kanal yang benar; analisis per kanal belum dapat dipercaya sebelum itu.
R03,2989,2020-06-26,JOF-004,JOFRANS SOSIS BAKAR (ORI) 500 GR X 12,2.0,PACK,27500.0,55000.0,PAK ERWIN,3,referensial,peringatan,Pelanggan tercatat pada >1 kode kanal,perbaiki,Tentukan kanal yang benar; analisis per kanal belum dapat dipercaya sebelum itu.
R03,2990,2020-06-26,EURIAL-001,EURIAL MOZZARELLA CHEESE 4 X 2.5 KG,3.0,DUS,960000.0,2880000.0,HARUM MANIS,3,referensial,peringatan,Pelanggan tercatat pada >1 kode kanal,perbaiki,Tentukan kanal yang benar; analisis per kanal belum dapat dipercaya sebelum itu.
R03,3083,2020-06-27,MIN-001,MINAKU OTAK OTAK 500 GR X 20 PACK,6.0,DUS,310000.0,1860000.0,PAK ERWIN,2,referensial,peringatan,Pelanggan tercatat pada >1 kode kanal,perbaiki,Tentukan kanal yang benar; analisis per kanal belum dapat dipercaya sebelum itu.
R03,3349,2020-07-04,CHOP-001,CHOP BURGER SAPI ISI 10 250GR X 24 PACK,2.0,DUS,180000.0,360000.0,PAK ERWIN,2,referensial,peringatan,Pelanggan tercatat pada >1 kode kanal,perbaiki,Tentukan kanal yang benar; analisis per kanal belum dapat dipercaya sebelum itu.
R03,3350,2020-07-04,JOF-010,JOFRANS NUGGET AYAM HATI 1000 GR X 10,1.0,DUS,335000.0,335000.0,PAK ERWIN,2,referensial,peringatan,Pelanggan tercatat pada >1 kode kanal,perbaiki,Tentukan kanal yang benar; analisis per kanal belum dapat dipercaya sebelum itu.
R03,3351,2020-07-04,DEN-007,DEN BAGUS BEBEK ISI 21 X 20 PACK,1.0,BAL,180000.0,180000.0,PAK ERWIN,2,referensial,peringatan,Pelanggan tercatat pada >1 kode kanal,perbaiki,Tentukan kanal yang benar; analisis per kanal belum dapat dipercaya sebelum itu.
R03,3352,2020-07-04,JOF-026,JOFRANS SOSIS SAPI 300 GR X 32 PACK,2.0,PACK,16500.0,33000.0,PAK ERWIN,2,referensial,peringatan,Pelanggan tercatat pada >1 kode kanal,perbaiki,Tentukan kanal yang benar; analisis per kanal belum dapat dipercaya sebelum itu.
R03,3353,2020-07-04,SUN-001,SUNFISH BASO MIX IKAN 500 GR X 24 PACK,12.0,PACK,25000.0,300000.0,PAK ERWIN,2,referensial,peringatan,Pelanggan tercatat pada >1 kode kanal,perbaiki,Tentukan kanal yang benar; analisis per kanal belum dapat dipercaya sebelum itu.
R03,3354,2020-07-04,SUN-002,SUNFISH FISH SOY 500 GR X 12 PACK,12.0,PACK,19000.0,228000.0,PAK ERWIN,2,referensial,peringatan,Pelanggan tercatat pada >1 kode kanal,perbaiki,Tentukan kanal yang benar; analisis per kanal belum dapat dipercaya sebelum itu.
R03,3355,2020-07-04,DEN-003,DEN BAGUS AYAM ISI 13 X 50 PACK,50.0,PACK,5000.0,250000.0,PAK ERWIN,3,referensial,peringatan,Pelanggan tercatat pada >1 kode kanal,perbaiki,Tentukan kanal yang benar; analisis per kanal belum dapat dipercaya sebelum itu.
R03,3547,2020-07-10,JOF-024,JOFRANS NUGGET AYAM STICKY 500 GR X 12,1.0,DUS,216000.0,216000.0,TOKO NURHADI,2,referensial,peringatan,Pelanggan tercatat pada >1 kode kanal,perbaiki,Tentukan kanal yang benar; analisis per kanal belum dapat dipercaya sebelum itu.
R03,3548,2020-07-10,LIPAO-002,LI PAO KACANG MERAH,12.0,PACK,15000.0,180000.0,TOKO NURHADI,2,referensial,peringatan,Pelanggan tercatat pada >1 kode kanal,perbaiki,Tentukan kanal yang benar; analisis per kanal belum dapat dipercaya sebelum itu.
R03,3549,2020-07-10,BONJU-001,BONJU CIRENG SALJU KUAH RUJAK,10.0,PACK,16000.0,160000.0,TOKO NURHADI,2,referensial,peringatan,Pelanggan tercatat pada >1 kode kanal,perbaiki,Tentukan kanal yang benar; analisis per kanal belum dapat dipercaya sebelum itu.
R03,3550,2020-07-10,BAKSO-003,ILM BAKSO IKAN OLAHAN BENTUK TAHU 200 GR,16.0,PACK,11000.0,176000.0,TOKO NURHADI,3,referensial,peringatan,Pelanggan tercatat pada >1 kode kanal,perbaiki,Tentukan kanal yang benar; analisis per kanal belum dapat dipercaya sebelum itu.
R03,3551,2020-07-10,BLF-001,BELFOODS SOSIS AYAM 500 GR X 12 PACK,2.0,DUS,204000.0,408000.0,TOKO NURHADI,2,referensial,peringatan,Pelanggan tercatat pada >1 kode kanal,perbaiki,Tentukan kanal yang benar; analisis per kanal belum dapat dipercaya sebelum itu.
R03,3552,2020-07-10,BAKSO-001,ILM BAKSO ANEKA WARNA 250 GR,10.0,PACK,12500.0,125000.0,TOKO NURHADI,3,referensial,peringatan,Pelanggan tercatat pada >1 kode kanal,perbaiki,Tentukan kanal yang benar; analisis per kanal belum dapat dipercaya sebelum itu.
R03,3553,2020-07-10,BAKSO-002,ILM BAKSO BINTANG 250 GR,2.0,PACK,12500.0,25000.0,TOKO NURHADI,3,referensial,peringatan,Pelanggan tercatat pada >1 kode kanal,perbaiki,Tentukan kanal yang benar; analisis per kanal belum dapat dipercaya sebelum itu.
R03,3554,2020-07-10,LUTOSA-002,LUTOSA SHOESTRING 2.5 KG X 4 PACK,2.0,PACK,65000.0,130000.0,TOKO NURHADI,4,referensial,peringatan,Pelanggan tercatat pada >1 kode kanal,perbaiki,Tentukan kanal yang benar; analisis per kanal belum dapat dipercaya sebelum itu.
R03,3555,2020-07-10,OKEY-001,OKEY SOSIS 500 GR X 20 PACK,3.0,DUS,380000.0,1140000.0,TOKO HASAN,2,referensial,peringatan,Pelanggan tercatat pada >1 kode kanal,perbaiki,Tentukan kanal yang benar; analisis per kanal belum dapat dipercaya sebelum itu.
R03,3556,2020-07-10,OKEY-003,OKEY STICK 500 GR X 10 PACK,2.0,DUS,195000.0,390000.0,TOKO HASAN,2,referensial,peringatan,Pelanggan tercatat pada >1 kode kanal,perbaiki,Tentukan kanal yang benar; analisis per kanal belum dapat dipercaya sebelum itu.
R03,3563,2020-07-10,DEN-001,DEN BAGUS IKAN ISI 32 X 20 PACK,18.0,PACK,13000.0,234000.0,TOKO AQILA,3,referensial,peringatan,Pelanggan tercatat pada >1 kode kanal,perbaiki,Tentukan kanal yang benar; analisis per kanal belum dapat dipercaya sebelum itu.
R03,3564,2020-07-10,CIR-002,PK TAHU KRIYUK X 30 PACK,10.0,PACK,13000.0,130000.0,TOKO AQILA,2,referensial,peringatan,Pelanggan tercatat pada >1 kode kanal,perbaiki,Tentukan kanal yang benar; analisis per kanal belum dapat dipercaya sebelum itu.
R03,3565,2020-07-10,CHA-006,CHAMP BASO 500 GR X 10 PACK,5.0,PACK,24000.0,120000.0,TOKO AQILA,2,referensial,peringatan,Pelanggan tercatat pada >1 kode kanal,perbaiki,Tentukan kanal yang benar; analisis per kanal belum dapat dipercaya sebelum itu.
R03,3566,2020-07-10,BAKSO-001,ILM BAKSO ANEKA WARNA 250 GR,5.0,PACK,12500.0,62500.0,TOKO AQILA,3,referensial,peringatan,Pelanggan tercatat pada >1 kode kanal,perbaiki,Tentukan kanal yang benar; analisis per kanal belum dapat dipercaya sebelum itu.
R03,3567,2020-07-10,BONJU-001,BONJU CIRENG SALJU KUAH RUJAK,3.0,PACK,16000.0,48000.0,TOKO AQILA,2,referensial,peringatan,Pelanggan tercatat pada >1 kode kanal,perbaiki,Tentukan kanal yang benar; analisis per kanal belum dapat dipercaya sebelum itu.
R03,3568,2020-07-10,JOF-024,JOFRANS NUGGET AYAM STICKY 500 GR X 12,5.0,PACK,18000.0,90000.0,TOKO AQILA,2,referensial,peringatan,Pelanggan tercatat pada >1 kode kanal,perbaiki,Tentukan kanal yang benar; analisis per kanal belum dapat dipercaya sebelum itu.
R03,3569,2020-07-10,OKEY-002,OKEY SOSIS 1000 GR X 10 PACK,1.0,DUS,370000.0,370000.0,SRC BUNDA,2,referensial,peringatan,Pelanggan tercatat pada >1 kode kanal,perbaiki,Tentukan kanal yang benar; analisis per kanal belum dapat dipercaya sebelum itu.
R03,3570,2020-07-10,OKEY-004,OKEY STICK 1000 GR X 5 PACK,1.0,DUS,190000.0,190000.0,SRC BUNDA,2,referensial,peringatan,Pelanggan tercatat pada >1 kode kanal,perbaiki,Tentukan kanal yang benar; analisis per kanal belum dapat dipercaya sebelum itu.
R03,3575,2020-07-10,OKEY-002,OKEY SOSIS 1000 GR X 10 PACK,5.0,PACK,37000.0,185000.0,TOKO DUA PUTRI,2,referensial,peringatan,Pelanggan tercatat pada >1 kode kanal,perbaiki,Tentukan kanal yang benar; analisis per kanal belum dapat dipercaya sebelum itu.
R03,3576,2020-07-10,LIPAO-002,LI PAO KACANG MERAH,5.0,PACK,15000.0,75000.0,TOKO DUA PUTRI,2,referensial,peringatan,Pelanggan tercatat pada >1 kode kanal,perbaiki,Tentukan kanal yang benar; analisis per kanal belum dapat dipercaya sebelum itu.
R03,3577,2020-07-10,BONJU-001,BONJU CIRENG SALJU KUAH RUJAK,5.0,PACK,16000.0,80000.0,TOKO DUA PUTRI,2,referensial,peringatan,Pelanggan tercatat pada >1 kode kanal,perbaiki,Tentukan kanal yang benar; analisis per kanal belum dapat dipercaya sebelum itu.
R03,3578,2020-07-10,LIPAO-002,LI PAO KACANG MERAH,6.0,PACK,15000.0,90000.0,PUTRA TUNGGAL,2,referensial,peringatan,Pelanggan tercatat pada >1 kode kanal,perbaiki,Tentukan kanal yang benar; analisis per kanal belum dapat dipercaya sebelum itu.
R03,3579,2020-07-10,WEI-002,WEI WANG AYAM X 12 PACK,12.0,PACK,16000.0,192000.0,PUTRA TUNGGAL,2,referensial,peringatan,Pelanggan tercatat pada >1 kode kanal,perbaiki,Tentukan kanal yang benar; analisis per kanal belum dapat dipercaya sebelum itu.
R03,3580,2020-07-10,OKEY-002,OKEY SOSIS 1000 GR X 10 PACK,5.0,PACK,37000.0,185000.0,PUTRA TUNGGAL,2,referensial,peringatan,Pelanggan tercatat pada >1 kode kanal,perbaiki,Tentukan kanal yang benar; analisis per kanal belum dapat dipercaya sebelum itu.
R03,3581,2020-07-10,SUN-003,SUNFISH OTAK OTAK ISI 40 500 GR X 12,12.0,PACK,20000.0,240000.0,PUTRA TUNGGAL,4,referensial,peringatan,Pelanggan tercatat pada >1 kode kanal,perbaiki,Tentukan kanal yang benar; analisis per kanal belum dapat dipercaya sebelum itu.
R03,3582,2020-07-10,JOF-022,JOFRANS NUGGET AYAM REG. 225 GR X 24 PAK,2.0,DUS,240000.0,480000.0,PUTRA TUNGGAL,2,referensial,peringatan,Pelanggan tercatat pada >1 kode kanal,perbaiki,Tentukan kanal yang benar; analisis per kanal belum dapat dipercaya sebelum itu.
R03,3583,2020-07-10,JOF-024,JOFRANS NUGGET AYAM STICKY 500 GR X 12,2.0,DUS,216000.0,432000.0,PUTRA TUNGGAL,2,referensial,peringatan,Pelanggan tercatat pada >1 kode kanal,perbaiki,Tentukan kanal yang benar; analisis per kanal belum dapat dipercaya sebelum itu.
R03,3584,2020-07-10,JOF-002,JOFRANS NUGGET AYAM REG. 500 GR X 12 PAK,1.0,DUS,216000.0,216000.0,PUTRA TUNGGAL,2,referensial,peringatan,Pelanggan tercatat pada >1 kode kanal,perbaiki,Tentukan kanal yang benar; analisis per kanal belum dapat dipercaya sebelum itu.
R03,3585,2020-07-10,BAKSO-001,ILM BAKSO ANEKA WARNA 250 GR,3.0,PACK,12500.0,37500.0,PUTRA TUNGGAL,3,referensial,peringatan,Pelanggan tercatat pada >1 kode kanal,perbaiki,Tentukan kanal yang benar; analisis per kanal belum dapat dipercaya sebelum itu.
R03,4255,2020-07-27,MIN-001,MINAKU OTAK OTAK 500 GR X 20 PACK,5.0,DUS,310000.0,1550000.0,PAK ERWIN,2,referensial,peringatan,Pelanggan tercatat pada >1 kode kanal,perbaiki,Tentukan kanal yang benar; analisis per kanal belum dapat dipercaya sebelum itu.
R03,4256,2020-07-27,JOF-024,JOFRANS NUGGET AYAM STICKY 500 GR X 12,2.0,DUS,210000.0,420000.0,PAK ERWIN,2,referensial,peringatan,Pelanggan tercatat pada >1 kode kanal,perbaiki,Tentukan kanal yang benar; analisis per kanal belum dapat dipercaya sebelum itu.
R03,4292,2020-07-27,OKEY-002,OKEY SOSIS 1000 GR X 10 PACK,3.0,DUS,340000.0,1020000.0,MITRA MART,2,referensial,peringatan,Pelanggan tercatat pada >1 kode kanal,perbaiki,Tentukan kanal yang benar; analisis per kanal belum dapat dipercaya sebelum itu.
R03,4293,2020-07-27,OKEY-001,OKEY SOSIS 500 GR X 20 PACK,2.0,DUS,350000.0,700000.0,MITRA MART,2,referensial,peringatan,Pelanggan tercatat pada >1 kode kanal,perbaiki,Tentukan kanal yang benar; analisis per kanal belum dapat dipercaya sebelum itu.
R03,4294,2020-07-27,OKEY-003,OKEY STICK 500 GR X 10 PACK,1.0,DUS,185000.0,185000.0,MITRA MART,2,referensial,peringatan,Pelanggan tercatat pada >1 kode kanal,perbaiki,Tentukan kanal yang benar; analisis per kanal belum dapat dipercaya sebelum itu.
R03,4295,2020-07-27,OKEY-004,OKEY STICK 1000 GR X 5 PACK,1.0,DUS,182500.0,182500.0,MITRA MART,2,referensial,peringatan,Pelanggan tercatat pada >1 kode kanal,perbaiki,Tentukan kanal yang benar; analisis per kanal belum dapat dipercaya sebelum itu.
R03,4296,2020-07-27,BLF-002,BELFOODS SOSIS AYAM 1000 GR X 6 PACK,2.0,DUS,183000.0,366000.0,MITRA MART,2,referensial,peringatan,Pelanggan tercatat pada >1 kode kanal,perbaiki,Tentukan kanal yang benar; analisis per kanal belum dapat dipercaya sebelum itu.
R03,4297,2020-07-27,JOF-024,JOFRANS NUGGET AYAM STICKY 500 GR X 12,1.0,DUS,210000.0,210000.0,MITRA MART,2,referensial,peringatan,Pelanggan tercatat pada >1 kode kanal,perbaiki,Tentukan kanal yang benar; analisis per kanal belum dapat dipercaya sebelum itu.
R03,4298,2020-07-27,CHA-006,CHAMP BASO 500 GR X 10 PACK,1.0,DUS,220000.0,220000.0,MITRA MART,2,referensial,peringatan,Pelanggan tercatat pada >1 kode kanal,perbaiki,Tentukan kanal yang benar; analisis per kanal belum dapat dipercaya sebelum itu.
R03,4299,2020-07-27,MIN-001,MINAKU OTAK OTAK 500 GR X 20 PACK,1.0,DUS,320000.0,320000.0,MITRA MART,2,referensial,peringatan,Pelanggan tercatat pada >1 kode kanal,perbaiki,Tentukan kanal yang benar; analisis per kanal belum dapat dipercaya sebelum itu.
R03,4300,2020-07-27,CIR-002,PK TAHU KRIYUK X 30 PACK,5.0,PACK,11500.0,57500.0,MITRA MART,2,referensial,peringatan,Pelanggan tercatat pada >1 kode kanal,perbaiki,Tentukan kanal yang benar; analisis per kanal belum dapat dipercaya sebelum itu.
R03,4301,2020-07-27,CIR-008,PK BOLA BOLA CRISPY X 30 PACK,15.0,PACK,11500.0,172500.0,MITRA MART,2,referensial,peringatan,Pelanggan tercatat pada >1 kode kanal,perbaiki,Tentukan kanal yang benar; analisis per kanal belum dapat dipercaya sebelum itu.
R03,4302,2020-07-27,SAKANA-001,SAKANA SIOMAY 500 GR,4.0,PACK,24000.0,96000.0,MITRA MART,2,referensial,peringatan,Pelanggan tercatat pada >1 kode kanal,perbaiki,Tentukan kanal yang benar; analisis per kanal belum dapat dipercaya sebelum itu.
R03,4303,2020-07-27,FOODY-002,FOODY NUGGET KIPAS 500 GR X 20 PACK,5.0,PACK,12000.0,60000.0,MITRA MART,2,referensial,peringatan,Pelanggan tercatat pada >1 kode kanal,perbaiki,Tentukan kanal yang benar; analisis per kanal belum dapat dipercaya sebelum itu.
R03,4463,2020-07-30,BAKSO-003,ILM BAKSO IKAN OLAHAN BENTUK TAHU 200 GR,10.0,PACK,10000.0,100000.0,PAK ERWIN,3,referensial,peringatan,Pelanggan tercatat pada >1 kode kanal,perbaiki,Tentukan kanal yang benar; analisis per kanal belum dapat dipercaya sebelum itu.
R03,4464,2020-07-30,JOF-022,JOFRANS NUGGET AYAM REG. 225 GR X 24 PAK,10.0,PACK,9500.0,95000.0,PAK ERWIN,2,referensial,peringatan,Pelanggan tercatat pada >1 kode kanal,perbaiki,Tentukan kanal yang benar; analisis per kanal belum dapat dipercaya sebelum itu.
R03,4465,2020-07-30,SUN-003,SUNFISH OTAK OTAK ISI 40 500 GR X 12,6.0,PACK,18000.0,108000.0,PAK ERWIN,3,referensial,peringatan,Pelanggan tercatat pada >1 kode kanal,perbaiki,Tentukan kanal yang benar; analisis per kanal belum dapat dipercaya sebelum itu.
R03,4543,2020-08-03,JUL-001,STAR JULIENNE SHOESTRING 2.5 KG X 5 PACK,5.0,DUS,300000.0,1500000.0,HARUM MANIS,3,referensial,peringatan,Pelanggan tercatat pada >1 kode kanal,perbaiki,Tentukan kanal yang benar; analisis per kanal belum dapat dipercaya sebelum itu.
R03,4544,2020-08-03,JOF-002,JOFRANS NUGGET AYAM REG. 500 GR X 12 PAK,1.0,DUS,216000.0,216000.0,HARUM MANIS,3,referensial,peringatan,Pelanggan tercatat pada >1 kode kanal,perbaiki,Tentukan kanal yang benar; analisis per kanal belum dapat dipercaya sebelum itu.
R03,4545,2020-08-03,MIT-009,MITRAKU FISH ROLL 500 GR X 20 PACK,6.0,PACK,23400.0,140400.0,HARUM MANIS,3,referensial,peringatan,Pelanggan tercatat pada >1 kode kanal,perbaiki,Tentukan kanal yang benar; analisis per kanal belum dapat dipercaya sebelum itu.
R03,4546,2020-08-03,MIT-018,MITRAKU BAKSO IKAN ISI TUNA 500 GR X 20,3.0,PACK,28000.0,84000.0,HARUM MANIS,3,referensial,peringatan,Pelanggan tercatat pada >1 kode kanal,perbaiki,Tentukan kanal yang benar; analisis per kanal belum dapat dipercaya sebelum itu.
R03,4547,2020-08-03,MIT-019,MITRAKU BAKSO IKAN ISI AYAM 500 GR X 20,3.0,PACK,28000.0,84000.0,HARUM MANIS,3,referensial,peringatan,Pelanggan tercatat pada >1 kode kanal,perbaiki,Tentukan kanal yang benar; analisis per kanal belum dapat dipercaya sebelum itu.
R03,4548,2020-08-03,SUKI-001,MITRAKU SUKI TOMYAM,10.0,PCS,18000.0,180000.0,HARUM MANIS,4,referensial,peringatan,Pelanggan tercatat pada >1 kode kanal,perbaiki,Tentukan kanal yang benar; analisis per kanal belum dapat dipercaya sebelum itu.
R03,4559,2020-08-03,MIT-005,MITRAKU CHILI&CELERY FISHCAKE 500GR X 20,27.0,PACK,28900.0,390150.0,PAK ERWIN,5,referensial,peringatan,Pelanggan tercatat pada >1 kode kanal,perbaiki,Tentukan kanal yang benar; analisis per kanal belum dapat dipercaya sebelum itu.
R03,4560,2020-08-03,MIT-013,MITRAKU SCALLOP 200 GR X 40 PACK,51.0,PACK,9900.0,252450.0,PAK ERWIN,5,referensial,peringatan,Pelanggan tercatat pada >1 kode kanal,perbaiki,Tentukan kanal yang benar; analisis per kanal belum dapat dipercaya sebelum itu.
R03,4561,2020-08-03,MIT-016,MITRAKU FISH CAKE SINGAPORE 1000 GR X 10,2.0,PACK,52000.0,95680.0,PAK ERWIN,4,referensial,peringatan,Pelanggan tercatat pada >1 kode kanal,perbaiki,Tentukan kanal yang benar; analisis per kanal belum dapat dipercaya sebelum itu.
R03,4562,2020-08-03,KRD-001,KORANDA BASO AYAM 500 GR X 20 PACK,20.0,PACK,17000.0,340000.0,PAK ERWIN,3,referensial,peringatan,Pelanggan tercatat pada >1 kode kanal,perbaiki,Tentukan kanal yang benar; analisis per kanal belum dapat dipercaya sebelum itu.
R03,4563,2020-08-03,BAKSO-002,ILM BAKSO BINTANG 250 GR,6.0,PACK,11500.0,69000.0,PAK ERWIN,4,referensial,peringatan,Pelanggan tercatat pada >1 kode kanal,perbaiki,Tentukan kanal yang benar; analisis per kanal belum dapat dipercaya sebelum itu.
R03,4714,2020-08-07,JOF-024,JOFRANS NUGGET AYAM STICKY 500 GR X 12,1.0,DUS,216000.0,216000.0,TOKO NURHADI,2,referensial,peringatan,Pelanggan tercatat pada >1 kode kanal,perbaiki,Tentukan kanal yang benar; analisis per kanal belum dapat dipercaya sebelum itu.
R03,4715,2020-08-07,JOF-002,JOFRANS NUGGET AYAM REG. 500 GR X 12 PAK,1.0,DUS,216000.0,216000.0,TOKO NURHADI,2,referensial,peringatan,Pelanggan tercatat pada >1 kode kanal,perbaiki,Tentukan kanal yang benar; analisis per kanal belum dapat dipercaya sebelum itu.
R03,4716,2020-08-07,JOF-022,JOFRANS NUGGET AYAM REG. 225 GR X 24 PAK,1.0,DUS,240000.0,240000.0,TOKO NURHADI,2,referensial,peringatan,Pelanggan tercatat pada >1 kode kanal,perbaiki,Tentukan kanal yang benar; analisis per kanal belum dapat dipercaya sebelum itu.
R03,4717,2020-08-07,BLF-001,BELFOODS SOSIS AYAM 500 GR X 12 PACK,1.0,DUS,204000.0,204000.0,TOKO NURHADI,2,referensial,peringatan,Pelanggan tercatat pada >1 kode kanal,perbaiki,Tentukan kanal yang benar; analisis per kanal belum dapat dipercaya sebelum itu.
R03,4718,2020-08-07,BLF-002,BELFOODS SOSIS AYAM 1000 GR X 6 PACK,1.0,DUS,189000.0,189000.0,TOKO NURHADI,2,referensial,peringatan,Pelanggan tercatat pada >1 kode kanal,perbaiki,Tentukan kanal yang benar; analisis per kanal belum dapat dipercaya sebelum itu.
R03,4719,2020-08-07,LUTOSA-001,LUTOSA SHOESTRING 1000 GR X 10 PACK,6.0,PACK,28000.0,168000.0,TOKO NURHADI,2,referensial,peringatan,Pelanggan tercatat pada >1 kode kanal,perbaiki,Tentukan kanal yang benar; analisis per kanal belum dapat dipercaya sebelum itu.
R03,4720,2020-08-07,OKEY-004,OKEY STICK 1000 GR X 5 PACK,1.0,DUS,190000.0,190000.0,TOKO HASAN,2,referensial,peringatan,Pelanggan tercatat pada >1 kode kanal,perbaiki,Tentukan kanal yang benar; analisis per kanal belum dapat dipercaya sebelum itu.
R03,4721,2020-08-07,OKEY-001,OKEY SOSIS 500 GR X 20 PACK,4.0,DUS,380000.0,1520000.0,MANDIRI MART,2,referensial,peringatan,Pelanggan tercatat pada >1 kode kanal,perbaiki,Tentukan kanal yang benar; analisis per kanal belum dapat dipercaya sebelum itu.
R03,4722,2020-08-07,OKEY-004,OKEY STICK 1000 GR X 5 PACK,1.0,DUS,190000.0,190000.0,MANDIRI MART,2,referensial,peringatan,Pelanggan tercatat pada >1 kode kanal,perbaiki,Tentukan kanal yang benar; analisis per kanal belum dapat dipercaya sebelum itu.
R03,4723,2020-08-07,OKEY-003,OKEY STICK 500 GR X 10 PACK,1.0,DUS,195000.0,195000.0,MANDIRI MART,2,referensial,peringatan,Pelanggan tercatat pada >1 kode kanal,perbaiki,Tentukan kanal yang benar; analisis per kanal belum dapat dipercaya sebelum itu.
R03,4724,2020-08-07,MIN-001,MINAKU OTAK OTAK 500 GR X 20 PACK,4.0,DUS,360000.0,1440000.0,MANDIRI MART,2,referensial,peringatan,Pelanggan tercatat pada >1 kode kanal,perbaiki,Tentukan kanal yang benar; analisis per kanal belum dapat dipercaya sebelum itu.
R03,4725,2020-08-07,JOF-024,JOFRANS NUGGET AYAM STICKY 500 GR X 12,1.0,DUS,216000.0,216000.0,MANDIRI MART,2,referensial,peringatan,Pelanggan tercatat pada >1 kode kanal,perbaiki,Tentukan kanal yang benar; analisis per kanal belum dapat dipercaya sebelum itu.
R03,4726,2020-08-07,JOF-022,JOFRANS NUGGET AYAM REG. 225 GR X 24 PAK,12.0,PACK,10000.0,120000.0,MANDIRI MART,2,referensial,peringatan,Pelanggan tercatat pada >1 kode kanal,perbaiki,Tentukan kanal yang benar; analisis per kanal belum dapat dipercaya sebelum itu.
R03,4727,2020-08-07,BLF-001,BELFOODS SOSIS AYAM 500 GR X 12 PACK,1.0,DUS,204000.0,204000.0,MANDIRI MART,2,referensial,peringatan,Pelanggan tercatat pada >1 kode kanal,perbaiki,Tentukan kanal yang benar; analisis per kanal belum dapat dipercaya sebelum itu.
R03,4728,2020-08-07,BLF-002,BELFOODS SOSIS AYAM 1000 GR X 6 PACK,1.0,DUS,189000.0,189000.0,MANDIRI MART,2,referensial,peringatan,Pelanggan tercatat pada >1 kode kanal,perbaiki,Tentukan kanal yang benar; analisis per kanal belum dapat dipercaya sebelum itu.
R03,4729,2020-08-07,WEI-001,WEI WANG COKLAT X 12 PACK,1.0,DUS,192000.0,192000.0,MANDIRI MART,3,referensial,peringatan,Pelanggan tercatat pada >1 kode kanal,perbaiki,Tentukan kanal yang benar; analisis per kanal belum dapat dipercaya sebelum itu.
R03,4734,2020-08-07,OKEY-001,OKEY SOSIS 500 GR X 20 PACK,2.0,DUS,380000.0,760000.0,TOKO AQILA,2,referensial,peringatan,Pelanggan tercatat pada >1 kode kanal,perbaiki,Tentukan kanal yang benar; analisis per kanal belum dapat dipercaya sebelum itu.
R03,4735,2020-08-07,JOF-024,JOFRANS NUGGET AYAM STICKY 500 GR X 12,1.0,DUS,216000.0,216000.0,TOKO AQILA,2,referensial,peringatan,Pelanggan tercatat pada >1 kode kanal,perbaiki,Tentukan kanal yang benar; analisis per kanal belum dapat dipercaya sebelum itu.
R03,4736,2020-08-07,OKEY-003,OKEY STICK 500 GR X 10 PACK,1.0,DUS,195000.0,195000.0,TOKO AQILA,2,referensial,peringatan,Pelanggan tercatat pada >1 kode kanal,perbaiki,Tentukan kanal yang benar; analisis per kanal belum dapat dipercaya sebelum itu.
R03,4741,2020-08-07,OKEY-001,OKEY SOSIS 500 GR X 20 PACK,1.0,DUS,380000.0,380000.0,KOPERASI KUSUMA BAKTI,2,referensial,peringatan,Pelanggan tercatat pada >1 kode kanal,perbaiki,Tentukan kanal yang benar; analisis per kanal belum dapat dipercaya sebelum itu.
R03,4742,2020-08-07,LUTOSA-001,LUTOSA SHOESTRING 1000 GR X 10 PACK,5.0,PACK,28000.0,140000.0,KOPERASI KUSUMA BAKTI,2,referensial,peringatan,Pelanggan tercatat pada >1 kode kanal,perbaiki,Tentukan kanal yang benar; analisis per kanal belum dapat dipercaya sebelum itu.
R03,4743,2020-08-07,JOF-022,JOFRANS NUGGET AYAM REG. 225 GR X 24 PAK,1.0,DUS,240000.0,240000.0,KOPERASI KUSUMA BAKTI,2,referensial,peringatan,Pelanggan tercatat pada >1 kode kanal,perbaiki,Tentukan kanal yang benar; analisis per kanal belum dapat dipercaya sebelum itu.
R03,4744,2020-08-07,JOF-024,JOFRANS NUGGET AYAM STICKY 500 GR X 12,1.0,DUS,216000.0,216000.0,KOPERASI KUSUMA BAKTI,2,referensial,peringatan,Pelanggan tercatat pada >1 kode kanal,perbaiki,Tentukan kanal yang benar; analisis per kanal belum dapat dipercaya sebelum itu.
R03,4745,2020-08-07,JOF-002,JOFRANS NUGGET AYAM REG. 500 GR X 12 PAK,1.0,DUS,216000.0,216000.0,KOPERASI KUSUMA BAKTI,2,referensial,peringatan,Pelanggan tercatat pada >1 kode kanal,perbaiki,Tentukan kanal yang benar; analisis per kanal belum dapat dipercaya sebelum itu.
R03,4746,2020-08-07,BLF-001,BELFOODS SOSIS AYAM 500 GR X 12 PACK,1.0,DUS,204000.0,204000.0,KOPERASI KUSUMA BAKTI,2,referensial,peringatan,Pelanggan tercatat pada >1 kode kanal,perbaiki,Tentukan kanal yang benar; analisis per kanal belum dapat dipercaya sebelum itu.
R03,4747,2020-08-07,BONJU-001,BONJU CIRENG SALJU KUAH RUJAK,10.0,PACK,16000.0,160000.0,KOPERASI KUSUMA BAKTI,2,referensial,peringatan,Pelanggan tercatat pada >1 kode kanal,perbaiki,Tentukan kanal yang benar; analisis per kanal belum dapat dipercaya sebelum itu.
R03,4748,2020-08-07,BAKSO-004,ILM SUKOI 500 GR,10.0,PACK,14000.0,140000.0,KOPERASI KUSUMA BAKTI,2,referensial,peringatan,Pelanggan tercatat pada >1 kode kanal,perbaiki,Tentukan kanal yang benar; analisis per kanal belum dapat dipercaya sebelum itu.
R03,4749,2020-08-07,SINGKONG-001,SINGKONG KEJU 500 GR,5.0,PACK,12500.0,62500.0,KOPERASI KUSUMA BAKTI,2,referensial,peringatan,Pelanggan tercatat pada >1 kode kanal,perbaiki,Tentukan kanal yang benar; analisis per kanal belum dapat dipercaya sebelum itu.
R03,4750,2020-08-07,OKEY-001,OKEY SOSIS 500 GR X 20 PACK,1.0,DUS,380000.0,380000.0,SRC BUNDA,2,referensial,peringatan,Pelanggan tercatat pada >1 kode kanal,perbaiki,Tentukan kanal yang benar; analisis per kanal belum dapat dipercaya sebelum itu.
R03,4751,2020-08-07,JOF-023,JOFRANS NUGGET AYAM HATI 500 GR X 12 PAK,1.0,DUS,216000.0,216000.0,SRC BUNDA,2,referensial,peringatan,Pelanggan tercatat pada >1 kode kanal,perbaiki,Tentukan kanal yang benar; analisis per kanal belum dapat dipercaya sebelum itu.
R03,4752,2020-08-07,WEI-001,WEI WANG COKLAT X 12 PACK,5.0,PACK,16000.0,80000.0,SRC BUNDA,3,referensial,peringatan,Pelanggan tercatat pada >1 kode kanal,perbaiki,Tentukan kanal yang benar; analisis per kanal belum dapat dipercaya sebelum itu.
R03,4771,2020-08-08,EURIAL-001,EURIAL MOZZARELLA CHEESE 4 X 2.5 KG,2.0,DUS,960000.0,1920000.0,HARUM MANIS,2,referensial,peringatan,Pelanggan tercatat pada >1 kode kanal,perbaiki,Tentukan kanal yang benar; analisis per kanal belum dapat dipercaya sebelum itu.
R03,4936,2020-08-12,BART-002,BART'S SHOESTRING 1 KG X 10 PACK,1.0,DUS,250000.0,250000.0,PAK ERWIN,2,referensial,peringatan,Pelanggan tercatat pada >1 kode kanal,perbaiki,Tentukan kanal yang benar; analisis per kanal belum dapat dipercaya sebelum itu.
R03,5266,2020-08-22,MIT-019,MITRAKU BAKSO IKAN ISI AYAM 500 GR X 20,6.0,PACK,28000.0,168000.0,HARUM MANIS,2,referensial,peringatan,Pelanggan tercatat pada >1 kode kanal,perbaiki,Tentukan kanal yang benar; analisis per kanal belum dapat dipercaya sebelum itu.
R03,5267,2020-08-22,MIT-017,MITRAKU BAKSO IKAN ISI KEJU 500 GR X 20,6.0,PACK,28000.0,168000.0,HARUM MANIS,2,referensial,peringatan,Pelanggan tercatat pada >1 kode kanal,perbaiki,Tentukan kanal yang benar; analisis per kanal belum dapat dipercaya sebelum itu.
R03,5268,2020-08-22,MIT-018,MITRAKU BAKSO IKAN ISI TUNA 500 GR X 20,6.0,PACK,28000.0,168000.0,HARUM MANIS,2,referensial,peringatan,Pelanggan tercatat pada >1 kode kanal,perbaiki,Tentukan kanal yang benar; analisis per kanal belum dapat dipercaya sebelum itu.
R03,5269,2020-08-22,JOF-003,JOFRANS SPICY WING 500 GR X 12 PACK,6.0,PACK,43000.0,258000.0,HARUM MANIS,2,referensial,peringatan,Pelanggan tercatat pada >1 kode kanal,perbaiki,Tentukan kanal yang benar; analisis per kanal belum dapat dipercaya sebelum itu.
R03,5270,2020-08-22,JOF-023,JOFRANS NUGGET AYAM HATI 500 GR X 12 PAK,6.0,PACK,18000.0,108000.0,HARUM MANIS,2,referensial,peringatan,Pelanggan tercatat pada >1 kode kanal,perbaiki,Tentukan kanal yang benar; analisis per kanal belum dapat dipercaya sebelum itu.
R03,5271,2020-08-22,JOF-027,JOFRANS BURGER AYAM (PATTIES) 900GR X 12,6.0,PACK,40000.0,240000.0,HARUM MANIS,2,referensial,peringatan,Pelanggan tercatat pada >1 kode kanal,perbaiki,Tentukan kanal yang benar; analisis per kanal belum dapat dipercaya sebelum itu.
R03,5272,2020-08-22,JOF-009,JOFRANS BURGER SAPI (PATTIES) 900GR X 12,6.0,PACK,48000.0,288000.0,HARUM MANIS,2,referensial,peringatan,Pelanggan tercatat pada >1 kode kanal,perbaiki,Tentukan kanal yang benar; analisis per kanal belum dapat dipercaya sebelum itu.
R03,5440,2020-08-26,MIN-001,MINAKU OTAK OTAK 500 GR X 20 PACK,2.0,DUS,310000.0,620000.0,PAK ERWIN,2,referensial,peringatan,Pelanggan tercatat pada >1 kode kanal,perbaiki,Tentukan kanal yang benar; analisis per kanal belum dapat dipercaya sebelum itu.
R03,5489,2020-08-29,OKEY-001,OKEY SOSIS 500 GR X 20 PACK,1.0,DUS,380000.0,380000.0,KOPERASI KUSUMA BAKTI,2,referensial,peringatan,Pelanggan tercatat pada >1 kode kanal,perbaiki,Tentukan kanal yang benar; analisis per kanal belum dapat dipercaya sebelum itu.
R03,5490,2020-08-29,OKEY-003,OKEY STICK 500 GR X 10 PACK,1.0,DUS,195000.0,195000.0,KOPERASI KUSUMA BAKTI,2,referensial,peringatan,Pelanggan tercatat pada >1 kode kanal,perbaiki,Tentukan kanal yang benar; analisis per kanal belum dapat dipercaya sebelum itu.
R03,5491,2020-08-29,BLF-001,BELFOODS SOSIS AYAM 500 GR X 12 PACK,1.0,DUS,204000.0,204000.0,KOPERASI KUSUMA BAKTI,2,referensial,peringatan,Pelanggan tercatat pada >1 kode kanal,perbaiki,Tentukan kanal yang benar; analisis per kanal belum dapat dipercaya sebelum itu.
R03,5492,2020-08-29,MIN-001,MINAKU OTAK OTAK 500 GR X 20 PACK,1.0,DUS,360000.0,360000.0,KOPERASI KUSUMA BAKTI,2,referensial,peringatan,Pelanggan tercatat pada >1 kode kanal,perbaiki,Tentukan kanal yang benar; analisis per kanal belum dapat dipercaya sebelum itu.
R03,5496,2020-08-29,OKEY-003,OKEY STICK 500 GR X 10 PACK,4.0,DUS,195000.0,780000.0,PUTRA TUNGGAL,2,referensial,peringatan,Pelanggan tercatat pada >1 kode kanal,perbaiki,Tentukan kanal yang benar; analisis per kanal belum dapat dipercaya sebelum itu.
R03,5497,2020-08-29,OKEY-001,OKEY SOSIS 500 GR X 20 PACK,3.0,DUS,380000.0,1140000.0,PUTRA TUNGGAL,2,referensial,peringatan,Pelanggan tercatat pada >1 kode kanal,perbaiki,Tentukan kanal yang benar; analisis per kanal belum dapat dipercaya sebelum itu.
R03,5498,2020-08-29,OKEY-003,OKEY STICK 500 GR X 10 PACK,1.0,DUS,195000.0,195000.0,SRC BUNDA,2,referensial,peringatan,Pelanggan tercatat pada >1 kode kanal,perbaiki,Tentukan kanal yang benar; analisis per kanal belum dapat dipercaya sebelum itu.
R03,5499,2020-08-29,OKEY-001,OKEY SOSIS 500 GR X 20 PACK,1.0,DUS,380000.0,380000.0,TOKO HASAN,2,referensial,peringatan,Pelanggan tercatat pada >1 kode kanal,perbaiki,Tentukan kanal yang benar; analisis per kanal belum dapat dipercaya sebelum itu.
R03,5500,2020-08-29,OKEY-003,OKEY STICK 500 GR X 10 PACK,4.0,DUS,195000.0,780000.0,TOKO HASAN,2,referensial,peringatan,Pelanggan tercatat pada >1 kode kanal,perbaiki,Tentukan kanal yang benar; analisis per kanal belum dapat dipercaya sebelum itu.
R03,5501,2020-08-29,BART-002,BART'S SHOESTRING 1 KG X 10 PACK,1.0,DUS,260000.0,260000.0,TOKO HASAN,2,referensial,peringatan,Pelanggan tercatat pada >1 kode kanal,perbaiki,Tentukan kanal yang benar; analisis per kanal belum dapat dipercaya sebelum itu.
R03,5502,2020-08-29,BLF-001,BELFOODS SOSIS AYAM 500 GR X 12 PACK,1.0,DUS,204000.0,204000.0,TOKO HASAN,2,referensial,peringatan,Pelanggan tercatat pada >1 kode kanal,perbaiki,Tentukan kanal yang benar; analisis per kanal belum dapat dipercaya sebelum itu.
R03,5503,2020-08-29,MIN-001,MINAKU OTAK OTAK 500 GR X 20 PACK,1.0,DUS,360000.0,360000.0,TOKO HASAN,2,referensial,peringatan,Pelanggan tercatat pada >1 kode kanal,perbaiki,Tentukan kanal yang benar; analisis per kanal belum dapat dipercaya sebelum itu.
R03,6551,2020-09-24,BLF-001,BELFOODS SOSIS AYAM 500 GR X 12 PACK,2.0,DUS,210000.0,420000.0,TOKO AQILA,2,referensial,peringatan,Pelanggan tercatat pada >1 kode kanal,perbaiki,Tentukan kanal yang benar; analisis per kanal belum dapat dipercaya sebelum itu.
R03,6557,2020-09-24,JOF-022,JOFRANS NUGGET AYAM REG. 225 GR X 24 PAK,1.0,DUS,252000.0,252000.0,PUTRA TUNGGAL,2,referensial,peringatan,Pelanggan tercatat pada >1 kode kanal,perbaiki,Tentukan kanal yang benar; analisis per kanal belum dapat dipercaya sebelum itu.
R03,6563,2020-09-24,LIPAO-001,LI PAO COKLAT,10.0,PACK,15000.0,150000.0,KOPERASI KUSUMA BAKTI,2,referensial,peringatan,Pelanggan tercatat pada >1 kode kanal,perbaiki,Tentukan kanal yang benar; analisis per kanal belum dapat dipercaya sebelum itu.
R03,6569,2020-09-24,MIN-001,MINAKU OTAK OTAK 500 GR X 20 PACK,1.0,DUS,360000.0,360000.0,TOKO HASAN,2,referensial,peringatan,Pelanggan tercatat pada >1 kode kanal,perbaiki,Tentukan kanal yang benar; analisis per kanal belum dapat dipercaya sebelum itu.
R03,6573,2020-09-24,OKEY-002,OKEY SOSIS 1000 GR X 10 PACK,5.0,PACK,37000.0,185000.0,SRC BUNDA,2,referensial,peringatan,Pelanggan tercatat pada >1 kode kanal,perbaiki,Tentukan kanal yang benar; analisis per kanal belum dapat dipercaya sebelum itu.
R03,6574,2020-09-24,OKEY-003,OKEY STICK 500 GR X 10 PACK,1.0,DUS,195000.0,195000.0,SRC BUNDA,2,referensial,peringatan,Pelanggan tercatat pada >1 kode kanal,perbaiki,Tentukan kanal yang benar; analisis per kanal belum dapat dipercaya sebelum itu.
R03,6575,2020-09-24,OKEY-003,OKEY STICK 500 GR X 10 PACK,3.0,DUS,195000.0,585000.0,PUTRA TUNGGAL,2,referensial,peringatan,Pelanggan tercatat pada >1 kode kanal,perbaiki,Tentukan kanal yang benar; analisis per kanal belum dapat dipercaya sebelum itu.
R03,6576,2020-09-24,OKEY-004,OKEY STICK 1000 GR X 5 PACK,3.0,DUS,190000.0,570000.0,PUTRA TUNGGAL,2,referensial,peringatan,Pelanggan tercatat pada >1 kode kanal,perbaiki,Tentukan kanal yang benar; analisis per kanal belum dapat dipercaya sebelum itu.
R03,6579,2020-09-24,VIGO-001,VIGO SOSIS AYAM PANJANG 450 GR X 20 PACK,1.0,DUS,300000.0,300000.0,KOPERASI KUSUMA BAKTI,2,referensial,peringatan,Pelanggan tercatat pada >1 kode kanal,perbaiki,Tentukan kanal yang benar; analisis per kanal belum dapat dipercaya sebelum itu.
R03,6732,2020-09-30,ARTHUR-001,ARTHUR SHOESTRING 2.5 KG X 4 PACK,3.0,DUS,250000.0,750000.0,HARUM MANIS,5,referensial,peringatan,Pelanggan tercatat pada >1 kode kanal,perbaiki,Tentukan kanal yang benar; analisis per kanal belum dapat dipercaya sebelum itu.
R03,6745,2020-09-30,JOF-004,JOFRANS SOSIS BAKAR (ORI) 500 GR X 12,12.0,PACK,29000.0,348000.0,HARUM MANIS,2,referensial,peringatan,Pelanggan tercatat pada >1 kode kanal,perbaiki,Tentukan kanal yang benar; analisis per kanal belum dapat dipercaya sebelum itu.
R03,6746,2020-09-30,JOF-006,JOFRANS BASO AYAM 500 GR X 15 PACK,15.0,PACK,25500.0,382500.0,HARUM MANIS,2,referensial,peringatan,Pelanggan tercatat pada >1 kode kanal,perbaiki,Tentukan kanal yang benar; analisis per kanal belum dapat dipercaya sebelum itu.
R03,6747,2020-09-30,JOF-008,JOFRANS BASO SAPI 500 GR X 15 PACK,15.0,PACK,31500.0,472500.0,HARUM MANIS,2,referensial,peringatan,Pelanggan tercatat pada >1 kode kanal,perbaiki,Tentukan kanal yang benar; analisis per kanal belum dapat dipercaya sebelum itu.
R03,6749,2020-09-30,JOF-016,JOFRANS SOSIS BRATW(LADA HITAM) 500GRX12,12.0,PACK,30000.0,360000.0,HARUM MANIS,3,referensial,peringatan,Pelanggan tercatat pada >1 kode kanal,perbaiki,Tentukan kanal yang benar; analisis per kanal belum dapat dipercaya sebelum itu.
R03,6764,2020-09-30,MIT-002,MITRAKU BAKSO IKAN 400 GR X 23 PACK,7.0,PACK,19300.0,135100.0,HARUM MANIS,2,referensial,peringatan,Pelanggan tercatat pada >1 kode kanal,perbaiki,Tentukan kanal yang benar; analisis per kanal belum dapat dipercaya sebelum itu.
S01,1030,2020-04-30,LUTOSA-001,LUTOSA SHOESTRING 1000 GR X 10 PACK,1.0,PACK,15000.0,15000.0,FADIL ANAK BOS,3,pencilan,peringatan,Harga menyimpang >30% dari median SKU+satuan yang sama,tandai,Kandidat salah ketik harga atau harga khusus — cek nota aslinya.
S01,1845,2020-05-29,CONE-004,CONE TP 13 ISI 40 ( KECIL ),2.0,BKS,7000.0,14000.0,CASH,2,pencilan,peringatan,Harga menyimpang >30% dari median SKU+satuan yang sama,tandai,Kandidat salah ketik harga atau harga khusus — cek nota aslinya.
S01,2106,2020-06-03,DEN-002,DEN BAGUS BINTANG ISI 13 X 50 PACK,27.0,PACK,4000.0,108000.0,TOKO CITA RASA BARU,3,pencilan,peringatan,Harga menyimpang >30% dari median SKU+satuan yang sama,tandai,Kandidat salah ketik harga atau harga khusus — cek nota aslinya.
S01,2215,2020-06-05,LUTOSA-001,LUTOSA SHOESTRING 1000 GR X 10 PACK,2.0,PACK,15000.0,30000.0,FADIL ANAK BOS,3,pencilan,peringatan,Harga menyimpang >30% dari median SKU+satuan yang sama,tandai,Kandidat salah ketik harga atau harga khusus — cek nota aslinya.
S01,2826,2020-06-22,LUTOSA-001,LUTOSA SHOESTRING 1000 GR X 10 PACK,2.0,PACK,15000.0,30000.0,FADIL ANAK BOS,3,pencilan,peringatan,Harga menyimpang >30% dari median SKU+satuan yang sama,tandai,Kandidat salah ketik harga atau harga khusus — cek nota aslinya.
S01,4098,2020-07-23,DEN-011,DEN BAGUS AYAM ISI 13 X 40 PACK,6.0,PACK,6000.0,36000.0,CASH,2,pencilan,peringatan,Harga menyimpang >30% dari median SKU+satuan yang sama,tandai,Kandidat salah ketik harga atau harga khusus — cek nota aslinya.
S01,6165,2020-09-16,SHIF-003,SHIFUDO FISH ROLL 250 GR X 20 PACK,2.0,DUS,262500.0,525000.0,ANJANI FROZEN FOOD,3,pencilan,peringatan,Harga menyimpang >30% dari median SKU+satuan yang sama,tandai,Kandidat salah ketik harga atau harga khusus — cek nota aslinya.
T02,5546,2020-08-30,OKEY-003,OKEY STICK 500 GR X 10 PACK,1.0,DUS,180000.0,180000.0,PAK PEPI,2,temporal,peringatan,Transaksi pada hari Minggu (di luar pola operasional),tandai,Cek apakah tanggalnya benar — hampir semua Minggu tidak ada penjualan.
